TransactionID,Suburb,Date,PropertyType,Price,Bedrooms,Bathrooms,Car_Spaces,Landsize,Price_per_sqm,Suburb_Median,Price_Deviation
1,Balwyn North,2016-09-03,Townhouse,1315000.0,3,2.0,2.0,260.0,5057.692307692308,1740000.0,-0.2442528735632184
2,Balwyn North,2016-09-03,House,1500000.0,3,2.0,1.0,778.0,1928.0205655526993,1740000.0,-0.1379310344827586
3,Balwyn North,2016-09-03,House,3230000.0,4,4.0,3.0,1135.0,2845.814977973568,1740000.0,0.8563218390804598
4,Balwyn North,2016-09-03,House,1080000.0,2,1.0,1.0,253.0,4268.774703557312,1740000.0,-0.3793103448275862
5,Balwyn North,2016-12-03,House,1350000.0,7,2.0,0.0,942.0,1433.1210191082805,1740000.0,-0.2241379310344827
6,Balwyn North,2016-12-03,House,1905000.0,4,2.0,2.0,647.0,2944.3585780525505,1740000.0,0.0948275862068965
7,Balwyn North,2016-12-03,House,3300000.0,5,4.0,2.0,760.0,4342.105263157895,1740000.0,0.896551724137931
8,Balwyn North,2016-12-03,House,1900000.0,4,2.0,2.0,642.0,2959.5015576323985,1740000.0,0.0919540229885057
9,Balwyn North,2016-12-03,House,2251000.0,3,1.0,2.0,888.0,2534.90990990991,1740000.0,0.2936781609195402
10,Balwyn North,2016-12-03,House,2205000.0,4,2.0,2.0,750.0,2940.0,1740000.0,0.2672413793103448
11,Balwyn North,2016-12-03,House,1265000.0,3,2.0,1.0,347.0,3645.533141210374,1740000.0,-0.2729885057471264
12,Balwyn North,2017-03-04,House,2000000.0,3,1.0,3.0,772.0,2590.6735751295337,1740000.0,0.1494252873563218
13,Balwyn North,2017-03-04,House,1750000.0,4,2.0,2.0,673.0,2600.297176820208,1740000.0,0.0057471264367816
14,Balwyn North,2017-03-04,House,1450000.0,3,1.0,2.0,665.0,2180.4511278195487,1740000.0,-0.1666666666666666
15,Balwyn North,2017-03-04,House,2614000.0,4,2.0,2.0,772.0,3386.0103626943005,1740000.0,0.5022988505747127
16,Balwyn North,2017-03-04,House,1825000.0,4,2.0,3.0,736.0,2479.6195652173915,1740000.0,0.0488505747126436
17,Balwyn North,2017-03-04,House,2550000.0,4,1.0,4.0,847.0,3010.625737898465,1740000.0,0.4655172413793103
18,Balwyn North,2016-06-04,House,1570000.0,4,2.0,1.0,546.0,2875.4578754578756,1740000.0,-0.0977011494252873
19,Balwyn North,2016-08-06,House,3250000.0,5,4.0,2.0,886.0,3668.171557562077,1740000.0,0.867816091954023
20,Balwyn North,2016-08-06,House,1750000.0,4,3.0,3.0,667.0,2623.688155922039,1740000.0,0.0057471264367816
21,Balwyn North,2016-08-06,Townhouse,1150000.0,3,2.0,1.0,207.0,5555.555555555556,1740000.0,-0.3390804597701149
22,Balwyn North,2016-08-06,House,1575000.0,3,2.0,2.0,645.0,2441.860465116279,1740000.0,-0.0948275862068965
23,Balwyn North,2016-05-07,House,1505000.0,6,2.0,2.0,724.0,2078.729281767956,1740000.0,-0.1350574712643678
24,Balwyn North,2016-05-07,House,1572000.0,4,2.0,2.0,662.0,2374.6223564954685,1740000.0,-0.096551724137931
25,Balwyn North,2016-05-07,House,1500000.0,4,2.0,2.0,610.0,2459.0163934426228,1740000.0,-0.1379310344827586
26,Balwyn North,2016-05-07,Townhouse,1400000.0,4,2.0,1.0,283.0,4946.9964664310955,1740000.0,-0.1954022988505747
27,Balwyn North,2016-11-07,House,1750000.0,5,3.0,2.0,705.0,2482.2695035460993,1740000.0,0.0057471264367816
28,Balwyn North,2016-11-07,House,1850000.0,4,2.0,2.0,619.0,2988.691437802908,1740000.0,0.0632183908045977
29,Balwyn North,2016-11-07,House,1480000.0,3,1.0,2.0,992.0,1491.9354838709678,1740000.0,-0.1494252873563218
30,Balwyn North,2016-10-08,House,1400000.0,4,2.0,2.0,714.0,1960.7843137254904,1740000.0,-0.1954022988505747
31,Balwyn North,2016-10-08,House,2130000.0,4,3.0,2.0,1274.0,1671.899529042386,1740000.0,0.2241379310344827
32,Balwyn North,2016-10-08,Unit,1050000.0,3,2.0,2.0,244.0,4303.2786885245905,1740000.0,-0.396551724137931
33,Balwyn North,2016-10-08,House,3690000.0,5,4.0,2.0,624.0,5913.461538461538,1740000.0,1.1206896551724137
34,Balwyn North,2016-09-10,House,1740000.0,4,2.0,2.0,610.0,2852.4590163934427,1740000.0,0.0
35,Balwyn North,2016-09-10,House,2575000.0,4,3.0,2.0,657.0,3919.330289193303,1740000.0,0.4798850574712643
36,Balwyn North,2016-09-10,House,1388800.0,4,2.0,1.0,517.0,2686.2669245647967,1740000.0,-0.2018390804597701
37,Balwyn North,2016-12-10,House,1702000.0,4,2.0,2.0,715.0,2380.4195804195806,1740000.0,-0.0218390804597701
38,Balwyn North,2016-12-10,House,1800000.0,4,2.0,4.0,587.0,3066.4395229982965,1740000.0,0.0344827586206896
39,Balwyn North,2016-12-10,House,2910000.0,4,3.0,2.0,1070.0,2719.626168224299,1740000.0,0.6724137931034483
40,Balwyn North,2016-12-10,House,1400000.0,2,1.0,1.0,694.0,2017.2910662824208,1740000.0,-0.1954022988505747
41,Balwyn North,2016-12-10,Townhouse,860000.0,2,2.0,2.0,204.0,4215.686274509804,1740000.0,-0.5057471264367817
42,Balwyn North,2017-03-11,House,1670000.0,4,3.0,2.0,689.0,2423.802612481858,1740000.0,-0.0402298850574712
43,Balwyn North,2016-06-12,House,1500000.0,5,1.0,1.0,800.0,1875.0,1740000.0,-0.1379310344827586
44,Balwyn North,2016-06-12,House,2200000.0,5,3.0,2.0,900.0,2444.4444444444443,1740000.0,0.264367816091954
45,Balwyn North,2016-11-12,House,1350000.0,4,2.0,2.0,815.0,1656.441717791411,1740000.0,-0.2241379310344827
46,Balwyn North,2016-11-12,House,2070000.0,5,2.0,1.0,1138.0,1818.980667838313,1740000.0,0.1896551724137931
47,Balwyn North,2016-11-12,House,1300000.0,3,1.0,2.0,464.0,2801.7241379310344,1740000.0,-0.2528735632183908
48,Balwyn North,2016-08-13,House,1700000.0,3,2.0,3.0,763.0,2228.0471821756228,1740000.0,-0.0229885057471264
49,Balwyn North,2016-08-13,House,1750000.0,3,1.0,2.0,854.0,2049.1803278688526,1740000.0,0.0057471264367816
50,Balwyn North,2016-05-14,House,980000.0,3,1.0,1.0,542.0,1808.1180811808115,1740000.0,-0.4367816091954023
51,Balwyn North,2016-05-14,House,1230000.0,3,3.0,1.0,310.0,3967.7419354838703,1740000.0,-0.293103448275862
52,Balwyn North,2016-05-14,House,2600000.0,7,3.0,3.0,637.0,4081.6326530612246,1740000.0,0.4942528735632184
53,Balwyn North,2016-05-14,House,1950000.0,4,3.0,2.0,665.0,2932.33082706767,1740000.0,0.1206896551724138
54,Balwyn North,2016-10-15,House,1750000.0,5,2.0,2.0,710.0,2464.788732394366,1740000.0,0.0057471264367816
55,Balwyn North,2016-10-15,House,2000000.0,5,2.0,2.0,1002.0,1996.007984031936,1740000.0,0.1494252873563218
56,Balwyn North,2016-10-15,House,1480000.0,3,1.0,4.0,605.0,2446.280991735537,1740000.0,-0.1494252873563218
57,Balwyn North,2016-10-15,House,3000000.0,4,3.0,2.0,1247.0,2405.7738572574176,1740000.0,0.7241379310344828
58,Balwyn North,2016-10-15,House,1818000.0,3,1.0,1.0,722.0,2518.005540166205,1740000.0,0.0448275862068965
59,Balwyn North,2016-04-16,House,2170000.0,4,2.0,2.0,1040.0,2086.5384615384614,1740000.0,0.2471264367816092
60,Balwyn North,2016-04-16,House,2525000.0,4,2.0,2.0,1235.0,2044.5344129554655,1740000.0,0.4511494252873563
61,Balwyn North,2016-04-16,House,3360000.0,4,3.0,1.0,904.0,3716.814159292035,1740000.0,0.9310344827586208
62,Balwyn North,2016-07-16,House,1620000.0,4,2.0,1.0,654.0,2477.064220183486,1740000.0,-0.0689655172413793
63,Balwyn North,2016-07-16,House,1903000.0,3,1.0,2.0,713.0,2669.0042075736324,1740000.0,0.0936781609195402
64,Balwyn North,2016-09-17,House,1712000.0,4,2.0,2.0,639.0,2679.186228482003,1740000.0,-0.0160919540229885
65,Balwyn North,2017-03-18,House,1720000.0,4,3.0,2.0,869.0,1979.2865362485616,1740000.0,-0.0114942528735632
66,Balwyn North,2017-03-18,House,1670000.0,4,1.0,4.0,1042.0,1602.6871401151632,1740000.0,-0.0402298850574712
67,Balwyn North,2017-03-18,House,1350000.0,2,1.0,2.0,467.0,2890.7922912205568,1740000.0,-0.2241379310344827
68,Balwyn North,2017-03-18,House,1675000.0,4,2.0,2.0,667.0,2511.244377811094,1740000.0,-0.0373563218390804
69,Balwyn North,2017-03-18,Townhouse,1680000.0,4,3.0,1.0,362.0,4640.883977900552,1740000.0,-0.0344827586206896
70,Balwyn North,2016-06-18,House,1800000.0,3,1.0,1.0,809.0,2224.9690976514216,1740000.0,0.0344827586206896
71,Balwyn North,2016-06-18,House,1550000.0,4,3.0,4.0,707.0,2192.3620933521925,1740000.0,-0.1091954022988505
72,Balwyn North,2016-06-18,House,4000000.0,5,5.0,4.0,1364.0,2932.551319648094,1740000.0,1.2988505747126438
73,Balwyn North,2016-06-18,House,2900000.0,3,2.0,2.0,917.0,3162.4863685932387,1740000.0,0.6666666666666666
74,Balwyn North,2016-11-19,House,2205000.0,4,2.0,2.0,1010.0,2183.168316831683,1740000.0,0.2672413793103448
75,Balwyn North,2016-11-19,Townhouse,1137000.0,3,2.0,2.0,349.0,3257.8796561604586,1740000.0,-0.346551724137931
76,Balwyn North,2016-11-19,House,2100000.0,3,2.0,3.0,949.0,2212.8556375131716,1740000.0,0.2068965517241379
77,Balwyn North,2016-05-22,House,1389000.0,2,1.0,4.0,701.0,1981.4550641940089,1740000.0,-0.2017241379310344
78,Balwyn North,2016-05-22,House,685000.0,2,1.0,1.0,177.0,3870.0564971751414,1740000.0,-0.6063218390804598
79,Balwyn North,2016-05-22,House,1900000.0,6,1.0,6.0,691.0,2749.6382054992764,1740000.0,0.0919540229885057
80,Balwyn North,2016-05-22,House,1335000.0,3,2.0,2.0,368.0,3627.717391304348,1740000.0,-0.2327586206896551
81,Balwyn North,2016-08-22,House,1600000.0,3,2.0,2.0,760.0,2105.2631578947367,1740000.0,-0.0804597701149425
82,Balwyn North,2016-08-22,House,1830000.0,3,2.0,2.0,493.0,3711.967545638945,1740000.0,0.0517241379310344
83,Balwyn North,2016-08-22,House,1900000.0,4,2.0,4.0,587.0,3236.7972742759794,1740000.0,0.0919540229885057
84,Balwyn North,2016-04-23,House,1500000.0,5,2.0,2.0,605.0,2479.3388429752067,1740000.0,-0.1379310344827586
85,Balwyn North,2016-04-23,Unit,735000.0,2,1.0,1.0,1075.0,683.7209302325581,1740000.0,-0.5775862068965517
86,Balwyn North,2016-09-24,Unit,1040000.0,2,1.0,1.0,250.0,4160.0,1740000.0,-0.4022988505747126
87,Balwyn North,2017-02-25,House,1520000.0,3,1.0,2.0,622.0,2443.7299035369774,1740000.0,-0.1264367816091954
88,Balwyn North,2017-02-25,House,1250000.0,4,2.0,2.0,644.0,1940.993788819876,1740000.0,-0.2816091954022988
89,Balwyn North,2017-02-25,House,1900000.0,6,3.0,2.0,808.0,2351.4851485148515,1740000.0,0.0919540229885057
90,Balwyn North,2016-06-27,House,1875000.0,5,3.0,2.0,842.0,2226.8408551068883,1740000.0,0.0775862068965517
91,Balwyn North,2016-06-27,House,1530000.0,4,2.0,2.0,701.0,2182.5962910128387,1740000.0,-0.1206896551724138
92,Balwyn North,2016-06-27,House,1700000.0,4,2.0,5.0,754.0,2254.641909814324,1740000.0,-0.0229885057471264
93,Balwyn North,2016-11-27,Townhouse,1238000.0,3,2.0,2.0,186.0,6655.913978494624,1740000.0,-0.2885057471264368
94,Balwyn North,2016-11-27,House,1320000.0,3,1.0,0.0,635.0,2078.740157480315,1740000.0,-0.2413793103448276
95,Balwyn North,2016-11-27,House,1651000.0,3,1.0,2.0,657.0,2512.937595129376,1740000.0,-0.0511494252873563
96,Balwyn North,2016-11-27,House,1920000.0,5,3.0,2.0,900.0,2133.3333333333335,1740000.0,0.1034482758620689
97,Balwyn North,2016-11-27,House,1560000.0,5,2.0,3.0,845.0,1846.1538461538464,1740000.0,-0.1034482758620689
98,Balwyn North,2016-05-28,House,1550000.0,5,2.0,0.0,942.0,1645.435244161359,1740000.0,-0.1091954022988505
99,Balwyn North,2016-05-28,House,1038000.0,3,2.0,1.0,207.0,5014.492753623188,1740000.0,-0.4034482758620689
100,Balwyn North,2016-05-28,House,1660000.0,5,3.0,2.0,737.0,2252.3744911804615,1740000.0,-0.0459770114942528
101,Balwyn North,2016-05-28,House,1260000.0,3,2.0,2.0,458.0,2751.0917030567684,1740000.0,-0.2758620689655172
102,Balwyn North,2016-08-28,House,2155000.0,4,2.0,3.0,620.0,3475.8064516129034,1740000.0,0.2385057471264367
103,Balwyn North,2016-08-28,House,1225000.0,3,2.0,2.0,282.0,4343.9716312056735,1740000.0,-0.2959770114942529
104,Balwyn North,2016-08-28,House,2150000.0,4,2.0,2.0,730.0,2945.205479452055,1740000.0,0.2356321839080459
105,Balwyn North,2016-08-28,House,1770000.0,3,2.0,1.0,720.0,2458.3333333333335,1740000.0,0.0172413793103448
106,Balwyn North,2016-07-30,House,1836000.0,5,2.0,2.0,939.0,1955.2715654952076,1740000.0,0.0551724137931034
107,Bentleigh,2016-09-03,Unit,636000.0,2,1.0,2.0,202.0,3148.5148514851485,1307000.0,-0.513389441469013
108,Bentleigh,2016-09-03,House,1275000.0,2,1.0,2.0,599.0,2128.5475792988314,1307000.0,-0.0244835501147666
109,Bentleigh,2016-09-03,Unit,875000.0,3,1.0,2.0,348.0,2514.367816091954,1307000.0,-0.3305279265493496
110,Bentleigh,2016-09-03,Townhouse,895000.0,3,2.0,2.0,362.0,2472.3756906077347,1307000.0,-0.3152257077276205
111,Bentleigh,2016-12-03,House,1550000.0,2,1.0,4.0,730.0,2123.2876712328766,1307000.0,0.1859219586840091
112,Bentleigh,2016-12-03,House,1420000.0,4,1.0,4.0,786.0,1806.6157760814249,1307000.0,0.0864575363427697
113,Bentleigh,2016-12-03,House,1425000.0,3,2.0,2.0,613.0,2324.63295269168,1307000.0,0.090283091048202
114,Bentleigh,2016-12-03,Townhouse,851000.0,2,1.0,1.0,140.0,6078.571428571428,1307000.0,-0.3488905891354246
115,Bentleigh,2016-02-04,House,1222500.0,3,2.0,2.0,299.0,4088.628762541806,1307000.0,-0.0646518745218056
116,Bentleigh,2017-03-04,House,1260000.0,4,2.0,2.0,793.0,1588.9029003783105,1307000.0,-0.0359602142310635
117,Bentleigh,2016-06-04,House,2700000.0,4,3.0,2.0,628.0,4299.363057324841,1307000.0,1.065799540933435
118,Bentleigh,2016-06-04,Townhouse,900000.0,3,2.0,1.0,418.0,2153.1100478468898,1307000.0,-0.3114001530221882
119,Bentleigh,2016-06-04,House,1005000.0,7,3.0,4.0,607.0,1655.683690280066,1307000.0,-0.2310635042081101
120,Bentleigh,2016-06-04,House,1317500.0,3,1.0,1.0,576.0,2287.3263888888887,1307000.0,0.0080336648814078
121,Bentleigh,2016-08-06,Townhouse,1435000.0,4,3.0,2.0,291.0,4931.27147766323,1307000.0,0.0979342004590665
122,Bentleigh,2016-08-06,House,1110000.0,3,1.0,2.0,692.0,1604.0462427745665,1307000.0,-0.1507268553940321
123,Bentleigh,2016-08-06,House,2435000.0,4,2.0,2.0,795.0,3062.893081761006,1307000.0,0.8630451415455241
124,Bentleigh,2016-05-07,House,1500000.0,3,2.0,1.0,565.0,2654.8672566371683,1307000.0,0.1476664116296863
125,Bentleigh,2016-11-07,House,1300000.0,4,2.0,2.0,697.0,1865.136298421808,1307000.0,-0.0053557765876052
126,Bentleigh,2016-11-07,House,855000.0,2,1.0,1.0,298.0,2869.1275167785234,1307000.0,-0.3458301453710788
127,Bentleigh,2016-10-08,House,1125000.0,3,1.0,2.0,584.0,1926.3698630136987,1307000.0,-0.1392501912777352
128,Bentleigh,2016-10-08,House,1135000.0,3,1.0,2.0,627.0,1810.207336523126,1307000.0,-0.1315990818668707
129,Bentleigh,2016-10-08,House,867000.0,3,2.0,1.0,578.0,1500.0,1307000.0,-0.3366488140780413
130,Bentleigh,2016-09-10,House,1328000.0,4,2.0,2.0,610.0,2177.0491803278687,1307000.0,0.0160673297628156
131,Bentleigh,2016-09-10,House,1340000.0,3,2.0,1.0,526.0,2547.528517110266,1307000.0,0.0252486610558531
132,Bentleigh,2016-09-10,Townhouse,1155000.0,4,3.0,2.0,271.0,4261.992619926199,1307000.0,-0.1162968630451415
133,Bentleigh,2016-09-10,House,1275000.0,3,1.0,4.0,758.0,1682.0580474934036,1307000.0,-0.0244835501147666
134,Bentleigh,2016-12-10,House,855000.0,2,1.0,1.0,296.0,2888.5135135135133,1307000.0,-0.3458301453710788
135,Bentleigh,2016-12-10,Townhouse,1100000.0,3,2.0,2.0,333.0,3303.303303303303,1307000.0,-0.1583779648048967
136,Bentleigh,2016-12-10,Unit,650000.0,2,1.0,1.0,116.0,5603.448275862069,1307000.0,-0.5026778882938026
137,Bentleigh,2016-12-10,House,1815000.0,4,2.0,4.0,902.0,2012.1951219512196,1307000.0,0.3886763580719204
138,Bentleigh,2016-12-10,House,2255000.0,4,3.0,2.0,557.0,4048.4739676840218,1307000.0,0.7253251721499617
139,Bentleigh,2017-02-11,House,1470000.0,3,2.0,2.0,613.0,2398.042414355628,1307000.0,0.1247130833970925
140,Bentleigh,2016-11-12,Unit,420000.0,2,1.0,0.0,1045.0,401.9138755980861,1307000.0,-0.6786534047436878
141,Bentleigh,2016-11-12,Unit,855000.0,2,2.0,3.0,226.0,3783.185840707965,1307000.0,-0.3458301453710788
142,Bentleigh,2016-11-12,House,1450000.0,4,1.0,1.0,567.0,2557.319223985891,1307000.0,0.1094108645753634
143,Bentleigh,2016-11-12,House,1200000.0,3,2.0,2.0,590.0,2033.8983050847455,1307000.0,-0.0818668706962509
144,Bentleigh,2016-11-12,House,1860000.0,4,2.0,3.0,855.0,2175.438596491228,1307000.0,0.423106350420811
145,Bentleigh,2016-08-13,Unit,725000.0,2,1.0,1.0,227.0,3193.8325991189427,1307000.0,-0.4452945677123183
146,Bentleigh,2016-10-15,House,1293000.0,3,1.0,1.0,632.0,2045.886075949367,1307000.0,-0.0107115531752104
147,Bentleigh,2016-10-15,House,1390000.0,3,1.0,2.0,723.0,1922.5449515905948,1307000.0,0.0635042081101759
148,Bentleigh,2016-10-15,House,1400000.0,3,2.0,1.0,699.0,2002.8612303290415,1307000.0,0.0711553175210405
149,Bentleigh,2016-10-15,House,1328000.0,3,2.0,2.0,690.0,1924.6376811594205,1307000.0,0.0160673297628156
150,Bentleigh,2016-10-15,Townhouse,1247000.0,4,2.0,3.0,354.0,3522.598870056497,1307000.0,-0.0459066564651874
151,Bentleigh,2016-10-15,House,1311000.0,3,2.0,2.0,592.0,2214.527027027027,1307000.0,0.0030604437643458
152,Bentleigh,2016-10-15,House,1100000.0,3,1.0,2.0,382.0,2879.581151832461,1307000.0,-0.1583779648048967
153,Bentleigh,2016-04-16,House,1327500.0,3,1.0,2.0,700.0,1896.428571428571,1307000.0,0.0156847742922723
154,Bentleigh,2016-04-16,House,1560000.0,4,3.0,1.0,695.0,2244.6043165467627,1307000.0,0.1935730680948737
155,Bentleigh,2016-07-16,House,1370000.0,3,1.0,2.0,624.0,2195.5128205128203,1307000.0,0.0482019892884468
156,Bentleigh,2016-07-16,House,1100000.0,3,1.0,2.0,632.0,1740.506329113924,1307000.0,-0.1583779648048967
157,Bentleigh,2016-07-16,House,1385000.0,4,2.0,1.0,576.0,2404.5138888888887,1307000.0,0.0596786534047436
158,Bentleigh,2016-09-17,Townhouse,1275000.0,3,2.0,2.0,309.0,4126.21359223301,1307000.0,-0.0244835501147666
159,Bentleigh,2016-09-17,House,1095000.0,3,2.0,1.0,581.0,1884.681583476764,1307000.0,-0.162203519510329
160,Bentleigh,2016-09-17,Unit,797500.0,2,1.0,2.0,321.0,2484.423676012461,1307000.0,-0.3898240244835501
161,Bentleigh,2017-03-18,Unit,725000.0,2,1.0,1.0,677.0,1070.901033973412,1307000.0,-0.4452945677123183
162,Bentleigh,2017-03-18,Townhouse,825000.0,3,2.0,2.0,147.0,5612.244897959184,1307000.0,-0.3687834736036725
163,Bentleigh,2016-06-18,House,1600000.0,5,3.0,2.0,772.0,2072.538860103627,1307000.0,0.224177505738332
164,Bentleigh,2016-06-18,House,1165000.0,3,1.0,2.0,694.0,1678.6743515850144,1307000.0,-0.1086457536342769
165,Bentleigh,2016-06-18,House,1355000.0,4,2.0,3.0,591.0,2292.7241962774956,1307000.0,0.0367253251721499
166,Bentleigh,2016-06-18,House,1910000.0,4,2.0,4.0,736.0,2595.108695652174,1307000.0,0.4613618974751339
167,Bentleigh,2016-11-19,House,1448000.0,3,2.0,3.0,568.0,2549.2957746478874,1307000.0,0.1078806426931905
168,Bentleigh,2016-11-19,Unit,820000.0,2,1.0,3.0,336.0,2440.4761904761904,1307000.0,-0.3726090283091048
169,Bentleigh,2016-05-22,House,1041000.0,4,2.0,1.0,292.0,3565.068493150685,1307000.0,-0.2035195103289977
170,Bentleigh,2016-08-22,House,1430000.0,4,2.0,2.0,611.0,2340.425531914894,1307000.0,0.0941086457536342
171,Bentleigh,2016-08-22,House,910000.0,2,1.0,2.0,274.0,3321.167883211679,1307000.0,-0.3037490436113236
172,Bentleigh,2016-08-22,House,2520000.0,4,4.0,2.0,579.0,4352.331606217616,1307000.0,0.928079571537873
173,Bentleigh,2016-09-24,House,1350000.0,3,1.0,1.0,617.0,2188.0064829821717,1307000.0,0.0328997704667176
174,Bentleigh,2016-09-24,Unit,635000.0,2,1.0,2.0,118.0,5381.35593220339,1307000.0,-0.5141545524100994
175,Bentleigh,2017-02-25,House,1280000.0,3,2.0,4.0,587.0,2180.579216354344,1307000.0,-0.0206579954093343
176,Bentleigh,2017-02-25,House,1900000.0,5,2.0,2.0,567.0,3350.970017636684,1307000.0,0.4537107880642693
177,Bentleigh,2017-02-25,House,1230000.0,3,1.0,2.0,676.0,1819.526627218935,1307000.0,-0.0589135424636572
178,Bentleigh,2017-02-25,House,1150000.0,4,2.0,2.0,384.0,2994.7916666666665,1307000.0,-0.1201224177505738
179,Bentleigh,2016-07-26,House,1650000.0,4,2.0,2.0,570.0,2894.7368421052633,1307000.0,0.2624330527926549
180,Bentleigh,2016-07-26,Townhouse,670000.0,2,2.0,1.0,123.0,5447.154471544715,1307000.0,-0.4873756694720734
181,Bentleigh,2016-11-27,Townhouse,680000.0,2,1.0,1.0,83.0,8192.77108433735,1307000.0,-0.4797245600612089
182,Bentleigh,2016-11-27,Townhouse,1320000.0,4,3.0,3.0,346.0,3815.028901734104,1307000.0,0.0099464422341239
183,Bentleigh,2016-11-27,House,1380000.0,4,1.0,2.0,580.0,2379.310344827586,1307000.0,0.0558530986993114
184,Bentleigh,2016-11-27,House,1900000.0,6,3.0,2.0,708.0,2683.6158192090397,1307000.0,0.4537107880642693
185,Bentleigh,2016-08-28,House,1535000.0,3,2.0,2.0,572.0,2683.5664335664337,1307000.0,0.1744452945677123
186,Bentleigh,2016-08-28,House,1281000.0,4,1.0,5.0,594.0,2156.5656565656564,1307000.0,-0.0198928844682478
187,Bentleigh,2016-08-28,Unit,1096000.0,3,2.0,2.0,292.0,3753.4246575342463,1307000.0,-0.1614384085692425
188,Bentleigh,2016-08-28,House,1385000.0,5,2.0,2.0,664.0,2085.843373493976,1307000.0,0.0596786534047436
189,Bentleigh,2016-08-28,Townhouse,1245000.0,4,2.0,2.0,345.0,3608.695652173913,1307000.0,-0.0474368783473603
190,Bentleigh,2016-08-28,House,2620000.0,4,4.0,2.0,579.0,4525.043177892919,1307000.0,1.0045906656465189
191,Bentleigh,2016-07-30,Unit,760000.0,2,1.0,1.0,192.0,3958.3333333333335,1307000.0,-0.4185156847742923
192,Bentleigh East,2016-09-03,House,1410000.0,2,1.0,2.0,768.0,1835.9375,1100000.0,0.2818181818181818
193,Bentleigh East,2016-09-03,Townhouse,760000.0,3,1.0,2.0,287.0,2648.0836236933796,1100000.0,-0.3090909090909091
194,Bentleigh East,2016-09-03,House,825000.0,2,2.0,1.0,176.0,4687.5,1100000.0,-0.25
195,Bentleigh East,2016-12-03,Unit,746000.0,2,1.0,2.0,281.0,2654.8042704626337,1100000.0,-0.3218181818181818
196,Bentleigh East,2016-12-03,Unit,580000.0,1,1.0,1.0,105.0,5523.809523809524,1100000.0,-0.4727272727272727
197,Bentleigh East,2016-12-03,House,1275000.0,5,2.0,2.0,683.0,1866.7642752562224,1100000.0,0.1590909090909091
198,Bentleigh East,2016-12-03,House,1206000.0,3,1.0,2.0,603.0,2000.0,1100000.0,0.0963636363636363
199,Bentleigh East,2017-03-04,Townhouse,1115000.0,3,2.0,2.0,297.0,3754.2087542087543,1100000.0,0.0136363636363636
200,Bentleigh East,2017-03-04,House,1190000.0,4,2.0,3.0,591.0,2013.5363790186125,1100000.0,0.0818181818181818
201,Bentleigh East,2017-03-04,Unit,1025000.0,3,2.0,2.0,384.0,2669.2708333333335,1100000.0,-0.0681818181818181
202,Bentleigh East,2017-03-04,Unit,740000.0,3,2.0,1.0,258.0,2868.217054263566,1100000.0,-0.3272727272727272
203,Bentleigh East,2017-03-04,House,1960000.0,4,2.0,4.0,601.0,3261.231281198003,1100000.0,0.7818181818181819
204,Bentleigh East,2016-06-04,Unit,495000.0,2,1.0,1.0,76.0,6513.1578947368425,1100000.0,-0.55
205,Bentleigh East,2016-06-04,Unit,570000.0,2,1.0,1.0,145.0,3931.034482758621,1100000.0,-0.4818181818181818
206,Bentleigh East,2016-06-04,House,1220000.0,4,2.0,2.0,585.0,2085.4700854700855,1100000.0,0.109090909090909
207,Bentleigh East,2016-06-04,House,885000.0,3,1.0,2.0,565.0,1566.3716814159293,1100000.0,-0.1954545454545454
208,Bentleigh East,2016-06-04,Townhouse,830000.0,3,2.0,2.0,292.0,2842.4657534246576,1100000.0,-0.2454545454545454
209,Bentleigh East,2016-06-04,House,1137500.0,4,1.0,2.0,696.0,1634.33908045977,1100000.0,0.034090909090909
210,Bentleigh East,2016-06-04,House,1100000.0,4,2.0,2.0,633.0,1737.7567140600315,1100000.0,0.0
211,Bentleigh East,2016-08-06,House,1040000.0,3,2.0,2.0,598.0,1739.1304347826087,1100000.0,-0.0545454545454545
212,Bentleigh East,2016-08-06,Townhouse,1210000.0,4,3.0,2.0,291.0,4158.07560137457,1100000.0,0.1
213,Bentleigh East,2016-08-06,Townhouse,1160000.0,4,2.0,2.0,321.0,3613.707165109034,1100000.0,0.0545454545454545
214,Bentleigh East,2016-05-07,House,1215000.0,3,2.0,3.0,730.0,1664.3835616438355,1100000.0,0.1045454545454545
215,Bentleigh East,2016-05-07,House,1200000.0,4,2.0,2.0,619.0,1938.610662358643,1100000.0,0.0909090909090909
216,Bentleigh East,2016-05-07,House,1050000.0,3,2.0,2.0,627.0,1674.641148325359,1100000.0,-0.0454545454545454
217,Bentleigh East,2016-05-07,House,950000.0,5,2.0,4.0,618.0,1537.2168284789643,1100000.0,-0.1363636363636363
218,Bentleigh East,2016-05-07,House,689000.0,2,1.0,1.0,169.0,4076.923076923077,1100000.0,-0.3736363636363636
219,Bentleigh East,2016-05-07,House,1400000.0,3,2.0,2.0,653.0,2143.9509954058194,1100000.0,0.2727272727272727
220,Bentleigh East,2016-05-07,House,965000.0,3,1.0,4.0,574.0,1681.184668989547,1100000.0,-0.1227272727272727
221,Bentleigh East,2016-05-07,House,1338000.0,3,2.0,2.0,610.0,2193.44262295082,1100000.0,0.2163636363636363
222,Bentleigh East,2016-05-07,Townhouse,800000.0,3,2.0,1.0,353.0,2266.28895184136,1100000.0,-0.2727272727272727
223,Bentleigh East,2016-05-07,Unit,651000.0,2,1.0,1.0,265.0,2456.603773584906,1100000.0,-0.4081818181818182
224,Bentleigh East,2016-05-07,House,920000.0,3,1.0,3.0,583.0,1578.0445969125217,1100000.0,-0.1636363636363636
225,Bentleigh East,2016-05-07,House,1390000.0,3,2.0,2.0,590.0,2355.93220338983,1100000.0,0.2636363636363636
226,Bentleigh East,2016-10-08,Unit,495000.0,2,1.0,1.0,96.0,5156.25,1100000.0,-0.55
227,Bentleigh East,2016-10-08,House,1100000.0,3,1.0,2.0,578.0,1903.1141868512111,1100000.0,0.0
228,Bentleigh East,2016-10-08,House,1100000.0,4,2.0,4.0,653.0,1684.5329249617153,1100000.0,0.0
229,Bentleigh East,2016-10-08,House,1355000.0,3,1.0,2.0,818.0,1656.479217603912,1100000.0,0.2318181818181818
230,Bentleigh East,2016-10-08,House,1206000.0,4,1.0,1.0,636.0,1896.2264150943397,1100000.0,0.0963636363636363
231,Bentleigh East,2016-09-10,House,1010000.0,2,1.0,1.0,597.0,1691.79229480737,1100000.0,-0.0818181818181818
232,Bentleigh East,2016-09-10,House,899000.0,3,1.0,1.0,583.0,1542.024013722127,1100000.0,-0.1827272727272727
233,Bentleigh East,2016-09-10,House,1415000.0,4,2.0,2.0,604.0,2342.7152317880796,1100000.0,0.2863636363636364
234,Bentleigh East,2016-12-10,Townhouse,1185000.0,4,2.0,2.0,305.0,3885.245901639344,1100000.0,0.0772727272727272
235,Bentleigh East,2016-12-10,Townhouse,1060000.0,4,3.0,1.0,313.0,3386.5814696485622,1100000.0,-0.0363636363636363
236,Bentleigh East,2016-12-10,Unit,716000.0,2,1.0,2.0,212.0,3377.3584905660377,1100000.0,-0.3490909090909091
237,Bentleigh East,2016-12-10,House,1550000.0,3,1.0,1.0,581.0,2667.814113597246,1100000.0,0.4090909090909091
238,Bentleigh East,2016-12-10,House,840000.0,3,2.0,2.0,697.0,1205.164992826399,1100000.0,-0.2363636363636363
239,Bentleigh East,2016-12-10,House,1110000.0,3,1.0,4.0,612.0,1813.7254901960785,1100000.0,0.009090909090909
240,Bentleigh East,2016-12-10,House,1106000.0,3,1.0,2.0,584.0,1893.835616438356,1100000.0,0.0054545454545454
241,Bentleigh East,2016-11-12,House,845000.0,3,2.0,2.0,295.0,2864.406779661017,1100000.0,-0.2318181818181818
242,Bentleigh East,2016-11-12,Townhouse,860000.0,3,2.0,1.0,254.0,3385.8267716535433,1100000.0,-0.2181818181818181
243,Bentleigh East,2016-11-12,House,1208000.0,3,1.0,1.0,747.0,1617.1352074966533,1100000.0,0.0981818181818181
244,Bentleigh East,2016-11-12,Townhouse,921000.0,3,2.0,2.0,167.0,5514.970059880239,1100000.0,-0.1627272727272727
245,Bentleigh East,2016-11-12,House,1165000.0,3,1.0,1.0,732.0,1591.5300546448088,1100000.0,0.059090909090909
246,Bentleigh East,2016-11-12,House,1270000.0,3,1.0,2.0,694.0,1829.971181556196,1100000.0,0.1545454545454545
247,Bentleigh East,2016-11-12,House,742500.0,2,1.0,1.0,300.0,2475.0,1100000.0,-0.325
248,Bentleigh East,2016-11-12,House,920000.0,3,2.0,2.0,578.0,1591.6955017301038,1100000.0,-0.1636363636363636
249,Bentleigh East,2016-08-13,House,1307000.0,3,2.0,4.0,684.0,1910.8187134502923,1100000.0,0.1881818181818181
250,Bentleigh East,2016-08-13,House,1010000.0,4,1.0,2.0,658.0,1534.954407294833,1100000.0,-0.0818181818181818
251,Bentleigh East,2016-08-13,House,702000.0,2,1.0,1.0,591.0,1187.8172588832488,1100000.0,-0.3618181818181818
252,Bentleigh East,2016-08-13,House,813000.0,2,1.0,1.0,306.0,2656.8627450980393,1100000.0,-0.2609090909090909
253,Bentleigh East,2016-05-14,Townhouse,805000.0,3,2.0,1.0,268.0,3003.731343283582,1100000.0,-0.2681818181818182
254,Bentleigh East,2016-05-14,House,880000.0,3,1.0,3.0,660.0,1333.3333333333333,1100000.0,-0.2
255,Bentleigh East,2016-05-14,House,1100000.0,4,2.0,1.0,274.0,4014.598540145985,1100000.0,0.0
256,Bentleigh East,2016-10-15,House,1085000.0,3,2.0,4.0,710.0,1528.1690140845071,1100000.0,-0.0136363636363636
257,Bentleigh East,2016-04-16,Townhouse,920000.0,3,2.0,1.0,343.0,2682.2157434402334,1100000.0,-0.1636363636363636
258,Bentleigh East,2016-04-16,House,1050000.0,3,1.0,4.0,726.0,1446.280991735537,1100000.0,-0.0454545454545454
259,Bentleigh East,2016-04-16,House,1560000.0,3,1.0,2.0,841.0,1854.9346016646848,1100000.0,0.4181818181818181
260,Bentleigh East,2016-04-16,House,800000.0,4,2.0,2.0,601.0,1331.1148086522462,1100000.0,-0.2727272727272727
261,Bentleigh East,2016-04-16,House,722000.0,2,2.0,1.0,201.0,3592.039800995025,1100000.0,-0.3436363636363636
262,Bentleigh East,2016-04-16,House,930000.0,3,1.0,2.0,588.0,1581.6326530612246,1100000.0,-0.1545454545454545
263,Bentleigh East,2016-04-16,House,921000.0,3,2.0,1.0,291.0,3164.9484536082473,1100000.0,-0.1627272727272727
264,Bentleigh East,2016-04-16,House,1035000.0,4,1.0,2.0,610.0,1696.72131147541,1100000.0,-0.059090909090909
265,Bentleigh East,2016-07-16,Unit,720000.0,3,2.0,1.0,228.0,3157.8947368421054,1100000.0,-0.3454545454545454
266,Bentleigh East,2016-07-16,House,1185000.0,3,1.0,2.0,618.0,1917.47572815534,1100000.0,0.0772727272727272
267,Bentleigh East,2016-07-16,House,1352000.0,4,2.0,2.0,618.0,2187.7022653721683,1100000.0,0.2290909090909091
268,Bentleigh East,2016-07-16,Townhouse,1005000.0,4,2.0,2.0,296.0,3395.2702702702704,1100000.0,-0.0863636363636363
269,Bentleigh East,2016-07-16,Unit,761000.0,2,1.0,2.0,282.0,2698.581560283688,1100000.0,-0.3081818181818181
270,Bentleigh East,2016-07-16,House,1600000.0,5,2.0,2.0,659.0,2427.9210925644916,1100000.0,0.4545454545454545
271,Bentleigh East,2016-09-17,House,1200000.0,3,1.0,1.0,721.0,1664.355062413315,1100000.0,0.0909090909090909
272,Bentleigh East,2016-09-17,House,780000.0,3,2.0,2.0,421.0,1852.731591448931,1100000.0,-0.2909090909090909
273,Bentleigh East,2016-09-17,Townhouse,1250000.0,4,2.0,2.0,314.0,3980.891719745223,1100000.0,0.1363636363636363
274,Bentleigh East,2016-09-17,House,750000.0,3,2.0,1.0,337.0,2225.519287833828,1100000.0,-0.3181818181818182
275,Bentleigh East,2016-09-17,House,1300000.0,3,1.0,4.0,746.0,1742.627345844504,1100000.0,0.1818181818181818
276,Bentleigh East,2016-09-17,House,1475000.0,5,2.0,2.0,729.0,2023.3196159122083,1100000.0,0.3409090909090909
277,Bentleigh East,2016-09-17,House,1110000.0,4,2.0,2.0,583.0,1903.9451114922813,1100000.0,0.009090909090909
278,Bentleigh East,2016-09-17,Unit,835000.0,2,2.0,1.0,362.0,2306.6298342541436,1100000.0,-0.2409090909090909
279,Bentleigh East,2016-09-17,House,1690000.0,4,2.0,2.0,700.0,2414.285714285714,1100000.0,0.5363636363636364
280,Bentleigh East,2016-09-17,Unit,791000.0,3,3.0,1.0,391.0,2023.017902813299,1100000.0,-0.2809090909090909
281,Bentleigh East,2016-09-17,House,900000.0,3,1.0,3.0,780.0,1153.8461538461538,1100000.0,-0.1818181818181818
282,Bentleigh East,2016-09-17,House,1189000.0,3,2.0,2.0,337.0,3528.1899109792284,1100000.0,0.0809090909090909
283,Bentleigh East,2016-09-17,Townhouse,825000.0,3,1.0,1.0,642.0,1285.0467289719627,1100000.0,-0.25
284,Bentleigh East,2017-03-18,Townhouse,1030000.0,3,2.0,2.0,327.0,3149.847094801223,1100000.0,-0.0636363636363636
285,Bentleigh East,2017-03-18,Townhouse,970000.0,3,2.0,2.0,267.0,3632.9588014981273,1100000.0,-0.1181818181818181
286,Bentleigh East,2017-03-18,House,930000.0,3,1.0,2.0,580.0,1603.448275862069,1100000.0,-0.1545454545454545
287,Bentleigh East,2017-03-18,House,1510000.0,4,2.0,2.0,640.0,2359.375,1100000.0,0.3727272727272727
288,Bentleigh East,2017-03-18,Townhouse,1240000.0,3,2.0,2.0,518.0,2393.8223938223937,1100000.0,0.1272727272727272
289,Bentleigh East,2017-03-18,House,823000.0,3,2.0,2.0,213.0,3863.849765258216,1100000.0,-0.2518181818181818
290,Bentleigh East,2017-03-18,House,1310000.0,4,2.0,2.0,606.0,2161.7161716171618,1100000.0,0.1909090909090909
291,Bentleigh East,2017-03-18,House,1475000.0,4,2.0,2.0,674.0,2188.427299703264,1100000.0,0.3409090909090909
292,Bentleigh East,2017-03-18,Townhouse,950000.0,4,2.0,1.0,450.0,2111.1111111111113,1100000.0,-0.1363636363636363
293,Bentleigh East,2016-06-18,Townhouse,1045000.0,4,2.0,1.0,316.0,3306.962025316456,1100000.0,-0.05
294,Bentleigh East,2016-06-18,House,750000.0,3,2.0,1.0,188.0,3989.361702127659,1100000.0,-0.3181818181818182
295,Bentleigh East,2016-06-18,Unit,800000.0,3,2.0,2.0,252.0,3174.6031746031745,1100000.0,-0.2727272727272727
296,Bentleigh East,2016-06-18,Unit,655000.0,2,1.0,1.0,154.0,4253.2467532467535,1100000.0,-0.4045454545454545
297,Bentleigh East,2016-06-18,House,1550000.0,5,3.0,2.0,623.0,2487.9614767255216,1100000.0,0.4090909090909091
298,Bentleigh East,2016-06-18,House,835000.0,3,1.0,1.0,250.0,3340.0,1100000.0,-0.2409090909090909
299,Bentleigh East,2016-06-18,House,1140000.0,3,1.0,3.0,701.0,1626.2482168330955,1100000.0,0.0363636363636363
300,Bentleigh East,2016-06-18,House,1120000.0,2,1.0,2.0,678.0,1651.9174041297936,1100000.0,0.0181818181818181
301,Bentleigh East,2016-06-18,Townhouse,1465000.0,4,2.0,2.0,319.0,4592.476489028213,1100000.0,0.3318181818181818
302,Bentleigh East,2016-06-18,House,910000.0,3,1.0,1.0,587.0,1550.2555366269166,1100000.0,-0.1727272727272727
303,Bentleigh East,2016-06-18,Unit,920000.0,3,2.0,1.0,388.0,2371.134020618557,1100000.0,-0.1636363636363636
304,Bentleigh East,2016-11-19,Townhouse,935000.0,3,2.0,2.0,230.0,4065.217391304348,1100000.0,-0.15
305,Bentleigh East,2016-11-19,House,977000.0,3,1.0,2.0,543.0,1799.2633517495397,1100000.0,-0.1118181818181818
306,Bentleigh East,2016-11-19,House,1352000.0,3,1.0,2.0,686.0,1970.8454810495627,1100000.0,0.2290909090909091
307,Bentleigh East,2016-11-19,House,1115000.0,4,2.0,2.0,575.0,1939.1304347826087,1100000.0,0.0136363636363636
308,Bentleigh East,2016-05-22,House,780000.0,3,1.0,1.0,710.0,1098.5915492957747,1100000.0,-0.2909090909090909
309,Bentleigh East,2016-05-22,House,1115000.0,3,2.0,2.0,1080.0,1032.4074074074074,1100000.0,0.0136363636363636
310,Bentleigh East,2016-05-22,House,1197000.0,3,1.0,2.0,692.0,1729.7687861271677,1100000.0,0.0881818181818181
311,Bentleigh East,2016-05-22,Unit,810000.0,3,2.0,1.0,316.0,2563.2911392405063,1100000.0,-0.2636363636363636
312,Bentleigh East,2016-05-22,House,1365000.0,4,1.0,1.0,582.0,2345.360824742268,1100000.0,0.2409090909090909
313,Bentleigh East,2016-05-22,House,700000.0,3,0.0,0.0,456.0,1535.0877192982457,1100000.0,-0.3636363636363636
314,Bentleigh East,2016-08-22,House,1698888.0,4,2.0,2.0,598.0,2840.9498327759197,1100000.0,0.5444436363636364
315,Bentleigh East,2016-08-22,House,1150000.0,4,2.0,2.0,639.0,1799.6870109546169,1100000.0,0.0454545454545454
316,Bentleigh East,2016-09-24,House,1000000.0,3,1.0,2.0,576.0,1736.111111111111,1100000.0,-0.0909090909090909
317,Bentleigh East,2016-09-24,Townhouse,965000.0,3,2.0,1.0,283.0,3409.893992932862,1100000.0,-0.1227272727272727
318,Bentleigh East,2016-09-24,Unit,870000.0,3,2.0,2.0,365.0,2383.5616438356165,1100000.0,-0.209090909090909
319,Bentleigh East,2016-09-24,House,1405000.0,3,1.0,1.0,764.0,1839.0052356020944,1100000.0,0.2772727272727273
320,Bentleigh East,2016-09-24,House,1161000.0,3,2.0,3.0,629.0,1845.7869634340225,1100000.0,0.0554545454545454
321,Bentleigh East,2016-09-24,House,1266000.0,3,1.0,3.0,676.0,1872.7810650887575,1100000.0,0.1509090909090909
322,Bentleigh East,2016-09-24,Townhouse,700000.0,3,2.0,2.0,194.0,3608.247422680413,1100000.0,-0.3636363636363636
323,Bentleigh East,2017-02-25,Townhouse,1325000.0,4,4.0,2.0,363.0,3650.137741046832,1100000.0,0.2045454545454545
324,Bentleigh East,2017-02-25,Unit,770000.0,3,2.0,1.0,281.0,2740.2135231316724,1100000.0,-0.3
325,Bentleigh East,2017-02-25,House,1110000.0,3,1.0,6.0,542.0,2047.970479704797,1100000.0,0.009090909090909
326,Bentleigh East,2017-02-25,House,1175000.0,4,2.0,2.0,620.0,1895.1612903225807,1100000.0,0.0681818181818181
327,Bentleigh East,2017-02-25,House,1200000.0,3,1.0,1.0,640.0,1875.0,1100000.0,0.0909090909090909
328,Bentleigh East,2017-02-25,House,1370000.0,4,1.0,2.0,684.0,2002.923976608187,1100000.0,0.2454545454545454
329,Bentleigh East,2017-02-25,House,1433500.0,4,1.0,1.0,725.0,1977.2413793103449,1100000.0,0.3031818181818181
330,Bentleigh East,2017-02-25,House,1630000.0,2,1.0,2.0,724.0,2251.3812154696134,1100000.0,0.4818181818181818
331,Bentleigh East,2017-02-25,House,1360000.0,3,1.0,3.0,676.0,2011.8343195266273,1100000.0,0.2363636363636363
332,Bentleigh East,2016-07-26,House,900000.0,4,1.0,2.0,741.0,1214.5748987854251,1100000.0,-0.1818181818181818
333,Bentleigh East,2016-07-26,Townhouse,860000.0,3,2.0,1.0,210.0,4095.2380952380954,1100000.0,-0.2181818181818181
334,Bentleigh East,2016-06-27,Unit,772500.0,2,1.0,2.0,318.0,2429.245283018868,1100000.0,-0.2977272727272727
335,Bentleigh East,2016-06-27,House,1001000.0,3,1.0,1.0,598.0,1673.9130434782608,1100000.0,-0.09
336,Bentleigh East,2016-06-27,Unit,715000.0,2,1.0,1.0,194.0,3685.5670103092784,1100000.0,-0.35
337,Bentleigh East,2016-06-27,Townhouse,882000.0,3,2.0,2.0,208.0,4240.384615384615,1100000.0,-0.1981818181818181
338,Bentleigh East,2016-06-27,House,1180000.0,2,1.0,1.0,687.0,1717.612809315866,1100000.0,0.0727272727272727
339,Bentleigh East,2016-11-27,Townhouse,840000.0,3,2.0,2.0,222.0,3783.783783783784,1100000.0,-0.2363636363636363
340,Bentleigh East,2016-11-27,House,1040000.0,4,2.0,2.0,643.0,1617.4183514774495,1100000.0,-0.0545454545454545
341,Bentleigh East,2016-11-27,House,1550000.0,5,3.0,2.0,583.0,2658.662092624357,1100000.0,0.4090909090909091
342,Bentleigh East,2016-11-27,House,930000.0,3,2.0,2.0,258.0,3604.6511627906975,1100000.0,-0.1545454545454545
343,Bentleigh East,2016-11-27,Unit,790000.0,3,1.0,2.0,406.0,1945.812807881773,1100000.0,-0.2818181818181818
344,Bentleigh East,2016-11-27,House,1040000.0,3,1.0,2.0,625.0,1664.0,1100000.0,-0.0545454545454545
345,Bentleigh East,2016-11-27,House,1020000.0,3,1.0,2.0,596.0,1711.4093959731545,1100000.0,-0.0727272727272727
346,Bentleigh East,2016-11-27,Townhouse,670000.0,3,1.0,2.0,233.0,2875.536480686695,1100000.0,-0.3909090909090909
347,Bentleigh East,2016-05-28,Unit,800000.0,3,2.0,2.0,261.0,3065.1340996168583,1100000.0,-0.2727272727272727
348,Bentleigh East,2016-05-28,Townhouse,1120000.0,4,2.0,2.0,209.0,5358.851674641149,1100000.0,0.0181818181818181
349,Bentleigh East,2016-05-28,Townhouse,970000.0,3,2.0,2.0,321.0,3021.8068535825546,1100000.0,-0.1181818181818181
350,Bentleigh East,2016-05-28,Townhouse,787500.0,3,2.0,1.0,300.0,2625.0,1100000.0,-0.2840909090909091
351,Bentleigh East,2016-05-28,House,950000.0,3,1.0,1.0,598.0,1588.628762541806,1100000.0,-0.1363636363636363
352,Bentleigh East,2016-05-28,House,886000.0,3,2.0,1.0,185.0,4789.189189189189,1100000.0,-0.1945454545454545
353,Bentleigh East,2016-08-28,Townhouse,780000.0,3,2.0,1.0,209.0,3732.0574162679422,1100000.0,-0.2909090909090909
354,Bentleigh East,2016-08-28,House,1015000.0,4,2.0,3.0,625.0,1624.0,1100000.0,-0.0772727272727272
355,Bentleigh East,2016-08-28,Unit,830000.0,3,2.0,2.0,395.0,2101.26582278481,1100000.0,-0.2454545454545454
356,Bentleigh East,2016-08-28,House,1241000.0,3,1.0,1.0,643.0,1930.0155520995336,1100000.0,0.1281818181818181
357,Bentleigh East,2016-08-28,House,1255000.0,4,2.0,2.0,610.0,2057.377049180328,1100000.0,0.1409090909090909
358,Bentleigh East,2016-08-28,House,1320000.0,3,1.0,1.0,593.0,2225.9696458684652,1100000.0,0.2
359,Bentleigh East,2016-08-28,House,870000.0,3,2.0,1.0,326.0,2668.711656441718,1100000.0,-0.209090909090909
360,Bentleigh East,2016-08-28,House,1472500.0,4,2.0,2.0,592.0,2487.3310810810813,1100000.0,0.3386363636363636
361,Bentleigh East,2016-07-30,House,640000.0,2,2.0,2.0,298.0,2147.6510067114095,1100000.0,-0.4181818181818181
362,Bentleigh East,2016-07-30,House,1160000.0,2,1.0,2.0,750.0,1546.6666666666667,1100000.0,0.0545454545454545
363,Bentleigh East,2016-07-30,House,1306000.0,4,2.0,1.0,651.0,2006.144393241167,1100000.0,0.1872727272727272
364,Bentleigh East,2016-07-30,House,1291000.0,3,1.0,2.0,635.0,2033.0708661417325,1100000.0,0.1736363636363636
365,Brighton,2016-09-03,House,1550000.0,3,2.0,2.0,663.0,2337.8582202111616,1961000.0,-0.209586945436002
366,Brighton,2016-09-03,House,1635000.0,3,1.0,2.0,366.0,4467.213114754099,1961000.0,-0.1662417134115247
367,Brighton,2016-12-03,House,1830000.0,4,2.0,2.0,436.0,4197.247706422018,1961000.0,-0.066802651708312
368,Brighton,2016-12-03,House,3695000.0,4,3.0,2.0,836.0,4419.8564593301435,1961000.0,0.8842427332993371
369,Brighton,2016-12-03,House,3700000.0,4,3.0,2.0,742.0,4986.522911051213,1961000.0,0.8867924528301887
370,Brighton,2016-12-03,House,3775000.0,4,3.0,2.0,745.0,5067.114093959732,1961000.0,0.9250382457929628
371,Brighton,2016-12-03,House,1975000.0,3,1.0,2.0,432.0,4571.759259259259,1961000.0,0.0071392146863844
372,Brighton,2017-03-04,Unit,1300000.0,2,2.0,1.0,244.0,5327.868852459016,1961000.0,-0.3370729219785823
373,Brighton,2017-03-04,House,1390000.0,3,1.0,2.0,340.0,4088.235294117647,1961000.0,-0.2911779704232534
374,Brighton,2017-03-04,House,4250000.0,4,3.0,2.0,750.0,5666.666666666667,1961000.0,1.1672616012238657
375,Brighton,2017-03-04,House,2905000.0,4,3.0,1.0,487.0,5965.092402464065,1961000.0,0.4813870474247833
376,Brighton,2017-03-04,Unit,1300000.0,2,2.0,2.0,329.0,3951.367781155015,1961000.0,-0.3370729219785823
377,Brighton,2017-03-04,Townhouse,1725000.0,3,2.0,2.0,411.0,4197.080291970803,1961000.0,-0.1203467618561958
378,Brighton,2017-03-04,House,2266000.0,3,2.0,2.0,450.0,5035.555555555556,1961000.0,0.1555328913819479
379,Brighton,2016-06-04,House,2910000.0,4,1.0,2.0,732.0,3975.409836065574,1961000.0,0.4839367669556348
380,Brighton,2016-06-04,House,2100000.0,3,2.0,2.0,463.0,4535.637149028078,1961000.0,0.0708822029576746
381,Brighton,2016-06-04,Unit,800000.0,2,1.0,1.0,90.0,8888.888888888889,1961000.0,-0.592044875063743
382,Brighton,2016-06-04,Townhouse,1750000.0,3,2.0,2.0,352.0,4971.590909090909,1961000.0,-0.1075981642019377
383,Brighton,2016-08-06,House,1761000.0,4,2.0,3.0,615.0,2863.4146341463415,1961000.0,-0.1019887812340642
384,Brighton,2016-08-06,House,2600000.0,3,2.0,3.0,588.0,4421.768707482993,1961000.0,0.3258541560428353
385,Brighton,2016-05-07,House,2750000.0,5,3.0,1.0,509.0,5402.750491159136,1961000.0,0.4023457419683834
386,Brighton,2016-05-07,Unit,892500.0,2,1.0,2.0,232.0,3846.9827586206898,1961000.0,-0.5448750637429882
387,Brighton,2016-05-07,House,2145000.0,4,2.0,1.0,550.0,3900.0,1961000.0,0.0938296787353391
388,Brighton,2016-05-07,House,3171000.0,5,2.0,2.0,710.0,4466.197183098591,1961000.0,0.6170321264660887
389,Brighton,2016-05-07,House,1910000.0,2,2.0,4.0,696.0,2744.2528735632186,1961000.0,-0.0260071392146863
390,Brighton,2016-05-07,House,1865000.0,3,2.0,2.0,295.0,6322.033898305085,1961000.0,-0.0489546149923508
391,Brighton,2016-11-07,Unit,985000.0,2,1.0,1.0,611.0,1612.1112929623569,1961000.0,-0.4977052524222335
392,Brighton,2016-11-07,Townhouse,1475000.0,3,2.0,2.0,345.0,4275.36231884058,1961000.0,-0.2478327383987761
393,Brighton,2016-10-08,House,502000.0,2,2.0,0.0,116.0,4327.586206896552,1961000.0,-0.7440081591024987
394,Brighton,2016-09-10,House,2400000.0,3,2.0,2.0,835.0,2874.251497005988,1961000.0,0.223865374808771
395,Brighton,2016-09-10,House,1562500.0,5,2.0,2.0,655.0,2385.4961832061067,1961000.0,-0.203212646608873
396,Brighton,2016-12-10,House,2050000.0,3,3.0,2.0,398.0,5150.753768844221,1961000.0,0.0453850076491585
397,Brighton,2016-12-10,House,3180000.0,4,3.0,6.0,454.0,7004.405286343613,1961000.0,0.6216216216216216
398,Brighton,2016-12-10,Townhouse,960000.0,2,1.0,2.0,363.0,2644.628099173554,1961000.0,-0.5104538500764916
399,Brighton,2016-12-10,House,3320000.0,4,3.0,2.0,644.0,5155.27950310559,1961000.0,0.6930137684854666
400,Brighton,2016-12-10,House,2800000.0,4,3.0,3.0,596.0,4697.986577181208,1961000.0,0.4278429372768995
401,Brighton,2016-12-10,Unit,1602000.0,3,2.0,2.0,328.0,4884.1463414634145,1961000.0,-0.1830698623151453
402,Brighton,2016-11-12,House,1650000.0,3,2.0,1.0,354.0,4661.016949152542,1961000.0,-0.1585925548189699
403,Brighton,2016-11-12,House,1102000.0,2,1.0,2.0,318.0,3465.4088050314467,1961000.0,-0.4380418154003059
404,Brighton,2016-11-12,House,1570000.0,2,1.0,0.0,352.0,4460.227272727273,1961000.0,-0.1993880673125956
405,Brighton,2016-11-12,House,4700000.0,5,3.0,2.0,1073.0,4380.242311276794,1961000.0,1.39673635900051
406,Brighton,2016-11-12,House,1785000.0,3,2.0,1.0,404.0,4418.316831683168,1961000.0,-0.0897501274859765
407,Brighton,2016-11-12,House,1550000.0,2,2.0,2.0,404.0,3836.633663366337,1961000.0,-0.209586945436002
408,Brighton,2016-08-13,House,1875000.0,3,2.0,2.0,275.0,6818.181818181818,1961000.0,-0.0438551759306476
409,Brighton,2016-08-13,House,2400000.0,4,2.0,2.0,640.0,3750.0,1961000.0,0.223865374808771
410,Brighton,2016-08-13,Unit,1266000.0,3,1.0,2.0,277.0,4570.397111913358,1961000.0,-0.3544110147883733
411,Brighton,2016-05-14,Unit,826000.0,3,1.0,2.0,119.0,6941.176470588235,1961000.0,-0.5787863335033147
412,Brighton,2016-05-14,House,2730000.0,5,3.0,2.0,895.0,3050.2793296089385,1961000.0,0.392146863844977
413,Brighton,2016-05-14,Unit,900000.0,2,2.0,1.0,118.0,7627.118644067797,1961000.0,-0.5410504844467109
414,Brighton,2016-05-14,Townhouse,1962000.0,3,2.0,2.0,323.0,6074.303405572756,1961000.0,0.0005099439061703
415,Brighton,2016-10-15,House,3295888.0,4,3.0,2.0,565.0,5833.430088495576,1961000.0,0.6807180010198878
416,Brighton,2016-04-16,Unit,800000.0,2,1.0,1.0,131.0,6106.8702290076335,1961000.0,-0.592044875063743
417,Brighton,2016-04-16,House,2100000.0,5,5.0,2.0,552.0,3804.347826086957,1961000.0,0.0708822029576746
418,Brighton,2016-07-16,House,1500000.0,3,2.0,1.0,442.0,3393.665158371041,1961000.0,-0.2350841407445181
419,Brighton,2016-07-16,Unit,905500.0,2,1.0,1.0,122.0,7422.131147540984,1961000.0,-0.5382457929627741
420,Brighton,2016-09-17,House,2375000.0,3,2.0,2.0,547.0,4341.864716636197,1961000.0,0.211116777154513
421,Brighton,2016-09-17,House,2275000.0,3,2.0,1.0,359.0,6337.047353760446,1961000.0,0.1601223865374808
422,Brighton,2016-09-17,House,1385000.0,3,1.0,2.0,426.0,3251.173708920188,1961000.0,-0.293727689954105
423,Brighton,2016-09-17,House,1601000.0,2,1.0,1.0,380.0,4213.1578947368425,1961000.0,-0.1835798062213156
424,Brighton,2016-09-17,House,2020000.0,3,6.0,2.0,685.0,2948.905109489051,1961000.0,0.0300866904640489
425,Brighton,2016-09-17,Townhouse,1762000.0,3,2.0,2.0,483.0,3648.033126293996,1961000.0,-0.1014788373278939
426,Brighton,2017-03-18,House,2450000.0,3,3.0,2.0,482.0,5082.98755186722,1961000.0,0.2493625701172871
427,Brighton,2017-03-18,Unit,858000.0,2,1.0,1.0,107.0,8018.691588785046,1961000.0,-0.5624681285058644
428,Brighton,2017-03-18,Townhouse,1427000.0,3,2.0,1.0,313.0,4559.105431309904,1961000.0,-0.2723100458949515
429,Brighton,2017-03-18,Townhouse,2517500.0,3,3.0,2.0,311.0,8094.855305466238,1961000.0,0.2837837837837837
430,Brighton,2017-03-18,House,2800000.0,4,2.0,4.0,569.0,4920.91388400703,1961000.0,0.4278429372768995
431,Brighton,2016-06-18,House,3700000.0,5,3.0,4.0,1572.0,2353.689567430026,1961000.0,0.8867924528301887
432,Brighton,2016-11-19,House,1410000.0,3,1.0,1.0,375.0,3760.0,1961000.0,-0.280979092299847
433,Brighton,2016-11-19,House,2475000.0,4,2.0,2.0,605.0,4090.909090909091,1961000.0,0.2621111677715451
434,Brighton,2016-11-19,House,2700000.0,4,2.0,2.0,732.0,3688.5245901639346,1961000.0,0.3768485466598674
435,Brighton,2016-05-22,House,3900000.0,4,2.0,2.0,842.0,4631.828978622328,1961000.0,0.9887812340642528
436,Brighton,2016-05-22,Unit,880000.0,3,1.0,1.0,138.0,6376.811594202899,1961000.0,-0.5512493625701173
437,Brighton,2016-05-22,Unit,737000.0,2,1.0,1.0,106.0,6952.830188679245,1961000.0,-0.6241713411524732
438,Brighton,2016-08-22,House,1532000.0,2,1.0,2.0,411.0,3727.493917274939,1961000.0,-0.2187659357470678
439,Brighton,2016-09-24,House,2320000.0,3,2.0,2.0,589.0,3938.879456706282,1961000.0,0.1830698623151453
440,Brighton,2017-02-25,House,2000000.0,4,2.0,2.0,471.0,4246.284501061571,1961000.0,0.0198878123406425
441,Brighton,2017-02-25,Townhouse,1230000.0,2,2.0,2.0,201.0,6119.4029850746265,1961000.0,-0.3727689954105048
442,Brighton,2017-02-25,House,2375000.0,3,2.0,2.0,470.0,5053.191489361702,1961000.0,0.211116777154513
443,Brighton,2017-02-25,Townhouse,1037000.0,2,1.0,2.0,125.0,8296.0,1961000.0,-0.4711881693013768
444,Brighton,2017-02-25,House,3050000.0,4,4.0,2.0,578.0,5276.81660899654,1961000.0,0.5553289138194799
445,Brighton,2017-02-25,Townhouse,1630000.0,4,2.0,2.0,432.0,3773.148148148148,1961000.0,-0.1687914329423763
446,Brighton,2016-07-26,House,2640000.0,4,2.0,2.0,848.0,3113.2075471698113,1961000.0,0.3462519122896481
447,Brighton,2016-11-27,Unit,671000.0,1,1.0,1.0,70.0,9585.714285714286,1961000.0,-0.6578276389597144
448,Brighton,2016-11-27,Townhouse,2250000.0,4,2.0,2.0,230.0,9782.608695652174,1961000.0,0.1473737888832228
449,Brighton,2016-11-27,House,2900000.0,3,1.0,1.0,659.0,4400.606980273141,1961000.0,0.4788373278939317
450,Brighton,2016-11-27,Unit,1620000.0,3,2.0,2.0,231.0,7012.987012987013,1961000.0,-0.1738908720040795
451,Brighton,2016-11-27,House,3550000.0,3,2.0,0.0,1007.0,3525.3227408143,1961000.0,0.8103008669046405
452,Brighton,2016-05-28,House,2750000.0,4,2.0,2.0,687.0,4002.911208151382,1961000.0,0.4023457419683834
453,Brighton,2016-05-28,House,3751000.0,5,3.0,2.0,584.0,6422.945205479452,1961000.0,0.912799592044875
454,Brighton,2016-05-28,Townhouse,1425000.0,3,2.0,2.0,495.0,2878.787878787879,1961000.0,-0.2733299337072922
455,Brighton,2016-05-28,House,2405000.0,4,1.0,2.0,695.0,3460.431654676259,1961000.0,0.2264150943396226
456,Brighton,2016-08-28,Unit,1352500.0,3,2.0,1.0,280.0,4830.357142857143,1961000.0,-0.3103008669046405
457,Brighton,2016-08-28,House,2030000.0,3,2.0,2.0,366.0,5546.448087431694,1961000.0,0.0351861295257521
458,Brighton,2016-08-28,House,3105000.0,5,2.0,2.0,1045.0,2971.291866028708,1961000.0,0.5833758286588475
459,Brighton,2016-08-28,House,1171000.0,3,2.0,2.0,279.0,4197.132616487455,1961000.0,-0.4028556858745538
460,Brighton,2016-08-28,Townhouse,1400000.0,2,2.0,1.0,267.0,5243.445692883895,1961000.0,-0.2860785313615502
461,Brighton,2016-07-30,House,1600000.0,3,2.0,2.0,266.0,6015.037593984963,1961000.0,-0.1840897501274859
462,Brighton,2016-07-30,House,1500000.0,4,2.0,1.0,549.0,2732.24043715847,1961000.0,-0.2350841407445181
463,Brighton East,2016-09-03,House,1940000.0,4,2.0,2.0,682.0,2844.574780058651,1600000.0,0.2125
464,Brighton East,2016-09-03,House,1850000.0,4,2.0,2.0,617.0,2998.37925445705,1600000.0,0.15625
465,Brighton East,2016-09-03,House,930000.0,3,1.0,1.0,329.0,2826.747720364742,1600000.0,-0.41875
466,Brighton East,2016-12-03,House,1310000.0,4,3.0,2.0,618.0,2119.741100323625,1600000.0,-0.18125
467,Brighton East,2016-12-03,House,1250000.0,2,1.0,2.0,443.0,2821.6704288939054,1600000.0,-0.21875
468,Brighton East,2016-12-03,House,2504000.0,4,2.0,2.0,674.0,3715.13353115727,1600000.0,0.565
469,Brighton East,2016-12-03,Unit,750000.0,2,1.0,3.0,305.0,2459.0163934426228,1600000.0,-0.53125
470,Brighton East,2017-03-04,Townhouse,1302500.0,3,2.0,2.0,391.0,3331.202046035806,1600000.0,-0.1859375
471,Brighton East,2017-03-04,House,1445000.0,2,1.0,1.0,649.0,2226.502311248074,1600000.0,-0.096875
472,Brighton East,2016-06-04,House,980000.0,2,1.0,1.0,247.0,3967.611336032389,1600000.0,-0.3875
473,Brighton East,2016-06-04,House,1495000.0,4,2.0,2.0,597.0,2504.187604690117,1600000.0,-0.065625
474,Brighton East,2016-06-04,House,1825000.0,4,3.0,2.0,594.0,3072.3905723905723,1600000.0,0.140625
475,Brighton East,2016-06-04,House,1700000.0,5,2.0,1.0,994.0,1710.261569416499,1600000.0,0.0625
476,Brighton East,2016-06-04,House,1400000.0,5,3.0,4.0,824.0,1699.0291262135922,1600000.0,-0.125
477,Brighton East,2016-06-04,House,1075000.0,3,2.0,2.0,312.0,3445.5128205128203,1600000.0,-0.328125
478,Brighton East,2016-08-06,House,1860000.0,3,2.0,2.0,686.0,2711.37026239067,1600000.0,0.1625
479,Brighton East,2016-08-06,House,1500000.0,3,2.0,2.0,315.0,4761.9047619047615,1600000.0,-0.0625
480,Brighton East,2016-08-06,Townhouse,870000.0,3,2.0,2.0,158.0,5506.329113924051,1600000.0,-0.45625
481,Brighton East,2016-05-07,House,2000000.0,4,2.0,2.0,687.0,2911.208151382824,1600000.0,0.25
482,Brighton East,2016-05-07,House,1400000.0,3,1.0,3.0,613.0,2283.8499184339316,1600000.0,-0.125
483,Brighton East,2016-05-07,House,1300000.0,3,2.0,3.0,619.0,2100.1615508885297,1600000.0,-0.1875
484,Brighton East,2016-05-07,House,1600000.0,5,2.0,2.0,616.0,2597.4025974025976,1600000.0,0.0
485,Brighton East,2016-05-07,House,1780000.0,2,3.0,2.0,635.0,2803.149606299213,1600000.0,0.1125
486,Brighton East,2016-05-07,House,1200000.0,5,2.0,5.0,775.0,1548.3870967741937,1600000.0,-0.25
487,Brighton East,2016-11-07,Unit,775000.0,2,1.0,1.0,112.0,6919.642857142857,1600000.0,-0.515625
488,Brighton East,2016-11-07,House,1480000.0,3,2.0,2.0,697.0,2123.3859397417505,1600000.0,-0.075
489,Brighton East,2016-10-08,House,2900000.0,5,4.0,2.0,640.0,4531.25,1600000.0,0.8125
490,Brighton East,2016-10-08,House,1590000.0,3,3.0,2.0,481.0,3305.613305613306,1600000.0,-0.00625
491,Brighton East,2016-09-10,House,2840000.0,4,2.0,2.0,999.0,2842.842842842843,1600000.0,0.775
492,Brighton East,2016-09-10,House,1580000.0,3,2.0,2.0,597.0,2646.5661641541037,1600000.0,-0.0125
493,Brighton East,2016-09-10,Townhouse,1100000.0,4,3.0,2.0,302.0,3642.384105960265,1600000.0,-0.3125
494,Brighton East,2016-09-10,House,1000000.0,2,1.0,2.0,564.0,1773.049645390071,1600000.0,-0.375
495,Brighton East,2016-12-10,House,2500000.0,5,3.0,2.0,634.0,3943.217665615142,1600000.0,0.5625
496,Brighton East,2016-12-10,House,1700000.0,4,3.0,4.0,708.0,2401.129943502825,1600000.0,0.0625
497,Brighton East,2016-12-10,House,1405000.0,3,1.0,1.0,490.0,2867.3469387755104,1600000.0,-0.121875
498,Brighton East,2016-12-10,House,1290000.0,3,1.0,2.0,661.0,1951.588502269289,1600000.0,-0.19375
499,Brighton East,2016-12-10,House,3207000.0,5,5.0,3.0,1561.0,2054.452274183216,1600000.0,1.004375
500,Brighton East,2017-02-11,Unit,880000.0,3,2.0,2.0,304.0,2894.7368421052633,1600000.0,-0.45
501,Brighton East,2017-02-11,House,1920000.0,4,1.0,1.0,1000.0,1920.0,1600000.0,0.2
502,Brighton East,2016-11-12,House,1301000.0,3,2.0,2.0,401.0,3244.3890274314213,1600000.0,-0.186875
503,Brighton East,2016-11-12,Townhouse,2570000.0,4,3.0,2.0,898.0,2861.915367483296,1600000.0,0.60625
504,Brighton East,2016-11-12,House,2550000.0,5,3.0,2.0,915.0,2786.8852459016393,1600000.0,0.59375
505,Brighton East,2016-08-13,House,1915000.0,5,2.0,0.0,645.0,2968.9922480620153,1600000.0,0.196875
506,Brighton East,2016-08-13,House,1650000.0,4,3.0,2.0,598.0,2759.1973244147157,1600000.0,0.03125
507,Brighton East,2016-05-14,House,1530000.0,4,2.0,1.0,603.0,2537.313432835821,1600000.0,-0.04375
508,Brighton East,2016-05-14,House,805000.0,2,1.0,2.0,347.0,2319.8847262247837,1600000.0,-0.496875
509,Brighton East,2016-10-15,House,2050000.0,4,2.0,4.0,678.0,3023.5988200589973,1600000.0,0.28125
510,Brighton East,2016-10-15,House,2550000.0,5,3.0,2.0,551.0,4627.949183303085,1600000.0,0.59375
511,Brighton East,2016-10-15,Unit,905000.0,2,1.0,2.0,189.0,4788.359788359789,1600000.0,-0.434375
512,Brighton East,2016-10-15,House,1355000.0,3,1.0,2.0,759.0,1785.243741765481,1600000.0,-0.153125
513,Brighton East,2016-10-15,House,1845000.0,2,1.0,2.0,604.0,3054.635761589404,1600000.0,0.153125
514,Brighton East,2016-10-15,House,1760000.0,5,3.0,2.0,601.0,2928.4525790349417,1600000.0,0.1
515,Brighton East,2016-10-15,House,2050000.0,5,3.0,3.0,669.0,3064.275037369208,1600000.0,0.28125
516,Brighton East,2016-04-16,House,1620000.0,3,2.0,4.0,678.0,2389.380530973451,1600000.0,0.0125
517,Brighton East,2016-09-17,House,1710000.0,3,3.0,2.0,435.0,3931.034482758621,1600000.0,0.06875
518,Brighton East,2016-09-17,House,1800000.0,3,1.0,1.0,703.0,2560.4551920341396,1600000.0,0.125
519,Brighton East,2016-09-17,House,1706000.0,4,3.0,2.0,538.0,3171.0037174721188,1600000.0,0.06625
520,Brighton East,2016-09-17,Townhouse,1300000.0,3,2.0,2.0,337.0,3857.566765578635,1600000.0,-0.1875
521,Brighton East,2017-03-18,Unit,770000.0,2,1.0,2.0,157.0,4904.458598726114,1600000.0,-0.51875
522,Brighton East,2016-06-18,House,2200000.0,4,2.0,2.0,654.0,3363.914373088685,1600000.0,0.375
523,Brighton East,2016-11-19,House,1400000.0,3,2.0,2.0,486.0,2880.658436213992,1600000.0,-0.125
524,Brighton East,2016-11-19,House,900000.0,3,2.0,2.0,236.0,3813.5593220338983,1600000.0,-0.4375
525,Brighton East,2016-11-19,House,2150000.0,4,3.0,2.0,614.0,3501.628664495114,1600000.0,0.34375
526,Brighton East,2016-11-19,House,1725000.0,4,3.0,2.0,798.0,2161.654135338346,1600000.0,0.078125
527,Brighton East,2016-05-22,House,1650000.0,4,2.0,4.0,506.0,3260.8695652173915,1600000.0,0.03125
528,Brighton East,2016-05-22,House,1720000.0,4,2.0,2.0,676.0,2544.378698224852,1600000.0,0.075
529,Brighton East,2016-05-22,House,1815000.0,4,2.0,2.0,732.0,2479.5081967213114,1600000.0,0.134375
530,Brighton East,2016-05-22,House,1450000.0,5,3.0,2.0,527.0,2751.4231499051234,1600000.0,-0.09375
531,Brighton East,2016-09-24,Townhouse,681000.0,1,1.0,1.0,166.0,4102.409638554217,1600000.0,-0.574375
532,Brighton East,2016-09-24,Townhouse,1511000.0,3,2.0,2.0,496.0,3046.3709677419356,1600000.0,-0.055625
533,Brighton East,2016-09-24,House,1310000.0,2,3.0,2.0,302.0,4337.748344370861,1600000.0,-0.18125
534,Brighton East,2017-02-25,House,1537000.0,3,2.0,2.0,324.0,4743.827160493827,1600000.0,-0.039375
535,Brighton East,2017-02-25,House,1100000.0,3,1.0,1.0,420.0,2619.0476190476193,1600000.0,-0.3125
536,Brighton East,2017-02-25,House,994000.0,2,2.0,2.0,539.0,1844.155844155844,1600000.0,-0.37875
537,Brighton East,2017-02-25,House,1447000.0,4,1.0,2.0,590.0,2452.5423728813557,1600000.0,-0.095625
538,Brighton East,2016-07-26,Unit,692000.0,2,1.0,1.0,74.0,9351.351351351352,1600000.0,-0.5675
539,Brighton East,2016-07-26,Townhouse,1367000.0,4,2.0,2.0,315.0,4339.68253968254,1600000.0,-0.145625
540,Brighton East,2016-11-27,Unit,903000.0,2,1.0,1.0,171.0,5280.701754385965,1600000.0,-0.435625
541,Brighton East,2016-11-27,House,2820000.0,4,4.0,4.0,509.0,5540.275049115913,1600000.0,0.7625
542,Brighton East,2016-11-27,House,1813000.0,2,1.0,2.0,660.0,2746.969696969697,1600000.0,0.133125
543,Brighton East,2016-11-27,House,1655000.0,5,2.0,2.0,679.0,2437.4079528718703,1600000.0,0.034375
544,Brighton East,2016-05-28,Townhouse,1230000.0,3,2.0,2.0,297.0,4141.414141414141,1600000.0,-0.23125
545,Brighton East,2016-05-28,House,1389000.0,4,1.0,2.0,656.0,2117.378048780488,1600000.0,-0.131875
546,Brighton East,2016-05-28,Unit,750000.0,2,1.0,1.0,227.0,3303.964757709251,1600000.0,-0.53125
547,Brighton East,2016-05-28,Unit,1245000.0,3,2.0,1.0,227.0,5484.581497797357,1600000.0,-0.221875
548,Brighton East,2016-05-28,House,2310000.0,4,2.0,2.0,757.0,3051.5191545574635,1600000.0,0.44375
549,Brighton East,2016-08-28,Townhouse,1420000.0,3,2.0,2.0,247.0,5748.987854251012,1600000.0,-0.1125
550,Brighton East,2016-07-30,Unit,563000.0,2,1.0,1.0,1233.0,456.60989456609894,1600000.0,-0.648125
551,Brighton East,2016-07-30,Townhouse,1014000.0,2,1.0,1.0,267.0,3797.752808988764,1600000.0,-0.36625
552,Brunswick,2016-09-03,House,1026000.0,2,1.0,0.0,225.0,4560.0,1037000.0,-0.0106075216972034
553,Brunswick,2016-12-03,House,1802500.0,4,3.0,1.0,238.0,7573.529411764706,1037000.0,0.7381870781099324
554,Brunswick,2016-12-03,House,1500000.0,4,3.0,1.0,365.0,4109.58904109589,1037000.0,0.446480231436837
555,Brunswick,2017-03-04,House,2230000.0,4,2.0,3.0,851.0,2620.446533490012,1037000.0,1.1504339440694311
556,Brunswick,2016-06-04,House,1050000.0,3,1.0,2.0,264.0,3977.272727272727,1037000.0,0.0125361620057859
557,Brunswick,2016-06-04,House,680000.0,3,3.0,1.0,81.0,8395.061728395061,1037000.0,-0.3442622950819672
558,Brunswick,2016-08-06,House,950000.0,3,1.0,0.0,170.0,5588.235294117647,1037000.0,-0.0838958534233365
559,Brunswick,2016-05-07,House,1310000.0,3,2.0,2.0,426.0,3075.1173708920187,1037000.0,0.2632594021215043
560,Brunswick,2016-05-07,Townhouse,860000.0,4,2.0,1.0,95.0,9052.631578947368,1037000.0,-0.1706846673095467
561,Brunswick,2016-05-07,House,845500.0,2,1.0,1.0,179.0,4723.463687150838,1037000.0,-0.1846673095467695
562,Brunswick,2016-05-07,House,860000.0,2,1.0,1.0,181.0,4751.381215469613,1037000.0,-0.1706846673095467
563,Brunswick,2016-05-07,House,1055000.0,3,1.0,1.0,324.0,3256.1728395061727,1037000.0,0.017357762777242
564,Brunswick,2016-11-07,Unit,659500.0,2,1.0,1.0,100.0,6595.0,1037000.0,-0.3640308582449373
565,Brunswick,2016-11-07,House,1450000.0,4,2.0,2.0,323.0,4489.164086687307,1037000.0,0.3982642237222758
566,Brunswick,2016-11-07,House,990000.0,3,1.0,2.0,410.0,2414.6341463414633,1037000.0,-0.0453230472516875
567,Brunswick,2016-10-08,House,1115000.0,4,1.0,0.0,264.0,4223.484848484848,1037000.0,0.0752169720347155
568,Brunswick,2016-10-08,House,1125000.0,3,1.0,1.0,278.0,4046.7625899280574,1037000.0,0.0848601735776277
569,Brunswick,2016-10-08,House,855000.0,3,1.0,1.0,229.0,3733.624454148472,1037000.0,-0.1755062680810029
570,Brunswick,2016-10-08,House,910000.0,3,1.0,1.0,215.0,4232.558139534884,1037000.0,-0.1224686595949855
571,Brunswick,2016-10-08,Townhouse,940000.0,3,2.0,1.0,186.0,5053.763440860215,1037000.0,-0.0935390549662488
572,Brunswick,2016-09-10,House,1100000.0,2,1.0,0.0,153.0,7189.5424836601305,1037000.0,0.0607521697203471
573,Brunswick,2016-09-10,Townhouse,750000.0,2,2.0,1.0,118.0,6355.932203389831,1037000.0,-0.2767598842815815
574,Brunswick,2016-09-10,House,1056000.0,2,1.0,1.0,315.0,3352.3809523809523,1037000.0,0.0183220829315332
575,Brunswick,2016-12-10,Townhouse,620000.0,2,2.0,1.0,72.0,8611.111111111111,1037000.0,-0.4021215043394407
576,Brunswick,2016-12-10,Unit,880000.0,3,2.0,1.0,122.0,7213.11475409836,1037000.0,-0.1513982642237222
577,Brunswick,2016-12-10,House,1222500.0,3,1.0,0.0,331.0,3693.3534743202417,1037000.0,0.1788813886210221
578,Brunswick,2017-02-11,House,810000.0,3,2.0,3.0,177.0,4576.271186440678,1037000.0,-0.218900675024108
579,Brunswick,2017-02-11,House,1105000.0,2,1.0,1.0,147.0,7517.006802721088,1037000.0,0.0655737704918032
580,Brunswick,2017-02-11,House,1260000.0,2,1.0,1.0,385.0,3272.7272727272725,1037000.0,0.2150433944069431
581,Brunswick,2017-02-11,Townhouse,955000.0,3,2.0,2.0,327.0,2920.489296636086,1037000.0,-0.0790742526518804
582,Brunswick,2017-03-11,House,1094000.0,2,1.0,2.0,301.0,3634.551495016611,1037000.0,0.0549662487945998
583,Brunswick,2017-03-11,House,1135000.0,3,1.0,1.0,438.0,2591.324200913242,1037000.0,0.09450337512054
584,Brunswick,2016-11-12,House,792000.0,2,1.0,1.0,149.0,5315.436241610738,1037000.0,-0.23625843780135
585,Brunswick,2016-11-12,Unit,587000.0,2,1.0,1.0,114.0,5149.122807017544,1037000.0,-0.4339440694310511
586,Brunswick,2016-11-12,House,1060000.0,3,1.0,0.0,257.0,4124.513618677042,1037000.0,0.0221793635486981
587,Brunswick,2016-11-12,House,840000.0,2,1.0,1.0,186.0,4516.129032258064,1037000.0,-0.1899710703953712
588,Brunswick,2016-11-12,House,890000.0,2,1.0,1.0,199.0,4472.361809045226,1037000.0,-0.14175506268081
589,Brunswick,2016-08-13,House,1358000.0,4,1.0,1.0,416.0,3264.423076923077,1037000.0,0.3095467695274831
590,Brunswick,2016-08-13,House,840000.0,3,1.0,0.0,209.0,4019.138755980862,1037000.0,-0.1899710703953712
591,Brunswick,2016-08-13,Unit,600000.0,2,1.0,1.0,768.0,781.25,1037000.0,-0.4214079074252652
592,Brunswick,2016-05-14,House,905000.0,3,1.0,1.0,314.0,2882.165605095541,1037000.0,-0.1272902603664416
593,Brunswick,2016-05-14,House,976000.0,3,2.0,1.0,240.0,4066.6666666666665,1037000.0,-0.0588235294117647
594,Brunswick,2016-10-15,House,770000.0,2,1.0,0.0,152.0,5065.789473684211,1037000.0,-0.2574734811957569
595,Brunswick,2016-10-15,House,1800000.0,4,2.0,3.0,271.0,6642.066420664207,1037000.0,0.7357762777242044
596,Brunswick,2016-10-15,House,1350000.0,4,1.0,1.0,370.0,3648.6486486486488,1037000.0,0.3018322082931533
597,Brunswick,2016-10-15,House,1320000.0,4,2.0,1.0,281.0,4697.508896797153,1037000.0,0.2729026036644166
598,Brunswick,2016-04-16,House,825000.0,3,1.0,1.0,210.0,3928.571428571429,1037000.0,-0.2044358727097396
599,Brunswick,2016-04-16,House,860000.0,2,1.0,2.0,352.0,2443.181818181818,1037000.0,-0.1706846673095467
600,Brunswick,2016-04-16,House,830000.0,2,1.0,1.0,319.0,2601.8808777429467,1037000.0,-0.1996142719382835
601,Brunswick,2016-04-16,House,936000.0,2,1.0,2.0,200.0,4680.0,1037000.0,-0.0973963355834136
602,Brunswick,2016-04-16,House,1261000.0,3,1.0,1.0,216.0,5837.962962962963,1037000.0,0.2160077145612343
603,Brunswick,2016-04-16,House,1045000.0,3,1.0,2.0,222.0,4707.207207207207,1037000.0,0.0077145612343297
604,Brunswick,2016-09-17,House,1050000.0,3,1.0,1.0,239.0,4393.305439330544,1037000.0,0.0125361620057859
605,Brunswick,2016-09-17,House,1691500.0,3,2.0,3.0,470.0,3598.936170212766,1037000.0,0.6311475409836066
606,Brunswick,2016-09-17,House,1075000.0,2,1.0,0.0,311.0,3456.5916398713825,1037000.0,0.0366441658630665
607,Brunswick,2016-09-17,Unit,620000.0,2,1.0,1.0,135.0,4592.592592592592,1037000.0,-0.4021215043394407
608,Brunswick,2017-03-18,Unit,501000.0,2,1.0,1.0,1140.0,439.4736842105263,1037000.0,-0.5168756027000965
609,Brunswick,2017-03-18,House,1260000.0,3,1.0,6.0,563.0,2238.0106571936058,1037000.0,0.2150433944069431
610,Brunswick,2017-03-18,House,1650000.0,3,1.0,2.0,495.0,3333.3333333333335,1037000.0,0.5911282545805208
611,Brunswick,2017-03-18,House,800000.0,1,1.0,4.0,330.0,2424.242424242424,1037000.0,-0.2285438765670202
612,Brunswick,2017-03-18,House,1015000.0,2,1.0,0.0,453.0,2240.618101545254,1037000.0,-0.0212150433944069
613,Brunswick,2016-06-18,Townhouse,625000.0,1,1.0,1.0,82.0,7621.951219512195,1037000.0,-0.3972999035679845
614,Brunswick,2016-06-18,Townhouse,815000.0,3,2.0,1.0,99.0,8232.323232323231,1037000.0,-0.2140790742526518
615,Brunswick,2016-06-18,House,890000.0,2,1.0,1.0,259.0,3436.293436293436,1037000.0,-0.14175506268081
616,Brunswick,2016-06-18,House,1815000.0,3,1.0,3.0,612.0,2965.686274509804,1037000.0,0.7502410800385728
617,Brunswick,2016-11-19,House,2500000.0,5,2.0,2.0,555.0,4504.504504504504,1037000.0,1.4108003857280618
618,Brunswick,2016-11-19,House,860000.0,2,1.0,1.0,298.0,2885.9060402684563,1037000.0,-0.1706846673095467
619,Brunswick,2016-11-19,Unit,491000.0,2,1.0,1.0,1080.0,454.6296296296296,1037000.0,-0.5265188042430087
620,Brunswick,2016-11-19,House,990000.0,3,2.0,1.0,194.0,5103.092783505154,1037000.0,-0.0453230472516875
621,Brunswick,2016-05-22,House,871000.0,2,1.0,1.0,215.0,4051.1627906976746,1037000.0,-0.1600771456123433
622,Brunswick,2016-05-22,House,985000.0,3,1.0,2.0,384.0,2565.1041666666665,1037000.0,-0.0501446480231436
623,Brunswick,2016-05-22,House,1250000.0,3,1.0,1.0,483.0,2587.991718426501,1037000.0,0.2054001928640308
624,Brunswick,2016-05-22,House,1395000.0,5,2.0,2.0,391.0,3567.774936061381,1037000.0,0.3452266152362584
625,Brunswick,2016-08-22,House,860000.0,3,1.0,1.0,184.0,4673.913043478261,1037000.0,-0.1706846673095467
626,Brunswick,2016-08-22,House,860000.0,2,1.0,0.0,153.0,5620.915032679739,1037000.0,-0.1706846673095467
627,Brunswick,2016-04-23,House,835000.0,3,1.0,0.0,302.0,2764.900662251656,1037000.0,-0.1947926711668273
628,Brunswick,2016-04-23,House,705000.0,2,1.0,1.0,161.0,4378.88198757764,1037000.0,-0.3201542912246866
629,Brunswick,2016-04-23,House,800000.0,2,1.0,0.0,137.0,5839.41605839416,1037000.0,-0.2285438765670202
630,Brunswick,2016-09-24,House,880000.0,3,1.0,1.0,264.0,3333.3333333333335,1037000.0,-0.1513982642237222
631,Brunswick,2016-09-24,House,1000000.0,3,1.0,1.0,370.0,2702.7027027027025,1037000.0,-0.0356798457087753
632,Brunswick,2016-09-24,Townhouse,754000.0,2,2.0,1.0,177.0,4259.887005649717,1037000.0,-0.2729026036644166
633,Brunswick,2016-09-24,House,916000.0,2,1.0,0.0,1328.0,689.7590361445783,1037000.0,-0.1166827386692381
634,Brunswick,2017-02-25,House,1020000.0,2,1.0,1.0,279.0,3655.913978494624,1037000.0,-0.0163934426229508
635,Brunswick,2017-02-25,House,1510000.0,3,1.0,0.0,325.0,4646.153846153846,1037000.0,0.4561234329797493
636,Brunswick,2017-02-25,Townhouse,801000.0,2,2.0,1.0,156.0,5134.615384615385,1037000.0,-0.227579556412729
637,Brunswick,2017-02-25,Townhouse,820000.0,3,2.0,2.0,4668.0,175.66409597257928,1037000.0,-0.2092574734811957
638,Brunswick,2016-07-26,Unit,370000.0,1,1.0,1.0,540.0,685.1851851851852,1037000.0,-0.6432015429122468
639,Brunswick,2016-07-26,House,1170000.0,3,1.0,0.0,285.0,4105.263157894737,1037000.0,0.1282545805207328
640,Brunswick,2016-06-27,House,1790000.0,4,1.0,1.0,416.0,4302.884615384615,1037000.0,0.7261330761812922
641,Brunswick,2016-06-27,Townhouse,640000.0,3,2.0,1.0,110.0,5818.181818181818,1037000.0,-0.3828351012536162
642,Brunswick,2016-06-27,House,820000.0,4,1.0,0.0,416.0,1971.1538461538464,1037000.0,-0.2092574734811957
643,Brunswick,2016-06-27,House,1875000.0,4,2.0,2.0,657.0,2853.8812785388127,1037000.0,0.8081002892960463
644,Brunswick,2016-06-27,House,1053000.0,3,1.0,1.0,343.0,3069.9708454810498,1037000.0,0.0154291224686595
645,Brunswick,2016-06-27,Townhouse,705000.0,3,1.0,1.0,55.0,12818.181818181818,1037000.0,-0.3201542912246866
646,Brunswick,2016-11-27,House,1175000.0,4,1.0,2.0,319.0,3683.385579937304,1037000.0,0.133076181292189
647,Brunswick,2016-11-27,House,1217000.0,4,1.0,0.0,363.0,3352.617079889807,1037000.0,0.1735776277724204
648,Brunswick,2016-11-27,House,1020000.0,3,1.0,3.0,308.0,3311.688311688312,1037000.0,-0.0163934426229508
649,Brunswick,2016-11-27,House,1340000.0,3,1.0,1.0,316.0,4240.506329113924,1037000.0,0.292189006750241
650,Brunswick,2016-05-28,House,1410000.0,4,2.0,1.0,460.0,3065.217391304348,1037000.0,0.3596914175506268
651,Brunswick,2016-05-28,House,1550000.0,3,1.0,1.0,346.0,4479.768786127168,1037000.0,0.4946962391513982
652,Brunswick,2016-05-28,House,740000.0,3,2.0,1.0,4676.0,158.25491873396064,1037000.0,-0.2864030858244937
653,Brunswick,2016-05-28,House,947000.0,3,1.0,2.0,996.0,950.8032128514056,1037000.0,-0.0867888138862102
654,Brunswick,2016-05-28,House,1317000.0,3,1.0,1.0,480.0,2743.75,1037000.0,0.2700096432015429
655,Brunswick,2016-05-28,House,765000.0,2,1.0,1.0,199.0,3844.221105527638,1037000.0,-0.2622950819672131
656,Brunswick,2016-08-28,House,772000.0,1,1.0,1.0,147.0,5251.700680272109,1037000.0,-0.2555448408871745
657,Brunswick,2016-08-28,House,1210000.0,3,2.0,1.0,280.0,4321.428571428572,1037000.0,0.1668273866923818
658,Brunswick,2016-08-28,House,1755000.0,4,2.0,1.0,354.0,4957.627118644068,1037000.0,0.6923818707810994
659,Brunswick,2016-08-28,House,1073000.0,2,1.0,1.0,182.0,5895.604395604396,1037000.0,0.034715525554484
660,Brunswick,2016-08-28,House,1080000.0,3,2.0,1.0,316.0,3417.721518987342,1037000.0,0.0414657666345226
661,Brunswick,2016-07-30,House,945000.0,2,1.0,2.0,246.0,3841.4634146341464,1037000.0,-0.0887174541947926
662,Brunswick,2016-07-30,House,755000.0,2,1.0,1.0,159.0,4748.427672955975,1037000.0,-0.2719382835101254
663,Camberwell,2016-09-03,House,2650000.0,4,2.0,1.0,652.0,4064.41717791411,1800000.0,0.4722222222222222
664,Camberwell,2016-09-03,Townhouse,1615000.0,3,1.0,2.0,389.0,4151.670951156812,1800000.0,-0.1027777777777777
665,Camberwell,2016-09-03,House,3225000.0,4,3.0,2.0,934.0,3452.8907922912204,1800000.0,0.7916666666666666
666,Camberwell,2016-12-03,Unit,729000.0,2,1.0,1.0,137.0,5321.167883211679,1800000.0,-0.595
667,Camberwell,2016-12-03,House,2600000.0,5,4.0,1.0,708.0,3672.316384180791,1800000.0,0.4444444444444444
668,Camberwell,2016-12-03,House,1650000.0,3,2.0,2.0,305.0,5409.836065573771,1800000.0,-0.0833333333333333
669,Camberwell,2017-03-04,House,2860000.0,5,3.0,4.0,753.0,3798.140770252324,1800000.0,0.5888888888888889
670,Camberwell,2016-06-04,House,950000.0,2,1.0,2.0,230.0,4130.434782608696,1800000.0,-0.4722222222222222
671,Camberwell,2016-06-04,Unit,615000.0,2,1.0,1.0,1107.0,555.5555555555555,1800000.0,-0.6583333333333333
672,Camberwell,2016-06-04,House,1987000.0,3,2.0,2.0,706.0,2814.447592067989,1800000.0,0.1038888888888888
673,Camberwell,2016-06-04,Unit,683000.0,2,1.0,1.0,146.0,4678.082191780822,1800000.0,-0.6205555555555555
674,Camberwell,2016-06-04,House,1690000.0,3,2.0,1.0,777.0,2175.032175032175,1800000.0,-0.0611111111111111
675,Camberwell,2016-06-04,Unit,717000.0,2,1.0,1.0,136.0,5272.058823529412,1800000.0,-0.6016666666666667
676,Camberwell,2016-08-06,Townhouse,1300000.0,3,2.0,2.0,342.0,3801.169590643274,1800000.0,-0.2777777777777778
677,Camberwell,2016-05-07,House,2950000.0,4,2.0,4.0,661.0,4462.934947049925,1800000.0,0.6388888888888888
678,Camberwell,2016-05-07,House,2600000.0,4,2.0,2.0,600.0,4333.333333333333,1800000.0,0.4444444444444444
679,Camberwell,2016-05-07,House,2325000.0,3,2.0,2.0,1133.0,2052.0741394527804,1800000.0,0.2916666666666667
680,Camberwell,2016-11-07,Unit,435000.0,2,1.0,1.0,896.0,485.49107142857144,1800000.0,-0.7583333333333333
681,Camberwell,2016-10-08,House,892000.0,2,1.0,1.0,335.0,2662.686567164179,1800000.0,-0.5044444444444445
682,Camberwell,2016-09-10,Townhouse,900400.0,2,1.0,1.0,93.0,9681.720430107527,1800000.0,-0.4997777777777777
683,Camberwell,2016-12-10,House,2090000.0,4,2.0,2.0,650.0,3215.3846153846152,1800000.0,0.1611111111111111
684,Camberwell,2016-12-10,Townhouse,1250000.0,3,2.0,2.0,232.0,5387.931034482759,1800000.0,-0.3055555555555556
685,Camberwell,2016-06-12,House,2000000.0,3,1.0,2.0,821.0,2436.05359317905,1800000.0,0.1111111111111111
686,Camberwell,2016-06-12,House,1302000.0,3,1.0,1.0,427.0,3049.1803278688526,1800000.0,-0.2766666666666666
687,Camberwell,2016-11-12,House,1430000.0,3,2.0,2.0,244.0,5860.6557377049185,1800000.0,-0.2055555555555555
688,Camberwell,2016-11-12,House,1622000.0,3,1.0,1.0,544.0,2981.6176470588234,1800000.0,-0.0988888888888888
689,Camberwell,2016-11-12,Unit,435000.0,2,1.0,1.0,896.0,485.49107142857144,1800000.0,-0.7583333333333333
690,Camberwell,2016-08-13,House,620000.0,2,1.0,1.0,122.0,5081.9672131147545,1800000.0,-0.6555555555555556
691,Camberwell,2016-05-14,House,2000000.0,5,3.0,2.0,801.0,2496.8789013732835,1800000.0,0.1111111111111111
692,Camberwell,2016-10-15,House,2608000.0,5,2.0,4.0,730.0,3572.6027397260273,1800000.0,0.4488888888888889
693,Camberwell,2016-10-15,House,1780000.0,3,1.0,1.0,769.0,2314.6944083224967,1800000.0,-0.0111111111111111
694,Camberwell,2016-04-16,House,2250000.0,3,2.0,2.0,656.0,3429.878048780488,1800000.0,0.25
695,Camberwell,2016-04-16,House,895000.0,2,1.0,1.0,424.0,2110.8490566037735,1800000.0,-0.5027777777777778
696,Camberwell,2016-04-16,House,1800000.0,3,2.0,0.0,584.0,3082.1917808219177,1800000.0,0.0
697,Camberwell,2016-04-16,House,1400000.0,4,0.0,0.0,693.0,2020.20202020202,1800000.0,-0.2222222222222222
698,Camberwell,2016-07-16,Unit,693000.0,2,1.0,1.0,84.0,8250.0,1800000.0,-0.615
699,Camberwell,2016-09-17,Unit,900000.0,2,1.0,1.0,150.0,6000.0,1800000.0,-0.5
700,Camberwell,2016-09-17,House,2700000.0,5,3.0,2.0,802.0,3366.583541147132,1800000.0,0.5
701,Camberwell,2017-03-18,Unit,805000.0,2,2.0,2.0,188.0,4281.914893617021,1800000.0,-0.5527777777777778
702,Camberwell,2017-03-18,House,2228000.0,4,2.0,2.0,813.0,2740.4674046740465,1800000.0,0.2377777777777777
703,Camberwell,2017-03-18,Townhouse,930000.0,3,2.0,2.0,132.0,7045.454545454545,1800000.0,-0.4833333333333333
704,Camberwell,2017-03-18,House,4760000.0,4,2.0,2.0,903.0,5271.3178294573645,1800000.0,1.6444444444444444
705,Camberwell,2017-03-18,House,1602500.0,3,1.0,1.0,405.0,3956.7901234567903,1800000.0,-0.1097222222222222
706,Camberwell,2016-06-18,Townhouse,1515000.0,3,2.0,2.0,318.0,4764.1509433962265,1800000.0,-0.1583333333333333
707,Camberwell,2016-06-18,House,1800000.0,2,1.0,4.0,368.0,4891.304347826087,1800000.0,0.0
708,Camberwell,2016-08-22,House,1185000.0,2,2.0,2.0,259.0,4575.289575289576,1800000.0,-0.3416666666666667
709,Camberwell,2016-08-22,House,2177000.0,3,1.0,2.0,635.0,3428.3464566929133,1800000.0,0.2094444444444444
710,Camberwell,2016-09-24,House,2155000.0,3,1.0,1.0,891.0,2418.6307519640854,1800000.0,0.1972222222222222
711,Camberwell,2017-02-25,House,3400000.0,3,2.0,4.0,877.0,3876.852907639681,1800000.0,0.8888888888888888
712,Camberwell,2017-02-25,House,1470000.0,2,1.0,2.0,400.0,3675.0,1800000.0,-0.1833333333333333
713,Camberwell,2017-02-25,Unit,820000.0,2,1.0,1.0,166.0,4939.759036144578,1800000.0,-0.5444444444444444
714,Camberwell,2017-02-25,House,2105000.0,3,1.0,2.0,692.0,3041.907514450867,1800000.0,0.1694444444444444
715,Camberwell,2017-02-25,Townhouse,1625000.0,3,2.0,2.0,283.0,5742.049469964664,1800000.0,-0.0972222222222222
716,Camberwell,2017-02-25,House,1750000.0,3,2.0,3.0,780.0,2243.5897435897436,1800000.0,-0.0277777777777777
717,Camberwell,2017-02-25,House,3300000.0,3,3.0,2.0,417.0,7913.669064748202,1800000.0,0.8333333333333334
718,Camberwell,2016-06-27,Unit,667000.0,2,1.0,1.0,83.0,8036.144578313253,1800000.0,-0.6294444444444445
719,Camberwell,2016-06-27,House,2800000.0,5,3.0,2.0,805.0,3478.2608695652175,1800000.0,0.5555555555555556
720,Camberwell,2016-11-27,House,1175000.0,2,1.0,1.0,246.0,4776.422764227642,1800000.0,-0.3472222222222222
721,Camberwell,2016-11-27,Townhouse,775000.0,2,2.0,1.0,103.0,7524.271844660194,1800000.0,-0.5694444444444444
722,Camberwell,2016-11-27,House,2220000.0,3,2.0,2.0,850.0,2611.764705882353,1800000.0,0.2333333333333333
723,Camberwell,2016-11-27,House,2015000.0,4,1.0,4.0,772.0,2610.103626943005,1800000.0,0.1194444444444444
724,Camberwell,2016-11-27,Unit,700000.0,2,1.0,1.0,631.0,1109.3502377179082,1800000.0,-0.6111111111111112
725,Camberwell,2016-11-27,House,1700000.0,3,1.0,1.0,970.0,1752.5773195876288,1800000.0,-0.0555555555555555
726,Camberwell,2016-11-27,House,3225000.0,4,3.0,1.0,632.0,5102.848101265823,1800000.0,0.7916666666666666
727,Camberwell,2016-05-28,House,3320000.0,5,4.0,2.0,741.0,4480.431848852902,1800000.0,0.8444444444444444
728,Camberwell,2016-05-28,House,2125000.0,5,3.0,2.0,603.0,3524.0464344941956,1800000.0,0.1805555555555555
729,Camberwell,2016-05-28,House,2030000.0,4,2.0,2.0,686.0,2959.183673469388,1800000.0,0.1277777777777777
730,Camberwell,2016-08-28,House,2000000.0,4,3.0,4.0,697.0,2869.4404591104735,1800000.0,0.1111111111111111
731,Camberwell,2016-08-28,House,706000.0,2,1.0,1.0,95.0,7431.578947368421,1800000.0,-0.6077777777777778
732,Camberwell,2016-08-28,House,2250000.0,5,5.0,1.0,639.0,3521.12676056338,1800000.0,0.25
733,Camberwell,2016-08-28,House,2740000.0,5,2.0,2.0,643.0,4261.275272161742,1800000.0,0.5222222222222223
734,Coburg,2016-09-03,House,850000.0,2,1.0,1.0,371.0,2291.1051212938005,944000.0,-0.0995762711864406
735,Coburg,2016-09-03,House,784000.0,3,1.0,1.0,286.0,2741.2587412587413,944000.0,-0.1694915254237288
736,Coburg,2016-12-03,House,680000.0,3,1.0,0.0,702.0,968.6609686609688,944000.0,-0.2796610169491525
737,Coburg,2016-12-03,House,1221000.0,4,1.0,2.0,596.0,2048.6577181208054,944000.0,0.2934322033898305
738,Coburg,2016-12-03,House,790000.0,3,1.0,2.0,371.0,2129.380053908356,944000.0,-0.163135593220339
739,Coburg,2016-12-03,House,955000.0,4,2.0,1.0,295.0,3237.2881355932204,944000.0,0.0116525423728813
740,Coburg,2016-02-04,House,675000.0,3,1.0,2.0,142.0,4753.521126760564,944000.0,-0.2849576271186441
741,Coburg,2017-03-04,House,1010000.0,3,2.0,1.0,278.0,3633.093525179856,944000.0,0.0699152542372881
742,Coburg,2017-03-04,House,1202000.0,3,2.0,2.0,423.0,2841.6075650118205,944000.0,0.2733050847457627
743,Coburg,2017-03-04,House,1370000.0,3,1.0,1.0,233.0,5879.828326180257,944000.0,0.451271186440678
744,Coburg,2017-03-04,House,1000000.0,3,2.0,3.0,370.0,2702.7027027027025,944000.0,0.059322033898305
745,Coburg,2017-03-04,House,935500.0,3,1.0,2.0,386.0,2423.5751295336786,944000.0,-0.0090042372881355
746,Coburg,2017-03-04,Unit,2250000.0,8,2.0,4.0,983.0,2288.911495422177,944000.0,1.3834745762711864
747,Coburg,2016-06-04,House,145000.0,4,1.0,1.0,536.0,270.5223880597015,944000.0,-0.8463983050847458
748,Coburg,2016-06-04,House,905000.0,4,2.0,1.0,439.0,2061.503416856492,944000.0,-0.0413135593220339
749,Coburg,2016-06-04,House,860000.0,3,1.0,1.0,283.0,3038.86925795053,944000.0,-0.0889830508474576
750,Coburg,2016-08-06,House,953000.0,2,1.0,1.0,170.0,5605.882352941177,944000.0,0.0095338983050847
751,Coburg,2016-08-06,House,735000.0,2,1.0,1.0,280.0,2625.0,944000.0,-0.2213983050847457
752,Coburg,2016-05-07,House,1100000.0,3,1.0,1.0,576.0,1909.7222222222224,944000.0,0.1652542372881356
753,Coburg,2016-11-07,House,947000.0,3,1.0,1.0,372.0,2545.6989247311826,944000.0,0.0031779661016949
754,Coburg,2016-11-07,Townhouse,865000.0,3,2.0,2.0,263.0,3288.9733840304184,944000.0,-0.0836864406779661
755,Coburg,2016-10-08,Townhouse,740000.0,3,2.0,1.0,255.0,2901.9607843137255,944000.0,-0.2161016949152542
756,Coburg,2016-10-08,House,812000.0,3,1.0,1.0,370.0,2194.5945945945946,944000.0,-0.1398305084745762
757,Coburg,2016-10-08,House,766000.0,3,1.0,0.0,378.0,2026.4550264550264,944000.0,-0.1885593220338983
758,Coburg,2016-10-08,House,825000.0,3,1.0,1.0,374.0,2205.8823529411766,944000.0,-0.1260593220338983
759,Coburg,2016-10-08,House,1131000.0,4,2.0,2.0,494.0,2289.4736842105262,944000.0,0.198093220338983
760,Coburg,2016-10-08,House,1064000.0,3,2.0,1.0,417.0,2551.558752997602,944000.0,0.1271186440677966
761,Coburg,2016-10-08,Townhouse,610000.0,2,2.0,1.0,114.0,5350.877192982456,944000.0,-0.3538135593220339
762,Coburg,2016-09-10,House,1210000.0,3,1.0,1.0,379.0,3192.612137203166,944000.0,0.2817796610169492
763,Coburg,2016-09-10,Unit,653000.0,2,1.0,1.0,129.0,5062.015503875969,944000.0,-0.3082627118644068
764,Coburg,2016-12-10,Townhouse,640000.0,3,1.0,2.0,119.0,5378.151260504202,944000.0,-0.3220338983050847
765,Coburg,2016-12-10,House,820000.0,2,1.0,1.0,597.0,1373.5343383584589,944000.0,-0.1313559322033898
766,Coburg,2016-12-10,House,1250000.0,4,1.0,2.0,613.0,2039.1517128874389,944000.0,0.3241525423728814
767,Coburg,2016-12-10,House,1335000.0,5,3.0,2.0,390.0,3423.076923076923,944000.0,0.4141949152542373
768,Coburg,2016-12-10,House,1900000.0,6,2.0,2.0,1060.0,1792.4528301886792,944000.0,1.0127118644067796
769,Coburg,2016-11-12,House,1090000.0,3,1.0,1.0,464.0,2349.137931034483,944000.0,0.1546610169491525
770,Coburg,2016-11-12,House,1130000.0,3,1.0,2.0,735.0,1537.4149659863945,944000.0,0.1970338983050847
771,Coburg,2016-11-12,House,1145000.0,4,2.0,2.0,480.0,2385.4166666666665,944000.0,0.2129237288135593
772,Coburg,2016-08-13,Townhouse,657000.0,2,1.0,2.0,138.0,4760.869565217391,944000.0,-0.3040254237288136
773,Coburg,2016-05-14,House,763000.0,3,2.0,1.0,107.0,7130.841121495327,944000.0,-0.1917372881355932
774,Coburg,2016-10-15,House,903000.0,2,1.0,1.0,253.0,3569.1699604743085,944000.0,-0.0434322033898305
775,Coburg,2016-10-15,House,1000000.0,3,1.0,1.0,431.0,2320.185614849188,944000.0,0.059322033898305
776,Coburg,2016-10-15,House,1742000.0,4,2.0,4.0,482.0,3614.107883817427,944000.0,0.8453389830508474
777,Coburg,2016-04-16,House,865000.0,4,1.0,1.0,452.0,1913.716814159292,944000.0,-0.0836864406779661
778,Coburg,2016-07-16,House,1278000.0,3,2.0,3.0,405.0,3155.5555555555557,944000.0,0.3538135593220339
779,Coburg,2016-09-17,House,1000000.0,4,2.0,1.0,381.0,2624.6719160104985,944000.0,0.059322033898305
780,Coburg,2016-09-17,House,1030000.0,3,1.0,1.0,404.0,2549.5049504950493,944000.0,0.0911016949152542
781,Coburg,2017-03-18,House,1136000.0,4,3.0,1.0,420.0,2704.7619047619046,944000.0,0.2033898305084746
782,Coburg,2017-03-18,Townhouse,635000.0,2,1.0,1.0,97.0,6546.3917525773195,944000.0,-0.3273305084745763
783,Coburg,2017-03-18,House,1061000.0,3,1.0,1.0,527.0,2013.2827324478176,944000.0,0.1239406779661017
784,Coburg,2017-03-18,House,1155000.0,4,1.0,2.0,370.0,3121.6216216216217,944000.0,0.2235169491525423
785,Coburg,2016-06-18,House,650000.0,4,2.0,2.0,312.0,2083.3333333333335,944000.0,-0.3114406779661017
786,Coburg,2016-06-18,House,1286000.0,3,2.0,2.0,435.0,2956.32183908046,944000.0,0.3622881355932203
787,Coburg,2016-06-18,House,885000.0,3,1.0,2.0,255.0,3470.5882352941176,944000.0,-0.0625
788,Coburg,2016-06-18,House,1160000.0,4,2.0,5.0,371.0,3126.6846361185985,944000.0,0.2288135593220339
789,Coburg,2016-06-18,House,1400000.0,4,1.0,1.0,856.0,1635.5140186915887,944000.0,0.4830508474576271
790,Coburg,2016-11-19,House,1260000.0,3,2.0,0.0,407.0,3095.8230958230956,944000.0,0.3347457627118644
791,Coburg,2016-11-19,House,920000.0,2,1.0,0.0,157.0,5859.872611464968,944000.0,-0.0254237288135593
792,Coburg,2016-11-19,House,841000.0,3,1.0,3.0,385.0,2184.4155844155844,944000.0,-0.1091101694915254
793,Coburg,2016-08-22,House,1130000.0,2,1.0,2.0,520.0,2173.076923076923,944000.0,0.1970338983050847
794,Coburg,2016-08-22,Townhouse,598000.0,2,1.0,1.0,108.0,5537.037037037037,944000.0,-0.3665254237288136
795,Coburg,2016-08-22,House,1120000.0,3,2.0,1.0,293.0,3822.525597269625,944000.0,0.1864406779661017
796,Coburg,2016-08-22,House,870000.0,3,1.0,1.0,371.0,2345.013477088949,944000.0,-0.0783898305084745
797,Coburg,2016-04-23,House,680000.0,3,1.0,2.0,462.0,1471.861471861472,944000.0,-0.2796610169491525
798,Coburg,2016-04-23,House,482500.0,1,1.0,1.0,108.0,4467.592592592592,944000.0,-0.4888771186440678
799,Coburg,2016-04-23,House,825000.0,3,1.0,2.0,577.0,1429.8093587521664,944000.0,-0.1260593220338983
800,Coburg,2016-04-23,House,725000.0,3,1.0,0.0,238.0,3046.218487394958,944000.0,-0.2319915254237288
801,Coburg,2016-04-23,House,1250000.0,4,3.0,1.0,515.0,2427.1844660194174,944000.0,0.3241525423728814
802,Coburg,2016-09-24,House,1008000.0,2,1.0,3.0,457.0,2205.6892778993433,944000.0,0.0677966101694915
803,Coburg,2016-09-24,Townhouse,599000.0,2,2.0,1.0,76.0,7881.578947368421,944000.0,-0.3654661016949153
804,Coburg,2016-09-24,House,860000.0,2,1.0,1.0,483.0,1780.5383022774326,944000.0,-0.0889830508474576
805,Coburg,2016-09-24,House,990000.0,4,1.0,1.0,488.0,2028.688524590164,944000.0,0.048728813559322
806,Coburg,2017-02-25,House,635000.0,2,2.0,3.0,339.0,1873.156342182891,944000.0,-0.3273305084745763
807,Coburg,2017-02-25,House,1020000.0,5,2.0,4.0,381.0,2677.165354330709,944000.0,0.0805084745762711
808,Coburg,2017-02-25,House,967000.0,3,1.0,1.0,169.0,5721.89349112426,944000.0,0.024364406779661
809,Coburg,2017-02-25,House,1025000.0,3,1.0,3.0,336.0,3050.595238095238,944000.0,0.0858050847457627
810,Coburg,2017-02-25,House,700000.0,3,1.0,1.0,138.0,5072.463768115942,944000.0,-0.2584745762711864
811,Coburg,2017-02-25,House,1130000.0,3,1.0,3.0,206.0,5485.436893203883,944000.0,0.1970338983050847
812,Coburg,2017-02-25,House,835000.0,3,1.0,2.0,385.0,2168.8311688311687,944000.0,-0.1154661016949152
813,Coburg,2017-02-25,House,1075000.0,4,1.0,4.0,531.0,2024.482109227872,944000.0,0.1387711864406779
814,Coburg,2017-02-25,House,845000.0,3,1.0,1.0,221.0,3823.529411764706,944000.0,-0.1048728813559322
815,Coburg,2017-02-25,Townhouse,600000.0,3,1.0,1.0,102.0,5882.35294117647,944000.0,-0.3644067796610169
816,Coburg,2017-02-25,House,1461000.0,4,2.0,2.0,571.0,2558.6690017513133,944000.0,0.5476694915254238
817,Coburg,2016-07-26,House,1150000.0,4,2.0,2.0,43.0,26744.18604651163,944000.0,0.2182203389830508
818,Coburg,2016-06-27,House,770000.0,3,1.0,2.0,408.0,1887.2549019607843,944000.0,-0.1843220338983051
819,Coburg,2016-06-27,House,472000.0,2,1.0,1.0,500.0,944.0,944000.0,-0.5
820,Coburg,2016-06-27,House,901000.0,2,1.0,1.0,545.0,1653.211009174312,944000.0,-0.0455508474576271
821,Coburg,2016-06-27,House,642000.0,2,1.0,0.0,167.0,3844.311377245509,944000.0,-0.3199152542372881
822,Coburg,2016-11-27,Townhouse,687000.0,3,1.0,1.0,116.0,5922.413793103448,944000.0,-0.2722457627118644
823,Coburg,2016-11-27,House,975000.0,4,2.0,2.0,307.0,3175.8957654723126,944000.0,0.0328389830508474
824,Coburg,2016-11-27,House,985000.0,3,1.0,1.0,309.0,3187.7022653721683,944000.0,0.0434322033898305
825,Coburg,2016-11-27,House,835000.0,3,1.0,1.0,459.0,1819.1721132897603,944000.0,-0.1154661016949152
826,Coburg,2016-11-27,House,951000.0,3,2.0,0.0,342.0,2780.7017543859647,944000.0,0.0074152542372881
827,Coburg,2016-05-28,House,1370000.0,3,1.0,1.0,563.0,2433.392539964476,944000.0,0.451271186440678
828,Coburg,2016-05-28,House,700000.0,2,1.0,2.0,381.0,1837.270341207349,944000.0,-0.2584745762711864
829,Coburg,2016-05-28,Townhouse,810000.0,3,2.0,1.0,213.0,3802.8169014084506,944000.0,-0.1419491525423729
830,Coburg,2016-05-28,House,838000.0,4,1.0,1.0,576.0,1454.861111111111,944000.0,-0.1122881355932203
831,Coburg,2016-05-28,House,810000.0,2,1.0,1.0,370.0,2189.189189189189,944000.0,-0.1419491525423729
832,Coburg,2016-05-28,House,1150000.0,4,1.0,2.0,633.0,1816.7456556082147,944000.0,0.2182203389830508
833,Coburg,2016-05-28,House,931000.0,4,1.0,1.0,412.0,2259.7087378640776,944000.0,-0.0137711864406779
834,Coburg,2016-08-28,House,1331000.0,4,2.0,2.0,394.0,3378.1725888324872,944000.0,0.4099576271186441
835,Coburg,2016-08-28,House,1007000.0,1,2.0,0.0,807.0,1247.831474597274,944000.0,0.0667372881355932
836,Coburg,2016-08-28,House,981000.0,2,1.0,1.0,263.0,3730.038022813688,944000.0,0.0391949152542372
837,Coburg,2016-08-28,House,500000.0,2,1.0,1.0,113.0,4424.778761061947,944000.0,-0.4703389830508475
838,Coburg,2016-07-30,House,830000.0,3,2.0,0.0,559.0,1484.79427549195,944000.0,-0.1207627118644067
839,Coburg,2016-07-30,House,1194500.0,3,1.0,2.0,537.0,2224.3947858473,944000.0,0.2653601694915254
840,Coburg,2016-07-30,House,645000.0,2,1.0,1.0,702.0,918.8034188034188,944000.0,-0.3167372881355932
841,Essendon,2016-09-03,House,1425000.0,3,2.0,2.0,684.0,2083.3333333333335,1165000.0,0.223175965665236
842,Essendon,2016-09-03,Unit,660000.0,2,1.0,1.0,263.0,2509.505703422053,1165000.0,-0.4334763948497854
843,Essendon,2016-12-03,House,980000.0,3,1.0,1.0,445.0,2202.247191011236,1165000.0,-0.1587982832618025
844,Essendon,2016-12-03,House,1295000.0,3,1.0,3.0,688.0,1882.2674418604652,1165000.0,0.111587982832618
845,Essendon,2016-12-03,House,1900000.0,4,1.0,2.0,733.0,2592.087312414734,1165000.0,0.630901287553648
846,Essendon,2016-12-03,Townhouse,595000.0,2,1.0,2.0,752.0,791.2234042553191,1165000.0,-0.4892703862660944
847,Essendon,2016-02-04,House,911000.0,3,2.0,2.0,225.0,4048.8888888888887,1165000.0,-0.2180257510729613
848,Essendon,2017-03-04,House,900000.0,4,2.0,1.0,288.0,3125.0,1165000.0,-0.2274678111587982
849,Essendon,2017-03-04,House,1965000.0,4,2.0,4.0,704.0,2791.193181818182,1165000.0,0.6866952789699571
850,Essendon,2017-03-04,Unit,840000.0,3,2.0,1.0,282.0,2978.723404255319,1165000.0,-0.278969957081545
851,Essendon,2017-03-04,Unit,702500.0,2,1.0,1.0,168.0,4181.547619047619,1165000.0,-0.3969957081545064
852,Essendon,2017-03-04,House,960000.0,3,1.0,2.0,549.0,1748.6338797814208,1165000.0,-0.1759656652360515
853,Essendon,2017-03-04,House,1670000.0,4,2.0,1.0,291.0,5738.831615120275,1165000.0,0.4334763948497854
854,Essendon,2016-06-04,House,1100000.0,3,2.0,1.0,789.0,1394.169835234474,1165000.0,-0.055793991416309
855,Essendon,2016-06-04,House,1800000.0,4,2.0,2.0,648.0,2777.777777777778,1165000.0,0.5450643776824035
856,Essendon,2016-08-06,Townhouse,1250000.0,4,3.0,2.0,374.0,3342.2459893048126,1165000.0,0.0729613733905579
857,Essendon,2016-05-07,House,1365000.0,3,1.0,1.0,754.0,1810.344827586207,1165000.0,0.1716738197424892
858,Essendon,2016-05-07,House,1130000.0,2,1.0,1.0,646.0,1749.2260061919503,1165000.0,-0.0300429184549356
859,Essendon,2016-11-07,House,1467000.0,3,2.0,2.0,188.0,7803.191489361702,1165000.0,0.2592274678111588
860,Essendon,2016-11-07,House,1315000.0,2,1.0,0.0,634.0,2074.1324921135647,1165000.0,0.1287553648068669
861,Essendon,2016-11-07,House,2390000.0,3,1.0,1.0,669.0,3572.496263079223,1165000.0,1.0515021459227467
862,Essendon,2016-10-08,House,1240000.0,3,2.0,2.0,307.0,4039.087947882736,1165000.0,0.0643776824034334
863,Essendon,2016-10-08,House,2800000.0,5,4.0,6.0,877.0,3192.702394526796,1165000.0,1.4034334763948495
864,Essendon,2016-09-10,Unit,645000.0,2,1.0,1.0,228.0,2828.9473684210525,1165000.0,-0.4463519313304721
865,Essendon,2016-09-10,House,1160000.0,4,3.0,2.0,256.0,4531.25,1165000.0,-0.0042918454935622
866,Essendon,2016-12-10,Unit,445000.0,2,1.0,1.0,916.0,485.8078602620087,1165000.0,-0.6180257510729614
867,Essendon,2016-12-10,House,2620000.0,6,4.0,2.0,860.0,3046.5116279069766,1165000.0,1.2489270386266094
868,Essendon,2016-12-10,House,1226000.0,3,1.0,3.0,533.0,2300.187617260788,1165000.0,0.0523605150214592
869,Essendon,2016-12-10,House,825000.0,3,1.0,3.0,477.0,1729.559748427673,1165000.0,-0.2918454935622318
870,Essendon,2017-02-11,House,1402000.0,4,2.0,1.0,554.0,2530.6859205776173,1165000.0,0.2034334763948498
871,Essendon,2017-02-11,House,897000.0,3,1.0,2.0,226.0,3969.026548672566,1165000.0,-0.2300429184549356
872,Essendon,2017-03-11,House,1240000.0,3,1.0,1.0,503.0,2465.2087475149106,1165000.0,0.0643776824034334
873,Essendon,2016-06-12,House,1990000.0,3,2.0,2.0,1021.0,1949.0695396669933,1165000.0,0.7081545064377682
874,Essendon,2016-06-12,House,855000.0,3,1.0,2.0,396.0,2159.090909090909,1165000.0,-0.2660944206008583
875,Essendon,2016-06-12,House,1775000.0,4,2.0,2.0,725.0,2448.2758620689656,1165000.0,0.5236051502145923
876,Essendon,2016-11-12,House,1275000.0,4,2.0,2.0,503.0,2534.7912524850894,1165000.0,0.0944206008583691
877,Essendon,2016-11-12,House,1800000.0,5,2.0,2.0,611.0,2945.9901800327334,1165000.0,0.5450643776824035
878,Essendon,2016-11-12,House,1590000.0,4,3.0,1.0,475.0,3347.3684210526317,1165000.0,0.3648068669527897
879,Essendon,2016-11-12,House,1385000.0,3,2.0,1.0,619.0,2237.479806138934,1165000.0,0.1888412017167382
880,Essendon,2016-08-13,Townhouse,650000.0,3,2.0,1.0,160.0,4062.5,1165000.0,-0.4420600858369098
881,Essendon,2016-05-14,Townhouse,1000000.0,3,2.0,1.0,291.0,3436.426116838488,1165000.0,-0.1416309012875536
882,Essendon,2016-05-14,House,980000.0,3,1.0,1.0,464.0,2112.0689655172414,1165000.0,-0.1587982832618025
883,Essendon,2016-10-15,Unit,585000.0,2,1.0,1.0,160.0,3656.25,1165000.0,-0.4978540772532189
884,Essendon,2016-10-15,House,1295000.0,4,2.0,2.0,696.0,1860.632183908046,1165000.0,0.111587982832618
885,Essendon,2016-10-15,Townhouse,720000.0,3,1.0,2.0,190.0,3789.4736842105262,1165000.0,-0.3819742489270386
886,Essendon,2016-10-15,House,732500.0,2,1.0,1.0,196.0,3737.244897959184,1165000.0,-0.371244635193133
887,Essendon,2016-10-15,House,1635000.0,4,1.0,2.0,638.0,2562.69592476489,1165000.0,0.4034334763948498
888,Essendon,2016-10-15,House,980000.0,3,1.0,3.0,503.0,1948.31013916501,1165000.0,-0.1587982832618025
889,Essendon,2016-10-15,Unit,840000.0,3,2.0,2.0,282.0,2978.723404255319,1165000.0,-0.278969957081545
890,Essendon,2016-10-15,House,1001000.0,2,1.0,2.0,244.0,4102.459016393443,1165000.0,-0.1407725321888412
891,Essendon,2016-04-16,Unit,800000.0,2,1.0,2.0,502.0,1593.6254980079682,1165000.0,-0.3133047210300429
892,Essendon,2016-04-16,House,1575000.0,5,3.0,2.0,700.0,2250.0,1165000.0,0.351931330472103
893,Essendon,2016-04-16,House,1467000.0,4,2.0,1.0,683.0,2147.8770131771594,1165000.0,0.2592274678111588
894,Essendon,2016-04-16,House,770000.0,3,1.0,0.0,438.0,1757.9908675799086,1165000.0,-0.3390557939914163
895,Essendon,2016-04-16,House,890000.0,2,1.0,1.0,649.0,1371.3405238828968,1165000.0,-0.2360515021459227
896,Essendon,2016-07-16,House,870000.0,2,1.0,2.0,319.0,2727.2727272727275,1165000.0,-0.2532188841201717
897,Essendon,2016-07-16,House,1500000.0,4,2.0,2.0,858.0,1748.2517482517485,1165000.0,0.2875536480686695
898,Essendon,2016-07-16,House,1266000.0,3,1.0,2.0,635.0,1993.7007874015749,1165000.0,0.086695278969957
899,Essendon,2016-09-17,House,1134000.0,3,1.0,1.0,551.0,2058.076225045372,1165000.0,-0.0266094420600858
900,Essendon,2016-09-17,House,1756000.0,5,2.0,5.0,963.0,1823.4683281412256,1165000.0,0.5072961373390558
901,Essendon,2016-09-17,Unit,650000.0,2,1.0,1.0,156.0,4166.666666666667,1165000.0,-0.4420600858369098
902,Essendon,2016-09-17,House,1065000.0,2,1.0,2.0,477.0,2232.7044025157234,1165000.0,-0.0858369098712446
903,Essendon,2016-09-17,Unit,667000.0,2,1.0,1.0,206.0,3237.864077669903,1165000.0,-0.4274678111587983
904,Essendon,2016-09-17,House,1610000.0,4,2.0,2.0,601.0,2678.8685524126454,1165000.0,0.3819742489270386
905,Essendon,2017-03-18,House,1695000.0,3,1.0,3.0,855.0,1982.4561403508771,1165000.0,0.4549356223175965
906,Essendon,2017-03-18,House,930000.0,2,1.0,2.0,225.0,4133.333333333333,1165000.0,-0.2017167381974249
907,Essendon,2017-03-18,House,1870000.0,4,1.0,1.0,700.0,2671.4285714285716,1165000.0,0.6051502145922747
908,Essendon,2017-03-18,House,1726000.0,4,2.0,2.0,705.0,2448.22695035461,1165000.0,0.4815450643776824
909,Essendon,2017-03-18,House,1050000.0,3,1.0,1.0,420.0,2500.0,1165000.0,-0.0987124463519313
910,Essendon,2017-03-18,House,1470000.0,3,1.0,1.0,687.0,2139.7379912663755,1165000.0,0.2618025751072961
911,Essendon,2017-03-18,House,801500.0,3,1.0,1.0,175.0,4580.0,1165000.0,-0.3120171673819742
912,Essendon,2016-06-18,House,1475000.0,3,1.0,2.0,388.0,3801.546391752577,1165000.0,0.2660944206008583
913,Essendon,2016-06-18,Townhouse,750000.0,3,1.0,1.0,253.0,2964.4268774703555,1165000.0,-0.3562231759656652
914,Essendon,2016-11-19,House,1600000.0,4,3.0,1.0,519.0,3082.8516377649325,1165000.0,0.3733905579399141
915,Essendon,2016-11-19,House,1535000.0,4,1.0,2.0,638.0,2405.956112852665,1165000.0,0.3175965665236051
916,Essendon,2016-11-19,House,1400000.0,3,2.0,2.0,383.0,3655.3524804177546,1165000.0,0.2017167381974249
917,Essendon,2016-08-22,House,1460000.0,3,2.0,1.0,605.0,2413.223140495868,1165000.0,0.2532188841201717
918,Essendon,2016-09-24,Unit,405000.0,2,1.0,1.0,121.0,3347.1074380165287,1165000.0,-0.6523605150214592
919,Essendon,2016-09-24,Unit,740000.0,2,1.0,1.0,250.0,2960.0,1165000.0,-0.3648068669527897
920,Essendon,2017-02-25,Unit,691000.0,2,1.0,1.0,201.0,3437.8109452736317,1165000.0,-0.4068669527896996
921,Essendon,2017-02-25,House,2355000.0,4,2.0,3.0,715.0,3293.7062937062938,1165000.0,1.0214592274678111
922,Essendon,2017-02-25,House,1560000.0,4,1.0,2.0,650.0,2400.0,1165000.0,0.3390557939914163
923,Essendon,2016-07-26,House,1330000.0,3,1.0,4.0,687.0,1935.9534206695776,1165000.0,0.1416309012875536
924,Essendon,2016-07-26,House,1625000.0,3,2.0,1.0,858.0,1893.939393939394,1165000.0,0.3948497854077253
925,Essendon,2016-07-26,House,1150000.0,3,1.0,0.0,300.0,3833.3333333333335,1165000.0,-0.0128755364806866
926,Essendon,2016-06-27,House,1085000.0,3,1.0,1.0,325.0,3338.4615384615386,1165000.0,-0.0686695278969957
927,Essendon,2016-06-27,House,1800000.0,6,2.0,2.0,870.0,2068.9655172413795,1165000.0,0.5450643776824035
928,Essendon,2016-06-27,Unit,645000.0,2,1.0,1.0,170.0,3794.1176470588234,1165000.0,-0.4463519313304721
929,Essendon,2016-11-27,House,1630000.0,3,2.0,2.0,563.0,2895.2042628774425,1165000.0,0.3991416309012875
930,Essendon,2016-11-27,House,850000.0,3,2.0,1.0,580.0,1465.5172413793102,1165000.0,-0.2703862660944206
931,Essendon,2016-11-27,Unit,872000.0,3,1.0,1.0,862.0,1011.600928074246,1165000.0,-0.2515021459227468
932,Essendon,2016-11-27,Townhouse,935000.0,3,2.0,2.0,247.0,3785.425101214575,1165000.0,-0.1974248927038626
933,Essendon,2016-11-27,Unit,440000.0,2,1.0,1.0,1011.0,435.2126607319486,1165000.0,-0.6223175965665236
934,Essendon,2016-11-27,House,1811000.0,5,3.0,2.0,657.0,2756.468797564688,1165000.0,0.5545064377682404
935,Essendon,2016-05-28,House,1500000.0,3,2.0,3.0,440.0,3409.090909090909,1165000.0,0.2875536480686695
936,Essendon,2016-05-28,House,1290000.0,3,1.0,2.0,605.0,2132.2314049586776,1165000.0,0.1072961373390558
937,Essendon,2016-05-28,House,1045000.0,3,1.0,1.0,429.0,2435.897435897436,1165000.0,-0.1030042918454935
938,Essendon,2016-08-28,House,1290000.0,3,1.0,1.0,618.0,2087.378640776699,1165000.0,0.1072961373390558
939,Essendon,2016-08-28,House,953000.0,2,1.0,1.0,414.0,2301.932367149758,1165000.0,-0.1819742489270386
940,Essendon,2016-08-28,House,1270000.0,4,2.0,2.0,411.0,3090.0243309002435,1165000.0,0.0901287553648068
941,Essendon,2016-08-28,House,1445000.0,3,2.0,1.0,400.0,3612.5,1165000.0,0.2403433476394849
942,Essendon,2016-08-28,House,1113000.0,4,1.0,2.0,533.0,2088.1801125703564,1165000.0,-0.0446351931330472
943,Essendon,2016-07-30,House,1505000.0,3,2.0,2.0,625.0,2408.0,1165000.0,0.2918454935622318
944,Glen Iris,2016-09-03,House,1735000.0,3,2.0,3.0,680.0,2551.470588235294,1750500.0,-0.0088546129677235
945,Glen Iris,2016-09-03,House,1699000.0,2,1.0,2.0,653.0,2601.8376722817766,1750500.0,-0.0294201656669523
946,Glen Iris,2016-09-03,House,3400000.0,4,3.0,2.0,856.0,3971.96261682243,1750500.0,0.942302199371608
947,Glen Iris,2016-09-03,House,3730000.0,5,3.0,2.0,919.0,4058.759521218716,1750500.0,1.1308197657812054
948,Glen Iris,2016-12-03,House,1800000.0,4,2.0,2.0,868.0,2073.7327188940094,1750500.0,0.0282776349614395
949,Glen Iris,2016-12-03,House,1998000.0,4,2.0,1.0,739.0,2703.6535859269284,1750500.0,0.1413881748071979
950,Glen Iris,2017-03-04,House,3110000.0,4,2.0,4.0,1318.0,2359.6358118361154,1750500.0,0.7766352470722651
951,Glen Iris,2017-03-04,House,1780000.0,3,1.0,2.0,627.0,2838.915470494418,1750500.0,0.0168523279063124
952,Glen Iris,2017-03-04,House,1425000.0,3,2.0,2.0,217.0,6566.820276497696,1750500.0,-0.1859468723221936
953,Glen Iris,2016-06-04,House,1530000.0,3,1.0,1.0,753.0,2031.8725099601593,1750500.0,-0.1259640102827763
954,Glen Iris,2016-06-04,House,1900000.0,4,4.0,2.0,708.0,2683.6158192090397,1750500.0,0.0854041702370751
955,Glen Iris,2016-06-04,House,1500000.0,2,1.0,2.0,660.0,2272.7272727272725,1750500.0,-0.143101970865467
956,Glen Iris,2016-06-04,House,1360000.0,3,2.0,1.0,704.0,1931.8181818181815,1750500.0,-0.2230791202513567
957,Glen Iris,2016-06-04,House,2175000.0,5,3.0,4.0,619.0,3513.73182552504,1750500.0,0.2425021422450728
958,Glen Iris,2016-06-04,House,2325000.0,4,3.0,2.0,638.0,3644.200626959247,1750500.0,0.3281919451585261
959,Glen Iris,2016-08-06,House,2538000.0,4,2.0,3.0,630.0,4028.571428571429,1750500.0,0.4498714652956298
960,Glen Iris,2016-08-06,House,2300000.0,4,3.0,4.0,1258.0,1828.2988871224163,1750500.0,0.3139103113396173
961,Glen Iris,2016-05-07,House,1600000.0,3,2.0,1.0,704.0,2272.7272727272725,1750500.0,-0.0859754355898314
962,Glen Iris,2016-05-07,House,2100000.0,3,2.0,2.0,904.0,2323.008849557522,1750500.0,0.1996572407883461
963,Glen Iris,2016-05-07,House,2115000.0,3,2.0,2.0,745.0,2838.9261744966443,1750500.0,0.2082262210796915
964,Glen Iris,2016-05-07,House,1700000.0,3,2.0,2.0,625.0,2720.0,1750500.0,-0.0288489003141959
965,Glen Iris,2016-05-07,House,3500000.0,4,2.0,2.0,859.0,4074.5052386495927,1750500.0,0.9994287346472436
966,Glen Iris,2016-05-07,House,1750000.0,3,2.0,2.0,652.0,2684.0490797546013,1750500.0,-0.0002856326763781
967,Glen Iris,2016-11-07,House,967500.0,3,2.0,1.0,233.0,4152.360515021459,1750500.0,-0.4473007712082262
968,Glen Iris,2016-11-07,House,2077000.0,4,2.0,3.0,553.0,3755.8770343580472,1750500.0,0.18651813767495
969,Glen Iris,2016-11-07,House,2850000.0,4,3.0,2.0,1184.0,2407.0945945945946,1750500.0,0.6281062553556127
970,Glen Iris,2016-10-08,House,1222000.0,3,1.0,1.0,215.0,5683.720930232558,1750500.0,-0.3019137389317338
971,Glen Iris,2016-10-08,House,1550000.0,4,2.0,2.0,662.0,2341.3897280966767,1750500.0,-0.1145387032276492
972,Glen Iris,2016-09-10,House,1660000.0,3,1.0,2.0,297.0,5589.225589225589,1750500.0,-0.0516995144244501
973,Glen Iris,2016-09-10,House,2250000.0,6,3.0,2.0,650.0,3461.5384615384614,1750500.0,0.2853470437017995
974,Glen Iris,2016-09-10,Unit,1162000.0,3,2.0,2.0,281.0,4135.231316725979,1750500.0,-0.3361896600971151
975,Glen Iris,2016-09-10,House,2020000.0,4,2.0,2.0,630.0,3206.3492063492063,1750500.0,0.1539560125678377
976,Glen Iris,2016-09-10,House,845000.0,2,0.0,0.0,207.0,4082.1256038647343,1750500.0,-0.5172807769208797
977,Glen Iris,2016-09-10,House,1510000.0,3,2.0,2.0,370.0,4081.0810810810817,1750500.0,-0.1373893173379034
978,Glen Iris,2016-12-10,House,2010000.0,4,2.0,2.0,659.0,3050.0758725341425,1750500.0,0.1482433590402742
979,Glen Iris,2016-12-10,House,1275000.0,3,2.0,2.0,669.0,1905.829596412556,1750500.0,-0.2716366752356469
980,Glen Iris,2016-12-10,Unit,452000.0,1,1.0,1.0,63.0,7174.603174603175,1750500.0,-0.7417880605541274
981,Glen Iris,2016-12-10,Townhouse,1625000.0,3,2.0,2.0,365.0,4452.054794520548,1750500.0,-0.0716938017709225
982,Glen Iris,2016-11-12,House,1800000.0,4,3.0,2.0,743.0,2422.611036339166,1750500.0,0.0282776349614395
983,Glen Iris,2016-11-12,House,1820000.0,3,1.0,3.0,650.0,2800.0,1750500.0,0.0397029420165667
984,Glen Iris,2016-11-12,Unit,291000.0,1,1.0,1.0,1097.0,265.26891522333636,1750500.0,-0.8337617823479005
985,Glen Iris,2016-11-12,Unit,710000.0,2,1.0,2.0,123.0,5772.357723577235,1750500.0,-0.5944015995429878
986,Glen Iris,2016-11-12,House,2376000.0,4,2.0,2.0,652.0,3644.171779141104,1750500.0,0.3573264781491002
987,Glen Iris,2016-11-12,House,1020000.0,2,1.0,0.0,251.0,4063.7450199203186,1750500.0,-0.4173093401885175
988,Glen Iris,2016-11-12,House,1456000.0,3,1.0,2.0,504.0,2888.8888888888887,1750500.0,-0.1682376463867466
989,Glen Iris,2016-08-13,House,1875000.0,3,2.0,3.0,607.0,3088.9621087314663,1750500.0,0.0711225364181662
990,Glen Iris,2016-08-13,House,1430000.0,3,3.0,2.0,385.0,3714.285714285714,1750500.0,-0.1830905455584119
991,Glen Iris,2016-05-14,Townhouse,345000.0,1,1.0,1.0,745.0,463.0872483221477,1750500.0,-0.8029134532990574
992,Glen Iris,2016-05-14,House,2000000.0,5,3.0,1.0,696.0,2873.5632183908046,1750500.0,0.1425307055127106
993,Glen Iris,2016-05-14,House,1550000.0,4,0.0,0.0,769.0,2015.6046814044216,1750500.0,-0.1145387032276492
994,Glen Iris,2016-05-14,House,1625000.0,3,2.0,4.0,1005.0,1616.915422885572,1750500.0,-0.0716938017709225
995,Glen Iris,2016-10-15,Townhouse,585000.0,2,1.0,1.0,84.0,6964.285714285715,1750500.0,-0.6658097686375322
996,Glen Iris,2016-10-15,House,1960000.0,5,3.0,2.0,650.0,3015.3846153846152,1750500.0,0.1196800914024564
997,Glen Iris,2016-10-15,House,1700000.0,4,3.0,1.0,650.0,2615.3846153846152,1750500.0,-0.0288489003141959
998,Glen Iris,2016-10-15,Townhouse,1220000.0,3,2.0,2.0,278.0,4388.489208633094,1750500.0,-0.3030562696372465
999,Glen Iris,2016-10-15,House,1375000.0,3,2.0,2.0,328.0,4192.073170731707,1750500.0,-0.2145101399600114
1000,Glen Iris,2016-10-15,House,920000.0,2,1.0,2.0,334.0,2754.491017964072,1750500.0,-0.4744358754641531
1001,Glen Iris,2016-07-16,Unit,382000.0,2,1.0,1.0,1069.0,357.34331150608045,1750500.0,-0.7817766352470723
1002,Glen Iris,2016-07-16,Townhouse,1350000.0,4,2.0,2.0,342.0,3947.368421052632,1750500.0,-0.2287917737789203
1003,Glen Iris,2016-07-16,House,1280000.0,2,1.0,1.0,412.0,3106.7961165048546,1750500.0,-0.2687803484718651
1004,Glen Iris,2016-09-17,House,1825000.0,3,1.0,2.0,652.0,2799.079754601227,1750500.0,0.0425592687803484
1005,Glen Iris,2016-09-17,House,2825000.0,5,4.0,4.0,802.0,3522.443890274314,1750500.0,0.6138246215367038
1006,Glen Iris,2016-09-17,House,2825000.0,3,2.0,4.0,885.0,3192.090395480226,1750500.0,0.6138246215367038
1007,Glen Iris,2016-09-17,House,1825000.0,4,3.0,2.0,366.0,4986.338797814207,1750500.0,0.0425592687803484
1008,Glen Iris,2017-03-18,House,2016000.0,4,2.0,3.0,733.0,2750.3410641200544,1750500.0,0.1516709511568123
1009,Glen Iris,2017-03-18,House,3085000.0,5,3.0,3.0,778.0,3965.295629820051,1750500.0,0.7623536132533562
1010,Glen Iris,2017-03-18,House,1710000.0,3,1.0,3.0,557.0,3070.0179533213645,1750500.0,-0.0231362467866323
1011,Glen Iris,2017-03-18,House,1770000.0,3,1.0,3.0,603.0,2935.323383084577,1750500.0,0.0111396743787489
1012,Glen Iris,2017-03-18,House,1765000.0,3,1.0,2.0,650.0,2715.3846153846152,1750500.0,0.0082833476149671
1013,Glen Iris,2016-06-18,House,2000000.0,3,1.0,2.0,821.0,2436.05359317905,1750500.0,0.1425307055127106
1014,Glen Iris,2016-06-18,House,1600000.0,2,2.0,2.0,718.0,2228.4122562674092,1750500.0,-0.0859754355898314
1015,Glen Iris,2016-06-18,House,1880000.0,3,2.0,2.0,668.0,2814.37125748503,1750500.0,0.073978863181948
1016,Glen Iris,2016-11-19,House,2352500.0,5,3.0,2.0,642.0,3664.330218068536,1750500.0,0.3439017423593259
1017,Glen Iris,2016-11-19,House,3860000.0,5,4.0,2.0,830.0,4650.6024096385545,1750500.0,1.2050842616395316
1018,Glen Iris,2016-11-19,House,2625000.0,4,3.0,2.0,840.0,3125.0,1750500.0,0.4995715509854327
1019,Glen Iris,2016-05-22,House,1650000.0,5,2.0,2.0,400.0,4125.0,1750500.0,-0.0574121679520137
1020,Glen Iris,2016-09-24,Unit,690000.0,2,1.0,2.0,166.0,4156.626506024097,1750500.0,-0.6058269065981148
1021,Glen Iris,2016-09-24,Townhouse,1200000.0,3,2.0,2.0,541.0,2218.1146025878,1750500.0,-0.3144815766923736
1022,Glen Iris,2016-09-24,House,3010000.0,4,3.0,2.0,677.0,4446.085672082718,1750500.0,0.7195087117966296
1023,Glen Iris,2017-02-25,House,1950000.0,4,2.0,2.0,775.0,2516.1290322580644,1750500.0,0.1139674378748928
1024,Glen Iris,2017-02-25,House,2200000.0,3,1.0,2.0,700.0,3142.8571428571427,1750500.0,0.2567837760639817
1025,Glen Iris,2017-02-25,House,1751000.0,3,1.0,3.0,609.0,2875.2052545155993,1750500.0,0.0002856326763781
1026,Glen Iris,2017-02-25,House,1857000.0,4,2.0,3.0,548.0,3388.6861313868612,1750500.0,0.0608397600685518
1027,Glen Iris,2017-02-25,Unit,375000.0,1,1.0,1.0,602.0,622.9235880398671,1750500.0,-0.7857754927163667
1028,Glen Iris,2017-02-25,House,1500000.0,3,1.0,3.0,401.0,3740.648379052369,1750500.0,-0.143101970865467
1029,Glen Iris,2017-02-25,House,2725000.0,4,3.0,2.0,603.0,4519.071310116086,1750500.0,0.5566980862610683
1030,Glen Iris,2016-07-26,House,1723000.0,2,1.0,1.0,553.0,3115.732368896926,1750500.0,-0.0157097972007997
1031,Glen Iris,2016-07-26,House,2800000.0,3,1.0,2.0,762.0,3674.540682414698,1750500.0,0.5995429877177949
1032,Glen Iris,2016-06-27,House,1665000.0,3,1.0,2.0,685.0,2430.6569343065694,1750500.0,-0.0488431876606683
1033,Glen Iris,2016-06-27,House,1420000.0,3,1.0,2.0,615.0,2308.9430894308944,1750500.0,-0.1888031990859754
1034,Glen Iris,2016-11-27,House,1550000.0,3,2.0,2.0,307.0,5048.85993485342,1750500.0,-0.1145387032276492
1035,Glen Iris,2016-11-27,Unit,420000.0,1,1.0,1.0,805.0,521.7391304347826,1750500.0,-0.7600685518423308
1036,Glen Iris,2016-11-27,House,1920000.0,4,2.0,2.0,706.0,2719.5467422096317,1750500.0,0.0968294772922022
1037,Glen Iris,2016-11-27,House,2100000.0,5,3.0,2.0,696.0,3017.2413793103447,1750500.0,0.1996572407883461
1038,Glen Iris,2016-11-27,House,2410000.0,5,2.0,2.0,654.0,3685.0152905198775,1750500.0,0.3767495001428163
1039,Glen Iris,2016-11-27,House,2100000.0,4,2.0,2.0,645.0,3255.813953488372,1750500.0,0.1996572407883461
1040,Glen Iris,2016-11-27,House,2950000.0,4,2.0,2.0,1485.0,1986.5319865319864,1750500.0,0.6852327906312482
1041,Glen Iris,2016-05-28,House,3365000.0,5,2.0,2.0,1339.0,2513.0694548170277,1750500.0,0.9223079120251356
1042,Glen Iris,2016-05-28,House,1390000.0,4,2.0,3.0,397.0,3501.259445843829,1750500.0,-0.2059411596686661
1043,Glen Iris,2016-05-28,House,1802000.0,4,3.0,2.0,394.0,4573.604060913705,1750500.0,0.0294201656669523
1044,Glen Iris,2016-08-28,House,1310000.0,3,1.0,2.0,464.0,2823.2758620689656,1750500.0,-0.2516423878891745
1045,Glen Iris,2016-08-28,House,1931000.0,3,2.0,2.0,648.0,2979.938271604938,1750500.0,0.1031133961725221
1046,Glen Iris,2016-08-28,House,2000000.0,4,2.0,4.0,401.0,4987.5311720698255,1750500.0,0.1425307055127106
1047,Glen Iris,2016-08-28,House,1250000.0,2,1.0,2.0,438.0,2853.8812785388127,1750500.0,-0.2859183090545558
1048,Glen Iris,2016-07-30,House,2400000.0,5,3.0,2.0,709.0,3385.049365303244,1750500.0,0.3710368466152527
1049,Glenroy,2016-09-03,House,610000.0,3,1.0,2.0,696.0,876.4367816091954,677500.0,-0.0996309963099631
1050,Glenroy,2016-12-03,House,610000.0,3,1.0,3.0,640.0,953.125,677500.0,-0.0996309963099631
1051,Glenroy,2016-12-03,Townhouse,555000.0,3,2.0,2.0,244.0,2274.590163934426,677500.0,-0.1808118081180811
1052,Glenroy,2016-12-03,House,500000.0,3,1.0,1.0,336.0,1488.095238095238,677500.0,-0.2619926199261992
1053,Glenroy,2016-12-03,House,806500.0,3,1.0,2.0,766.0,1052.8720626631855,677500.0,0.1904059040590406
1054,Glenroy,2016-12-03,House,1150000.0,5,3.0,2.0,700.0,1642.857142857143,677500.0,0.6974169741697417
1055,Glenroy,2017-03-04,House,850000.0,5,3.0,1.0,487.0,1745.3798767967146,677500.0,0.2546125461254612
1056,Glenroy,2017-03-04,House,550000.0,4,2.0,1.0,683.0,805.2708638360176,677500.0,-0.1881918819188192
1057,Glenroy,2017-03-04,House,822000.0,3,1.0,4.0,700.0,1174.2857142857142,677500.0,0.2132841328413284
1058,Glenroy,2017-03-04,House,980000.0,3,2.0,3.0,1029.0,952.3809523809524,677500.0,0.4464944649446494
1059,Glenroy,2016-08-06,House,670000.0,3,1.0,1.0,652.0,1027.6073619631902,677500.0,-0.011070110701107
1060,Glenroy,2016-08-06,Unit,430000.0,2,1.0,1.0,164.0,2621.951219512195,677500.0,-0.3653136531365313
1061,Glenroy,2016-08-06,House,852500.0,2,1.0,2.0,832.0,1024.639423076923,677500.0,0.2583025830258302
1062,Glenroy,2016-08-06,House,1025000.0,4,2.0,4.0,1011.0,1013.847675568744,677500.0,0.5129151291512916
1063,Glenroy,2016-05-07,House,540000.0,2,1.0,1.0,164.0,3292.682926829268,677500.0,-0.2029520295202952
1064,Glenroy,2016-11-07,House,530000.0,2,1.0,2.0,643.0,824.2612752721617,677500.0,-0.2177121771217712
1065,Glenroy,2016-10-08,House,721000.0,3,1.0,2.0,674.0,1069.73293768546,677500.0,0.0642066420664206
1066,Glenroy,2016-10-08,House,737000.0,3,1.0,4.0,640.0,1151.5625,677500.0,0.0878228782287822
1067,Glenroy,2016-10-08,House,575500.0,3,1.0,1.0,701.0,820.9700427960057,677500.0,-0.1505535055350553
1068,Glenroy,2016-10-08,House,600000.0,3,1.0,2.0,702.0,854.7008547008547,677500.0,-0.1143911439114391
1069,Glenroy,2016-10-08,House,460000.0,3,2.0,2.0,224.0,2053.5714285714284,677500.0,-0.3210332103321033
1070,Glenroy,2016-10-08,Townhouse,370000.0,3,2.0,1.0,259.0,1428.571428571429,677500.0,-0.4538745387453874
1071,Glenroy,2016-09-10,House,691000.0,3,1.0,2.0,753.0,917.6626826029216,677500.0,0.0199261992619926
1072,Glenroy,2016-09-10,House,500000.0,3,1.0,1.0,589.0,848.8964346349745,677500.0,-0.2619926199261992
1073,Glenroy,2016-09-10,Townhouse,545000.0,3,2.0,1.0,136.0,4007.3529411764703,677500.0,-0.1955719557195571
1074,Glenroy,2016-12-10,House,670000.0,3,1.0,4.0,734.0,912.8065395095368,677500.0,-0.011070110701107
1075,Glenroy,2016-12-10,House,572000.0,3,1.0,2.0,627.0,912.280701754386,677500.0,-0.1557195571955719
1076,Glenroy,2016-12-10,House,702000.0,4,1.0,4.0,606.0,1158.4158415841584,677500.0,0.0361623616236162
1077,Glenroy,2016-12-10,House,730000.0,2,1.0,1.0,705.0,1035.4609929078017,677500.0,0.077490774907749
1078,Glenroy,2016-12-10,House,711500.0,3,1.0,3.0,667.0,1066.7166416791604,677500.0,0.0501845018450184
1079,Glenroy,2016-12-10,House,820000.0,3,2.0,4.0,805.0,1018.6335403726708,677500.0,0.2103321033210332
1080,Glenroy,2017-03-11,House,810000.0,5,4.0,4.0,695.0,1165.4676258992806,677500.0,0.1955719557195571
1081,Glenroy,2016-11-12,Townhouse,460000.0,3,1.0,1.0,325.0,1415.3846153846157,677500.0,-0.3210332103321033
1082,Glenroy,2016-11-12,House,793000.0,3,1.0,2.0,780.0,1016.6666666666666,677500.0,0.1704797047970479
1083,Glenroy,2016-11-12,House,596000.0,3,1.0,3.0,624.0,955.1282051282052,677500.0,-0.1202952029520295
1084,Glenroy,2016-10-15,House,447500.0,3,1.0,1.0,320.0,1398.4375,677500.0,-0.3394833948339483
1085,Glenroy,2016-10-15,House,588000.0,3,1.0,1.0,616.0,954.5454545454544,677500.0,-0.1321033210332103
1086,Glenroy,2016-10-15,Unit,410000.0,2,1.0,2.0,200.0,2050.0,677500.0,-0.3948339483394834
1087,Glenroy,2016-10-15,House,688000.0,3,1.0,4.0,700.0,982.8571428571428,677500.0,0.0154981549815498
1088,Glenroy,2016-10-15,House,612500.0,3,2.0,3.0,635.0,964.5669291338584,677500.0,-0.0959409594095941
1089,Glenroy,2016-04-16,House,525000.0,3,1.0,1.0,665.0,789.4736842105264,677500.0,-0.2250922509225092
1090,Glenroy,2016-09-17,House,703000.0,3,1.0,4.0,704.0,998.5795454545456,677500.0,0.0376383763837638
1091,Glenroy,2016-09-17,Townhouse,608000.0,4,2.0,1.0,252.0,2412.6984126984125,677500.0,-0.1025830258302583
1092,Glenroy,2016-09-17,House,705000.0,5,3.0,2.0,612.0,1151.9607843137255,677500.0,0.040590405904059
1093,Glenroy,2016-09-17,Unit,320500.0,2,1.0,1.0,3056.0,104.87565445026178,677500.0,-0.5269372693726937
1094,Glenroy,2017-03-18,House,577000.0,3,1.0,2.0,706.0,817.2804532577903,677500.0,-0.1483394833948339
1095,Glenroy,2017-03-18,Unit,230000.0,2,1.0,1.0,1996.0,115.23046092184369,677500.0,-0.6605166051660517
1096,Glenroy,2016-06-18,House,765500.0,3,2.0,2.0,780.0,981.4102564102564,677500.0,0.1298892988929889
1097,Glenroy,2016-06-18,Unit,470000.0,3,1.0,2.0,187.0,2513.3689839572194,677500.0,-0.3062730627306273
1098,Glenroy,2016-06-18,Unit,482500.0,3,1.0,1.0,265.0,1820.754716981132,677500.0,-0.2878228782287823
1099,Glenroy,2016-11-19,House,580000.0,3,1.0,2.0,650.0,892.3076923076923,677500.0,-0.1439114391143911
1100,Glenroy,2016-11-19,Townhouse,434500.0,2,1.0,1.0,125.0,3476.0,677500.0,-0.3586715867158672
1101,Glenroy,2016-11-19,Unit,620250.0,2,1.0,2.0,253.0,2451.581027667984,677500.0,-0.0845018450184501
1102,Glenroy,2016-11-19,House,710000.0,3,1.0,1.0,796.0,891.9597989949749,677500.0,0.047970479704797
1103,Glenroy,2016-05-22,House,630000.0,4,1.0,2.0,630.0,1000.0,677500.0,-0.070110701107011
1104,Glenroy,2016-05-22,Townhouse,420000.0,2,1.0,1.0,307.0,1368.0781758957655,677500.0,-0.3800738007380074
1105,Glenroy,2016-05-22,House,600000.0,3,1.0,4.0,541.0,1109.0573012939,677500.0,-0.1143911439114391
1106,Glenroy,2016-08-22,Townhouse,550000.0,3,2.0,2.0,212.0,2594.3396226415093,677500.0,-0.1881918819188192
1107,Glenroy,2016-08-22,Unit,460000.0,3,2.0,1.0,190.0,2421.0526315789475,677500.0,-0.3210332103321033
1108,Glenroy,2016-04-23,House,600000.0,4,1.0,2.0,586.0,1023.8907849829352,677500.0,-0.1143911439114391
1109,Glenroy,2016-09-24,House,1217500.0,4,3.0,2.0,693.0,1756.8542568542568,677500.0,0.7970479704797048
1110,Glenroy,2016-09-24,House,600000.0,3,1.0,2.0,599.0,1001.669449081803,677500.0,-0.1143911439114391
1111,Glenroy,2016-09-24,House,570000.0,3,2.0,2.0,585.0,974.3589743589744,677500.0,-0.1586715867158671
1112,Glenroy,2016-09-24,House,655000.0,4,1.0,2.0,695.0,942.4460431654676,677500.0,-0.033210332103321
1113,Glenroy,2017-02-25,House,500000.0,3,1.0,4.0,677.0,738.5524372230428,677500.0,-0.2619926199261992
1114,Glenroy,2017-02-25,House,762700.0,3,1.0,4.0,597.0,1277.5544388609717,677500.0,0.1257564575645756
1115,Glenroy,2017-02-25,Unit,465000.0,2,1.0,1.0,176.0,2642.0454545454545,677500.0,-0.3136531365313653
1116,Glenroy,2017-02-25,House,741250.0,2,1.0,1.0,668.0,1109.6556886227545,677500.0,0.0940959409594096
1117,Glenroy,2016-06-27,Townhouse,488500.0,2,2.0,1.0,190.0,2571.0526315789475,677500.0,-0.2789667896678967
1118,Glenroy,2016-06-27,House,787500.0,4,2.0,2.0,650.0,1211.5384615384614,677500.0,0.1623616236162361
1119,Glenroy,2016-06-27,Unit,442000.0,2,1.0,1.0,245.0,1804.0816326530612,677500.0,-0.3476014760147601
1120,Glenroy,2016-11-27,House,1000000.0,4,2.0,8.0,977.0,1023.541453428864,677500.0,0.4760147601476014
1121,Glenroy,2016-11-27,House,726335.0,2,1.0,2.0,590.0,1231.0762711864406,677500.0,0.0720811808118081
1122,Glenroy,2016-11-27,House,630000.0,4,2.0,2.0,602.0,1046.5116279069769,677500.0,-0.070110701107011
1123,Glenroy,2016-11-27,House,670000.0,3,1.0,3.0,705.0,950.354609929078,677500.0,-0.011070110701107
1124,Glenroy,2016-11-27,House,417000.0,2,1.0,1.0,172.0,2424.4186046511627,677500.0,-0.3845018450184502
1125,Glenroy,2016-11-27,Townhouse,600000.0,3,1.0,2.0,258.0,2325.5813953488373,677500.0,-0.1143911439114391
1126,Glenroy,2016-05-28,Townhouse,440000.0,3,2.0,1.0,215.0,2046.5116279069769,677500.0,-0.3505535055350554
1127,Glenroy,2016-05-28,House,501000.0,3,1.0,1.0,348.0,1439.655172413793,677500.0,-0.2605166051660517
1128,Glenroy,2016-08-28,House,660000.0,3,1.0,2.0,657.0,1004.566210045662,677500.0,-0.025830258302583
1129,Glenroy,2016-08-28,House,722000.0,3,1.0,3.0,781.0,924.4558258642766,677500.0,0.0656826568265682
1130,Glenroy,2016-07-30,House,270000.0,2,1.0,1.0,155.0,1741.9354838709678,677500.0,-0.6014760147601476
1131,Glenroy,2016-07-30,House,825000.0,4,2.0,4.0,768.0,1074.21875,677500.0,0.2177121771217712
1132,Glenroy,2016-07-30,House,638000.0,4,2.0,1.0,624.0,1022.4358974358976,677500.0,-0.0583025830258302
1133,Kew,2016-09-03,House,1635000.0,3,1.0,2.0,396.0,4128.787878787879,1950000.0,-0.1615384615384615
1134,Kew,2016-09-03,House,4800000.0,2,2.0,1.0,697.0,6886.657101865137,1950000.0,1.4615384615384617
1135,Kew,2016-12-03,House,4350000.0,5,3.0,2.0,853.0,5099.648300117234,1950000.0,1.2307692307692308
1136,Kew,2017-03-04,House,1528500.0,3,1.0,1.0,375.0,4076.0,1950000.0,-0.2161538461538461
1137,Kew,2017-03-04,Unit,630000.0,2,1.0,2.0,91.0,6923.076923076923,1950000.0,-0.676923076923077
1138,Kew,2017-03-04,House,1690000.0,4,3.0,1.0,358.0,4720.670391061452,1950000.0,-0.1333333333333333
1139,Kew,2017-03-04,Unit,610000.0,2,1.0,1.0,745.0,818.7919463087248,1950000.0,-0.6871794871794872
1140,Kew,2017-03-04,House,1490000.0,3,2.0,2.0,597.0,2495.812395309883,1950000.0,-0.2358974358974359
1141,Kew,2016-08-06,House,2130000.0,4,2.0,2.0,649.0,3281.9722650231124,1950000.0,0.0923076923076923
1142,Kew,2016-05-07,House,2200000.0,4,1.0,2.0,735.0,2993.197278911565,1950000.0,0.1282051282051282
1143,Kew,2016-11-07,House,3550000.0,4,3.0,4.0,992.0,3578.6290322580644,1950000.0,0.8205128205128205
1144,Kew,2016-11-07,House,1326000.0,2,1.0,2.0,405.0,3274.074074074074,1950000.0,-0.32
1145,Kew,2016-10-08,House,1950000.0,4,2.0,2.0,400.0,4875.0,1950000.0,0.0
1146,Kew,2016-09-10,House,1875000.0,3,2.0,2.0,426.0,4401.408450704225,1950000.0,-0.0384615384615384
1147,Kew,2016-09-10,House,2850000.0,5,2.0,2.0,815.0,3496.9325153374234,1950000.0,0.4615384615384615
1148,Kew,2016-09-10,House,2550000.0,4,2.0,2.0,603.0,4228.855721393034,1950000.0,0.3076923076923077
1149,Kew,2016-09-10,House,1878000.0,3,2.0,1.0,392.0,4790.816326530612,1950000.0,-0.0369230769230769
1150,Kew,2016-12-10,House,1910000.0,4,3.0,2.0,277.0,6895.306859205776,1950000.0,-0.0205128205128205
1151,Kew,2016-12-10,House,1410000.0,3,1.0,2.0,304.0,4638.1578947368425,1950000.0,-0.2769230769230769
1152,Kew,2016-12-10,Unit,515000.0,2,1.0,1.0,743.0,693.135935397039,1950000.0,-0.735897435897436
1153,Kew,2016-12-10,House,2310000.0,3,1.0,2.0,782.0,2953.964194373402,1950000.0,0.1846153846153846
1154,Kew,2017-02-11,House,1668000.0,3,2.0,2.0,289.0,5771.6262975778545,1950000.0,-0.1446153846153846
1155,Kew,2017-03-11,House,2315000.0,4,2.0,0.0,364.0,6359.89010989011,1950000.0,0.1871794871794871
1156,Kew,2016-11-12,Townhouse,800000.0,3,2.0,2.0,848.0,943.3962264150944,1950000.0,-0.5897435897435898
1157,Kew,2016-11-12,House,1950000.0,2,1.0,4.0,596.0,3271.8120805369126,1950000.0,0.0
1158,Kew,2016-11-12,House,4850000.0,5,4.0,4.0,957.0,5067.9205851619645,1950000.0,1.4871794871794872
1159,Kew,2016-08-13,House,2770000.0,3,3.0,4.0,1197.0,2314.1186299081037,1950000.0,0.4205128205128205
1160,Kew,2016-08-13,House,6500000.0,6,6.0,3.0,1334.0,4872.563718140929,1950000.0,2.3333333333333335
1161,Kew,2016-05-14,House,1905000.0,3,2.0,2.0,591.0,3223.3502538071066,1950000.0,-0.023076923076923
1162,Kew,2016-10-15,House,2286000.0,4,3.0,2.0,712.0,3210.674157303371,1950000.0,0.1723076923076923
1163,Kew,2016-10-15,House,1575000.0,3,2.0,2.0,397.0,3967.2544080604534,1950000.0,-0.1923076923076923
1164,Kew,2016-10-15,House,1507000.0,2,1.0,2.0,667.0,2259.370314842579,1950000.0,-0.2271794871794872
1165,Kew,2016-09-17,House,2350000.0,4,2.0,2.0,861.0,2729.38443670151,1950000.0,0.2051282051282051
1166,Kew,2016-09-17,House,1312000.0,4,2.0,1.0,687.0,1909.7525473071323,1950000.0,-0.3271794871794872
1167,Kew,2016-09-17,Unit,890000.0,2,2.0,1.0,89.0,10000.0,1950000.0,-0.5435897435897435
1168,Kew,2016-09-17,House,2117000.0,4,1.0,2.0,520.0,4071.153846153846,1950000.0,0.0856410256410256
1169,Kew,2016-09-17,House,1331000.0,2,1.0,1.0,424.0,3139.1509433962265,1950000.0,-0.3174358974358974
1170,Kew,2016-09-17,House,1800000.0,4,2.0,2.0,586.0,3071.6723549488056,1950000.0,-0.0769230769230769
1171,Kew,2016-09-17,House,2513000.0,4,1.0,2.0,832.0,3020.4326923076924,1950000.0,0.2887179487179487
1172,Kew,2017-03-18,House,1476000.0,3,2.0,2.0,288.0,5125.0,1950000.0,-0.243076923076923
1173,Kew,2017-03-18,House,2590000.0,4,2.0,2.0,660.0,3924.242424242424,1950000.0,0.3282051282051282
1174,Kew,2017-03-18,House,2625000.0,4,2.0,2.0,717.0,3661.087866108787,1950000.0,0.3461538461538461
1175,Kew,2017-03-18,House,2265000.0,4,1.0,1.0,650.0,3484.6153846153848,1950000.0,0.1615384615384615
1176,Kew,2016-06-18,House,1975000.0,5,2.0,1.0,531.0,3719.39736346516,1950000.0,0.0128205128205128
1177,Kew,2016-06-18,House,2075000.0,4,2.0,2.0,764.0,2715.9685863874347,1950000.0,0.0641025641025641
1178,Kew,2016-06-18,House,2550000.0,5,4.0,2.0,597.0,4271.356783919598,1950000.0,0.3076923076923077
1179,Kew,2016-11-19,House,2240000.0,4,2.0,2.0,820.0,2731.7073170731705,1950000.0,0.1487179487179487
1180,Kew,2016-11-19,House,1275000.0,2,1.0,0.0,381.0,3346.4566929133857,1950000.0,-0.3461538461538461
1181,Kew,2016-11-19,Townhouse,1330000.0,3,2.0,2.0,205.0,6487.804878048781,1950000.0,-0.3179487179487179
1182,Kew,2016-05-22,House,1450000.0,3,2.0,2.0,247.0,5870.4453441295545,1950000.0,-0.2564102564102564
1183,Kew,2016-08-22,House,3650000.0,3,2.0,3.0,1353.0,2697.7087952697707,1950000.0,0.8717948717948718
1184,Kew,2016-04-23,House,2800000.0,4,1.0,0.0,919.0,3046.789989118607,1950000.0,0.4358974358974359
1185,Kew,2016-09-24,House,1410000.0,3,1.0,1.0,519.0,2716.7630057803467,1950000.0,-0.2769230769230769
1186,Kew,2016-09-24,Townhouse,1000000.0,4,3.0,2.0,317.0,3154.5741324921137,1950000.0,-0.4871794871794871
1187,Kew,2016-09-24,House,2450000.0,4,2.0,2.0,1012.0,2420.9486166007905,1950000.0,0.2564102564102564
1188,Kew,2016-09-24,House,2460000.0,4,4.0,2.0,737.0,3337.85617367707,1950000.0,0.2615384615384615
1189,Kew,2017-02-25,House,2850000.0,4,2.0,4.0,690.0,4130.434782608696,1950000.0,0.4615384615384615
1190,Kew,2017-02-25,House,2425000.0,5,2.0,2.0,534.0,4541.198501872659,1950000.0,0.2435897435897435
1191,Kew,2017-02-25,Unit,610000.0,2,1.0,1.0,745.0,818.7919463087248,1950000.0,-0.6871794871794872
1192,Kew,2017-02-25,Unit,955000.0,3,2.0,2.0,140.0,6821.428571428572,1950000.0,-0.5102564102564102
1193,Kew,2016-07-26,Townhouse,707500.0,2,1.0,1.0,124.0,5705.645161290323,1950000.0,-0.6371794871794871
1194,Kew,2016-07-26,House,1410000.0,3,2.0,1.0,442.0,3190.0452488687783,1950000.0,-0.2769230769230769
1195,Kew,2016-07-26,Townhouse,732000.0,3,1.0,1.0,904.0,809.7345132743363,1950000.0,-0.6246153846153846
1196,Kew,2016-06-27,House,2875000.0,2,1.0,1.0,1065.0,2699.5305164319248,1950000.0,0.4743589743589743
1197,Kew,2016-06-27,House,1565000.0,3,1.0,1.0,535.0,2925.233644859813,1950000.0,-0.1974358974358974
1198,Kew,2016-06-27,House,1725000.0,4,2.0,3.0,709.0,2433.0042313117065,1950000.0,-0.1153846153846153
1199,Kew,2016-11-27,House,1500000.0,3,1.0,2.0,857.0,1750.291715285881,1950000.0,-0.2307692307692307
1200,Kew,2016-11-27,House,1750000.0,4,3.0,2.0,641.0,2730.1092043681747,1950000.0,-0.1025641025641025
1201,Kew,2016-11-27,House,1290000.0,3,1.0,0.0,321.0,4018.691588785047,1950000.0,-0.3384615384615385
1202,Kew,2016-11-27,House,1440000.0,3,1.0,1.0,298.0,4832.214765100671,1950000.0,-0.2615384615384615
1203,Kew,2016-11-27,House,2560000.0,4,3.0,4.0,670.0,3820.89552238806,1950000.0,0.3128205128205128
1204,Kew,2016-11-27,House,2600000.0,5,2.0,2.0,674.0,3857.566765578635,1950000.0,0.3333333333333333
1205,Kew,2016-11-27,House,2245000.0,4,3.0,2.0,627.0,3580.542264752791,1950000.0,0.1512820512820512
1206,Kew,2016-11-27,House,3280000.0,5,5.0,2.0,480.0,6833.333333333333,1950000.0,0.6820512820512821
1207,Kew,2016-05-28,House,4005000.0,4,3.0,3.0,800.0,5006.25,1950000.0,1.053846153846154
1208,Kew,2016-05-28,House,1211000.0,3,1.0,1.0,633.0,1913.1121642969983,1950000.0,-0.378974358974359
1209,Kew,2016-05-28,Unit,891000.0,2,1.0,1.0,121.0,7363.636363636364,1950000.0,-0.5430769230769231
1210,Kew,2016-08-28,House,2600000.0,4,3.0,2.0,700.0,3714.285714285714,1950000.0,0.3333333333333333
1211,Kew,2016-08-28,House,2800000.0,5,2.0,3.0,920.0,3043.478260869565,1950000.0,0.4358974358974359
1212,Kew,2016-08-28,House,1420000.0,3,2.0,2.0,275.0,5163.636363636364,1950000.0,-0.2717948717948718
1213,Kew,2016-08-28,House,1800000.0,3,2.0,1.0,336.0,5357.142857142857,1950000.0,-0.0769230769230769
1214,Kew,2016-07-30,House,3065000.0,3,2.0,3.0,773.0,3965.071151358344,1950000.0,0.5717948717948718
1215,Kew,2016-07-30,House,2250000.0,4,3.0,2.0,741.0,3036.4372469635628,1950000.0,0.1538461538461538
1216,Moonee Ponds,2016-12-03,House,1715000.0,4,2.0,3.0,668.0,2567.365269461078,1240000.0,0.3830645161290322
1217,Moonee Ponds,2017-03-04,House,1780000.0,4,3.0,2.0,615.0,2894.308943089431,1240000.0,0.4354838709677419
1218,Moonee Ponds,2017-03-04,House,2150000.0,6,3.0,2.0,912.0,2357.4561403508774,1240000.0,0.7338709677419355
1219,Moonee Ponds,2017-03-04,House,1730000.0,5,1.0,1.0,584.0,2962.328767123288,1240000.0,0.3951612903225806
1220,Moonee Ponds,2017-03-04,House,1440000.0,3,2.0,1.0,287.0,5017.421602787456,1240000.0,0.1612903225806451
1221,Moonee Ponds,2017-03-04,House,1225000.0,4,1.0,1.0,388.0,3157.216494845361,1240000.0,-0.0120967741935483
1222,Moonee Ponds,2016-05-07,House,1445000.0,4,3.0,2.0,384.0,3763.0208333333335,1240000.0,0.1653225806451612
1223,Moonee Ponds,2016-11-07,House,990000.0,3,1.0,2.0,328.0,3018.2926829268295,1240000.0,-0.2016129032258064
1224,Moonee Ponds,2016-11-07,House,1400000.0,3,2.0,2.0,597.0,2345.0586264656617,1240000.0,0.1290322580645161
1225,Moonee Ponds,2016-10-08,House,1550000.0,3,2.0,3.0,477.0,3249.475890985325,1240000.0,0.25
1226,Moonee Ponds,2016-10-08,House,1170000.0,3,1.0,1.0,443.0,2641.083521444695,1240000.0,-0.0564516129032258
1227,Moonee Ponds,2016-10-08,House,1120000.0,4,1.0,1.0,571.0,1961.4711033274957,1240000.0,-0.0967741935483871
1228,Moonee Ponds,2016-10-08,Unit,675000.0,2,1.0,1.0,206.0,3276.6990291262136,1240000.0,-0.4556451612903225
1229,Moonee Ponds,2016-10-08,House,880000.0,3,2.0,2.0,315.0,2793.6507936507937,1240000.0,-0.2903225806451613
1230,Moonee Ponds,2016-09-10,House,1530000.0,4,2.0,1.0,431.0,3549.8839907192573,1240000.0,0.2338709677419354
1231,Moonee Ponds,2016-09-10,House,1350000.0,4,2.0,2.0,447.0,3020.1342281879197,1240000.0,0.0887096774193548
1232,Moonee Ponds,2016-09-10,House,832000.0,3,2.0,2.0,214.0,3887.85046728972,1240000.0,-0.3290322580645161
1233,Moonee Ponds,2016-09-10,House,2400000.0,4,4.0,2.0,636.0,3773.5849056603774,1240000.0,0.935483870967742
1234,Moonee Ponds,2016-09-10,House,1211000.0,4,1.0,3.0,477.0,2538.7840670859537,1240000.0,-0.0233870967741935
1235,Moonee Ponds,2016-12-10,House,1395000.0,4,1.0,2.0,603.0,2313.432835820895,1240000.0,0.125
1236,Moonee Ponds,2016-12-10,House,1630000.0,3,2.0,0.0,408.0,3995.098039215686,1240000.0,0.314516129032258
1237,Moonee Ponds,2016-12-10,House,1160000.0,3,1.0,1.0,449.0,2583.5189309576836,1240000.0,-0.064516129032258
1238,Moonee Ponds,2016-12-10,House,1065000.0,3,1.0,1.0,395.0,2696.2025316455697,1240000.0,-0.1411290322580645
1239,Moonee Ponds,2016-12-10,House,1361500.0,4,1.0,2.0,453.0,3005.5187637969093,1240000.0,0.0979838709677419
1240,Moonee Ponds,2016-12-10,House,945000.0,2,1.0,0.0,225.0,4200.0,1240000.0,-0.2379032258064516
1241,Moonee Ponds,2017-02-11,House,860000.0,2,1.0,1.0,301.0,2857.1428571428573,1240000.0,-0.3064516129032258
1242,Moonee Ponds,2017-02-11,House,1260000.0,3,2.0,1.0,253.0,4980.237154150198,1240000.0,0.0161290322580645
1243,Moonee Ponds,2016-11-12,House,1637000.0,4,1.0,3.0,539.0,3037.1057513914657,1240000.0,0.3201612903225806
1244,Moonee Ponds,2016-11-12,House,1505000.0,3,2.0,2.0,249.0,6044.176706827309,1240000.0,0.2137096774193548
1245,Moonee Ponds,2016-11-12,Townhouse,515000.0,2,1.0,1.0,1981.0,259.96971226653204,1240000.0,-0.5846774193548387
1246,Moonee Ponds,2016-08-13,House,1100000.0,3,1.0,2.0,572.0,1923.076923076923,1240000.0,-0.1129032258064516
1247,Moonee Ponds,2016-05-14,House,1145000.0,3,2.0,2.0,478.0,2395.397489539749,1240000.0,-0.0766129032258064
1248,Moonee Ponds,2016-05-14,House,1322000.0,4,1.0,1.0,549.0,2408.0145719489983,1240000.0,0.0661290322580645
1249,Moonee Ponds,2016-05-14,House,1015000.0,2,1.0,1.0,228.0,4451.754385964912,1240000.0,-0.1814516129032258
1250,Moonee Ponds,2016-10-15,House,1013000.0,2,1.0,0.0,237.0,4274.261603375528,1240000.0,-0.1830645161290322
1251,Moonee Ponds,2016-10-15,House,840000.0,3,1.0,0.0,307.0,2736.156351791531,1240000.0,-0.3225806451612903
1252,Moonee Ponds,2016-10-15,House,1150000.0,4,2.0,1.0,481.0,2390.8523908523907,1240000.0,-0.0725806451612903
1253,Moonee Ponds,2016-10-15,House,1900000.0,5,3.0,2.0,646.0,2941.176470588235,1240000.0,0.532258064516129
1254,Moonee Ponds,2016-10-15,Townhouse,890500.0,3,2.0,1.0,213.0,4180.75117370892,1240000.0,-0.2818548387096774
1255,Moonee Ponds,2016-10-15,House,2340000.0,5,3.0,3.0,619.0,3780.2907915993537,1240000.0,0.8870967741935484
1256,Moonee Ponds,2016-04-16,House,1370000.0,3,1.0,2.0,427.0,3208.430913348946,1240000.0,0.1048387096774193
1257,Moonee Ponds,2016-04-16,House,1400000.0,3,2.0,2.0,394.0,3553.299492385787,1240000.0,0.1290322580645161
1258,Moonee Ponds,2016-04-16,House,1310000.0,4,3.0,2.0,475.0,2757.8947368421054,1240000.0,0.0564516129032258
1259,Moonee Ponds,2016-04-16,House,1833000.0,4,1.0,1.0,583.0,3144.082332761578,1240000.0,0.4782258064516129
1260,Moonee Ponds,2016-07-16,House,855000.0,3,1.0,1.0,274.0,3120.4379562043796,1240000.0,-0.3104838709677419
1261,Moonee Ponds,2016-07-16,House,930000.0,3,1.0,1.0,305.0,3049.1803278688526,1240000.0,-0.25
1262,Moonee Ponds,2016-07-16,House,1640000.0,4,2.0,1.0,435.0,3770.114942528736,1240000.0,0.3225806451612903
1263,Moonee Ponds,2016-09-17,House,1480000.0,3,1.0,2.0,436.0,3394.4954128440368,1240000.0,0.1935483870967742
1264,Moonee Ponds,2016-09-17,Unit,672000.0,2,1.0,2.0,230.0,2921.7391304347825,1240000.0,-0.4580645161290322
1265,Moonee Ponds,2017-03-18,Townhouse,980000.0,5,2.0,2.0,207.0,4734.299516908212,1240000.0,-0.2096774193548387
1266,Moonee Ponds,2017-03-18,House,1055000.0,2,1.0,1.0,292.0,3613.013698630137,1240000.0,-0.1491935483870967
1267,Moonee Ponds,2017-03-18,House,1435000.0,3,1.0,3.0,633.0,2266.982622432859,1240000.0,0.157258064516129
1268,Moonee Ponds,2017-03-18,House,1275000.0,4,2.0,1.0,627.0,2033.4928229665072,1240000.0,0.0282258064516129
1269,Moonee Ponds,2016-06-18,Townhouse,842500.0,3,2.0,1.0,216.0,3900.462962962963,1240000.0,-0.3205645161290322
1270,Moonee Ponds,2016-06-18,House,1345000.0,4,2.0,2.0,313.0,4297.124600638977,1240000.0,0.0846774193548387
1271,Moonee Ponds,2016-11-19,House,849000.0,2,1.0,1.0,345.0,2460.8695652173915,1240000.0,-0.3153225806451613
1272,Moonee Ponds,2016-05-22,House,1425000.0,3,1.0,1.0,526.0,2709.125475285171,1240000.0,0.1491935483870967
1273,Moonee Ponds,2016-05-22,Townhouse,1345000.0,3,2.0,1.0,310.0,4338.709677419355,1240000.0,0.0846774193548387
1274,Moonee Ponds,2016-05-22,Townhouse,726000.0,4,2.0,1.0,67.0,10835.820895522387,1240000.0,-0.414516129032258
1275,Moonee Ponds,2016-04-23,House,1250000.0,3,2.0,1.0,283.0,4416.961130742049,1240000.0,0.0080645161290322
1276,Moonee Ponds,2016-04-23,Townhouse,870000.0,3,2.0,2.0,156.0,5576.923076923077,1240000.0,-0.2983870967741935
1277,Moonee Ponds,2016-04-23,House,801000.0,2,1.0,0.0,133.0,6022.556390977444,1240000.0,-0.3540322580645161
1278,Moonee Ponds,2016-09-24,House,1725000.0,3,2.0,3.0,596.0,2894.2953020134228,1240000.0,0.3911290322580645
1279,Moonee Ponds,2016-09-24,Unit,600000.0,2,1.0,1.0,166.0,3614.4578313253014,1240000.0,-0.5161290322580645
1280,Moonee Ponds,2017-02-25,House,1505000.0,4,2.0,2.0,441.0,3412.6984126984125,1240000.0,0.2137096774193548
1281,Moonee Ponds,2016-07-26,House,850000.0,3,2.0,1.0,271.0,3136.531365313653,1240000.0,-0.314516129032258
1282,Moonee Ponds,2016-06-27,House,956000.0,2,1.0,2.0,435.0,2197.701149425287,1240000.0,-0.2290322580645161
1283,Moonee Ponds,2016-06-27,House,1740000.0,5,1.0,2.0,739.0,2354.533152909337,1240000.0,0.4032258064516129
1284,Moonee Ponds,2016-06-27,House,1683000.0,3,2.0,2.0,222.0,7581.081081081081,1240000.0,0.357258064516129
1285,Moonee Ponds,2016-11-27,Unit,574000.0,2,2.0,1.0,159.0,3610.062893081761,1240000.0,-0.5370967741935484
1286,Moonee Ponds,2016-11-27,Townhouse,1130000.0,3,2.0,2.0,217.0,5207.373271889401,1240000.0,-0.0887096774193548
1287,Moonee Ponds,2016-05-28,Unit,730000.0,2,1.0,2.0,217.0,3364.0552995391704,1240000.0,-0.4112903225806452
1288,Moonee Ponds,2016-08-28,House,930000.0,3,3.0,1.0,325.0,2861.5384615384614,1240000.0,-0.25
1289,Moonee Ponds,2016-08-28,House,800000.0,3,1.0,1.0,207.0,3864.734299516908,1240000.0,-0.3548387096774194
1290,Moonee Ponds,2016-08-28,House,1111000.0,3,1.0,2.0,502.0,2213.1474103585656,1240000.0,-0.1040322580645161
1291,Moonee Ponds,2016-08-28,House,900000.0,2,1.0,1.0,339.0,2654.8672566371683,1240000.0,-0.2741935483870967
1292,Moonee Ponds,2016-08-28,House,822500.0,2,1.0,1.0,219.0,3755.707762557078,1240000.0,-0.3366935483870967
1293,Moonee Ponds,2016-08-28,House,1400000.0,4,2.0,2.0,595.0,2352.9411764705883,1240000.0,0.1290322580645161
1294,Moonee Ponds,2016-07-30,Townhouse,800000.0,2,2.0,2.0,239.0,3347.2803347280333,1240000.0,-0.3548387096774194
1295,Newport,2016-09-03,House,1025000.0,3,2.0,2.0,301.0,3405.3156146179404,984000.0,0.0416666666666666
1296,Newport,2016-09-03,House,826000.0,3,1.0,2.0,281.0,2939.5017793594307,984000.0,-0.1605691056910569
1297,Newport,2016-12-03,House,900000.0,3,2.0,2.0,194.0,4639.1752577319585,984000.0,-0.0853658536585365
1298,Newport,2016-12-03,Townhouse,962000.0,3,2.0,2.0,283.0,3399.2932862190814,984000.0,-0.0223577235772357
1299,Newport,2017-03-04,House,800000.0,2,1.0,1.0,244.0,3278.688524590164,984000.0,-0.1869918699186991
1300,Newport,2016-06-04,House,710000.0,4,1.0,2.0,329.0,2158.0547112462004,984000.0,-0.2784552845528455
1301,Newport,2016-06-04,House,920000.0,3,2.0,2.0,296.0,3108.108108108108,984000.0,-0.065040650406504
1302,Newport,2016-06-04,House,940000.0,4,2.0,1.0,379.0,2480.2110817941953,984000.0,-0.0447154471544715
1303,Newport,2016-08-06,House,655800.0,3,2.0,1.0,178.0,3684.269662921348,984000.0,-0.3335365853658537
1304,Newport,2016-08-06,House,1082000.0,4,3.0,2.0,233.0,4643.776824034335,984000.0,0.0995934959349593
1305,Newport,2016-08-06,House,1210000.0,3,1.0,1.0,546.0,2216.117216117216,984000.0,0.2296747967479674
1306,Newport,2016-05-07,House,880000.0,3,1.0,1.0,557.0,1579.8922800718133,984000.0,-0.1056910569105691
1307,Newport,2016-05-07,House,1260000.0,4,1.0,3.0,757.0,1664.4649933949802,984000.0,0.2804878048780488
1308,Newport,2016-05-07,House,1400000.0,3,2.0,3.0,2522.0,555.1149881046788,984000.0,0.4227642276422764
1309,Newport,2016-11-07,House,995000.0,3,1.0,2.0,316.0,3148.73417721519,984000.0,0.0111788617886178
1310,Newport,2016-11-07,House,1380000.0,4,1.0,4.0,766.0,1801.5665796344647,984000.0,0.4024390243902439
1311,Newport,2016-10-08,House,1220000.0,3,2.0,0.0,311.0,3922.8295819935697,984000.0,0.2398373983739837
1312,Newport,2016-10-08,House,785000.0,3,1.0,1.0,185.0,4243.243243243243,984000.0,-0.2022357723577235
1313,Newport,2016-10-08,House,962000.0,2,1.0,1.0,402.0,2393.0348258706467,984000.0,-0.0223577235772357
1314,Newport,2016-09-10,House,860000.0,4,3.0,2.0,217.0,3963.133640552995,984000.0,-0.1260162601626016
1315,Newport,2016-09-10,House,1220000.0,5,3.0,2.0,681.0,1791.483113069016,984000.0,0.2398373983739837
1316,Newport,2016-09-10,House,930000.0,3,1.0,1.0,307.0,3029.315960912052,984000.0,-0.0548780487804878
1317,Newport,2016-12-10,House,930000.0,3,2.0,1.0,343.0,2711.37026239067,984000.0,-0.0548780487804878
1318,Newport,2016-12-10,House,1305000.0,3,1.0,0.0,357.0,3655.46218487395,984000.0,0.3262195121951219
1319,Newport,2016-12-10,House,1060000.0,3,1.0,4.0,600.0,1766.6666666666667,984000.0,0.0772357723577235
1320,Newport,2016-12-10,House,950000.0,3,2.0,1.0,224.0,4241.071428571428,984000.0,-0.0345528455284552
1321,Newport,2017-02-11,House,910000.0,2,1.0,1.0,264.0,3446.969696969697,984000.0,-0.0752032520325203
1322,Newport,2016-11-12,House,810000.0,3,1.0,1.0,390.0,2076.923076923077,984000.0,-0.1768292682926829
1323,Newport,2016-11-12,House,776000.0,3,1.0,3.0,363.0,2137.741046831956,984000.0,-0.2113821138211382
1324,Newport,2016-05-14,House,1002500.0,3,1.0,2.0,501.0,2000.998003992016,984000.0,0.01880081300813
1325,Newport,2016-05-14,House,807500.0,3,1.0,3.0,647.0,1248.0680061823805,984000.0,-0.179369918699187
1326,Newport,2016-05-14,House,1120000.0,2,1.0,3.0,574.0,1951.219512195122,984000.0,0.1382113821138211
1327,Newport,2016-05-14,House,950000.0,3,2.0,2.0,281.0,3380.7829181494662,984000.0,-0.0345528455284552
1328,Newport,2016-05-14,House,1620000.0,4,3.0,1.0,425.0,3811.764705882353,984000.0,0.6463414634146342
1329,Newport,2016-10-15,House,923000.0,3,1.0,0.0,221.0,4176.470588235294,984000.0,-0.0619918699186991
1330,Newport,2016-10-15,House,1030000.0,2,1.0,2.0,470.0,2191.4893617021276,984000.0,0.0467479674796747
1331,Newport,2016-10-15,House,1046000.0,3,2.0,2.0,284.0,3683.098591549296,984000.0,0.0630081300813008
1332,Newport,2016-04-16,House,716000.0,3,1.0,2.0,268.0,2671.6417910447763,984000.0,-0.2723577235772357
1333,Newport,2016-04-16,House,740000.0,2,2.0,1.0,213.0,3474.1784037558687,984000.0,-0.2479674796747967
1334,Newport,2016-04-16,House,970000.0,4,1.0,1.0,619.0,1567.043618739903,984000.0,-0.0142276422764227
1335,Newport,2016-07-16,House,762000.0,2,1.0,2.0,451.0,1689.5787139689578,984000.0,-0.2256097560975609
1336,Newport,2016-07-16,House,950000.0,3,1.0,2.0,453.0,2097.130242825607,984000.0,-0.0345528455284552
1337,Newport,2016-07-16,House,1280000.0,4,2.0,1.0,458.0,2794.759825327511,984000.0,0.3008130081300813
1338,Newport,2016-09-17,House,1040000.0,4,2.0,2.0,299.0,3478.2608695652175,984000.0,0.056910569105691
1339,Newport,2016-09-17,House,922000.0,2,1.0,0.0,301.0,3063.12292358804,984000.0,-0.0630081300813008
1340,Newport,2016-09-17,House,2415000.0,5,3.0,2.0,803.0,3007.47198007472,984000.0,1.454268292682927
1341,Newport,2017-03-18,House,1675000.0,3,2.0,2.0,575.0,2913.0434782608695,984000.0,0.7022357723577236
1342,Newport,2016-06-18,House,1176000.0,3,1.0,2.0,767.0,1533.2464146023467,984000.0,0.1951219512195122
1343,Newport,2016-06-18,House,1265000.0,4,2.0,2.0,774.0,1634.3669250645994,984000.0,0.2855691056910569
1344,Newport,2016-06-18,House,801000.0,2,1.0,1.0,343.0,2335.276967930029,984000.0,-0.1859756097560975
1345,Newport,2016-11-19,House,1185000.0,3,1.0,2.0,771.0,1536.964980544747,984000.0,0.2042682926829268
1346,Newport,2016-11-19,Townhouse,770000.0,3,2.0,2.0,224.0,3437.5,984000.0,-0.2174796747967479
1347,Newport,2016-11-19,House,1200000.0,3,2.0,0.0,288.0,4166.666666666667,984000.0,0.2195121951219512
1348,Newport,2016-05-22,House,993000.0,3,2.0,2.0,348.0,2853.448275862069,984000.0,0.0091463414634146
1349,Newport,2016-05-22,House,901000.0,3,1.0,1.0,557.0,1617.5942549371634,984000.0,-0.0843495934959349
1350,Newport,2016-05-22,House,650000.0,2,1.0,1.0,149.0,4362.416107382551,984000.0,-0.3394308943089431
1351,Newport,2016-08-22,House,891500.0,3,1.0,0.0,344.0,2591.5697674418607,984000.0,-0.0940040650406504
1352,Newport,2016-08-22,House,3420000.0,4,2.0,2.0,757.0,4517.833553500661,984000.0,2.475609756097561
1353,Newport,2016-04-23,House,805000.0,3,1.0,2.0,322.0,2500.0,984000.0,-0.181910569105691
1354,Newport,2016-04-23,House,680000.0,2,1.0,1.0,229.0,2969.432314410481,984000.0,-0.3089430894308943
1355,Newport,2016-09-24,Townhouse,827500.0,4,3.0,2.0,221.0,3744.343891402715,984000.0,-0.1590447154471544
1356,Newport,2016-09-24,House,793000.0,2,1.0,1.0,144.0,5506.944444444444,984000.0,-0.1941056910569105
1357,Newport,2016-09-24,House,988000.0,3,1.0,1.0,450.0,2195.5555555555557,984000.0,0.0040650406504065
1358,Newport,2016-09-24,Townhouse,747000.0,3,2.0,2.0,753.0,992.0318725099602,984000.0,-0.2408536585365853
1359,Newport,2016-09-24,House,910000.0,3,1.0,2.0,531.0,1713.7476459510358,984000.0,-0.0752032520325203
1360,Newport,2016-09-24,House,896000.0,2,1.0,0.0,297.0,3016.8350168350166,984000.0,-0.089430894308943
1361,Newport,2017-02-25,House,890000.0,2,1.0,0.0,168.0,5297.619047619048,984000.0,-0.0955284552845528
1362,Newport,2017-02-25,House,1199000.0,3,1.0,3.0,506.0,2369.5652173913045,984000.0,0.2184959349593496
1363,Newport,2017-02-25,House,1100000.0,3,2.0,1.0,293.0,3754.266211604096,984000.0,0.1178861788617886
1364,Newport,2017-02-25,House,2015000.0,5,2.0,4.0,1017.0,1981.3176007866273,984000.0,1.0477642276422765
1365,Newport,2016-07-26,Townhouse,930000.0,4,3.0,3.0,278.0,3345.3237410071943,984000.0,-0.0548780487804878
1366,Newport,2016-06-27,House,1151000.0,3,1.0,5.0,571.0,2015.7618213660248,984000.0,0.1697154471544715
1367,Newport,2016-06-27,Townhouse,820000.0,4,2.0,2.0,753.0,1088.9774236387782,984000.0,-0.1666666666666666
1368,Newport,2016-11-27,Unit,670000.0,2,1.0,1.0,190.0,3526.315789473684,984000.0,-0.3191056910569105
1369,Newport,2016-11-27,House,1040000.0,3,1.0,2.0,595.0,1747.8991596638657,984000.0,0.056910569105691
1370,Newport,2016-11-27,House,1316000.0,4,2.0,3.0,539.0,2441.5584415584417,984000.0,0.3373983739837398
1371,Newport,2016-11-27,House,816000.0,2,1.0,1.0,315.0,2590.4761904761904,984000.0,-0.1707317073170731
1372,Newport,2016-05-28,House,945000.0,3,2.0,1.0,487.0,1940.451745379877,984000.0,-0.0396341463414634
1373,Newport,2016-08-28,House,643700.0,1,1.0,0.0,129.0,4989.922480620155,984000.0,-0.3458333333333333
1374,Newport,2016-08-28,House,760000.0,2,1.0,2.0,255.0,2980.392156862745,984000.0,-0.2276422764227642
1375,Newport,2016-07-30,House,881000.0,8,2.0,4.0,663.0,1328.8084464555052,984000.0,-0.1046747967479674
1376,Newport,2016-07-30,House,900000.0,3,2.0,2.0,360.0,2500.0,984000.0,-0.0853658536585365
1377,Northcote,2016-09-03,House,1286000.0,2,1.0,1.0,245.0,5248.9795918367345,1302500.0,-0.0126679462571976
1378,Northcote,2016-09-03,House,1200000.0,3,1.0,1.0,215.0,5581.395348837209,1302500.0,-0.0786948176583493
1379,Northcote,2016-09-03,House,1382500.0,3,2.0,2.0,286.0,4833.916083916084,1302500.0,0.0614203454894433
1380,Northcote,2016-09-03,House,1600000.0,4,2.0,1.0,464.0,3448.2758620689656,1302500.0,0.2284069097888675
1381,Northcote,2017-03-04,House,1310000.0,3,2.0,1.0,267.0,4906.367041198502,1302500.0,0.0057581573896353
1382,Northcote,2017-03-04,House,1035000.0,2,1.0,0.0,140.0,7392.857142857143,1302500.0,-0.2053742802303263
1383,Northcote,2017-03-04,House,1980000.0,3,2.0,4.0,613.0,3230.016313213703,1302500.0,0.5201535508637236
1384,Northcote,2017-03-04,House,1335000.0,3,1.0,3.0,520.0,2567.3076923076924,1302500.0,0.0249520153550863
1385,Northcote,2016-06-04,House,1710000.0,3,1.0,1.0,247.0,6923.076923076923,1302500.0,0.3128598848368522
1386,Northcote,2016-06-04,House,1590000.0,4,1.0,1.0,484.0,3285.123966942149,1302500.0,0.2207293666026871
1387,Northcote,2016-06-04,House,2000000.0,6,2.0,2.0,772.0,2590.6735751295337,1302500.0,0.5355086372360844
1388,Northcote,2016-05-07,Unit,418000.0,2,1.0,1.0,1882.0,222.10414452709884,1302500.0,-0.6790786948176584
1389,Northcote,2016-05-07,House,860000.0,3,1.0,1.0,213.0,4037.55868544601,1302500.0,-0.3397312859884837
1390,Northcote,2016-05-07,Townhouse,650000.0,2,2.0,2.0,55.0,11818.181818181818,1302500.0,-0.5009596928982726
1391,Northcote,2016-05-07,House,1700000.0,4,2.0,1.0,415.0,4096.385542168675,1302500.0,0.3051823416506717
1392,Northcote,2016-11-07,House,1575000.0,2,1.0,3.0,607.0,2594.7281713344314,1302500.0,0.2092130518234165
1393,Northcote,2016-11-07,House,950000.0,2,1.0,1.0,191.0,4973.821989528796,1302500.0,-0.2706333973128599
1394,Northcote,2016-10-08,House,1655000.0,3,1.0,3.0,472.0,3506.35593220339,1302500.0,0.2706333973128599
1395,Northcote,2016-10-08,House,1950000.0,4,1.0,2.0,608.0,3207.2368421052633,1302500.0,0.4971209213051823
1396,Northcote,2016-10-08,House,905000.0,4,1.0,1.0,314.0,2882.165605095541,1302500.0,-0.3051823416506717
1397,Northcote,2016-09-10,House,1255000.0,3,2.0,1.0,259.0,4845.559845559846,1302500.0,-0.036468330134357
1398,Northcote,2016-09-10,House,1020000.0,2,1.0,2.0,347.0,2939.4812680115274,1302500.0,-0.2168905950095969
1399,Northcote,2016-09-10,House,790000.0,2,1.0,1.0,136.0,5808.823529411765,1302500.0,-0.3934740882917466
1400,Northcote,2016-09-10,House,990000.0,3,1.0,2.0,497.0,1991.9517102615696,1302500.0,-0.2399232245681382
1401,Northcote,2016-12-10,House,2270000.0,4,2.0,2.0,440.0,5159.090909090909,1302500.0,0.7428023032629558
1402,Northcote,2016-12-10,House,900000.0,2,1.0,0.0,367.0,2452.316076294278,1302500.0,-0.3090211132437619
1403,Northcote,2017-02-11,House,1300000.0,3,2.0,1.0,379.0,3430.079155672823,1302500.0,-0.0019193857965451
1404,Northcote,2016-06-12,House,1310000.0,4,2.0,2.0,282.0,4645.390070921986,1302500.0,0.0057581573896353
1405,Northcote,2016-06-12,House,1112000.0,2,1.0,2.0,238.0,4672.268907563025,1302500.0,-0.146257197696737
1406,Northcote,2016-11-12,House,910000.0,2,1.0,2.0,229.0,3973.799126637555,1302500.0,-0.3013435700575815
1407,Northcote,2016-11-12,Townhouse,830000.0,3,3.0,1.0,55.0,15090.90909090909,1302500.0,-0.362763915547025
1408,Northcote,2016-11-12,House,1190000.0,3,1.0,1.0,445.0,2674.1573033707864,1302500.0,-0.0863723608445297
1409,Northcote,2016-11-12,Townhouse,865000.0,3,1.0,2.0,184.0,4701.086956521739,1302500.0,-0.3358925143953934
1410,Northcote,2016-08-13,House,2175000.0,4,2.0,1.0,573.0,3795.8115183246073,1302500.0,0.6698656429942419
1411,Northcote,2016-08-13,House,1085000.0,3,1.0,2.0,610.0,1778.688524590164,1302500.0,-0.1669865642994241
1412,Northcote,2016-05-14,House,890000.0,2,1.0,1.0,225.0,3955.555555555556,1302500.0,-0.3166986564299424
1413,Northcote,2016-05-14,House,2700000.0,5,3.0,3.0,490.0,5510.2040816326535,1302500.0,1.072936660268714
1414,Northcote,2016-05-14,House,1101000.0,2,1.0,0.0,229.0,4807.860262008734,1302500.0,-0.1547024952015355
1415,Northcote,2016-05-14,House,926000.0,3,1.0,2.0,380.0,2436.842105263158,1302500.0,-0.2890595009596929
1416,Northcote,2016-10-15,House,1050000.0,3,1.0,0.0,158.0,6645.569620253164,1302500.0,-0.1938579654510556
1417,Northcote,2016-10-15,House,1010000.0,3,1.0,1.0,178.0,5674.157303370786,1302500.0,-0.2245681381957773
1418,Northcote,2016-10-15,House,2155000.0,5,2.0,2.0,692.0,3114.1618497109826,1302500.0,0.654510556621881
1419,Northcote,2016-04-16,House,1900000.0,3,1.0,1.0,522.0,3639.846743295019,1302500.0,0.4587332053742802
1420,Northcote,2016-04-16,House,888000.0,2,1.0,1.0,190.0,4673.684210526316,1302500.0,-0.3182341650671785
1421,Northcote,2016-04-16,House,1020000.0,2,1.0,1.0,354.0,2881.35593220339,1302500.0,-0.2168905950095969
1422,Northcote,2016-04-16,House,1160000.0,3,3.0,2.0,425.0,2729.4117647058824,1302500.0,-0.109404990403071
1423,Northcote,2016-04-16,House,844000.0,2,1.0,1.0,174.0,4850.574712643678,1302500.0,-0.3520153550863724
1424,Northcote,2016-04-16,House,1860000.0,3,3.0,1.0,448.0,4151.785714285715,1302500.0,0.4280230326295585
1425,Northcote,2016-07-16,House,1676000.0,3,1.0,2.0,401.0,4179.5511221945135,1302500.0,0.2867562380038387
1426,Northcote,2016-07-16,Townhouse,900000.0,3,2.0,2.0,608.0,1480.2631578947369,1302500.0,-0.3090211132437619
1427,Northcote,2016-09-17,House,1300000.0,3,1.0,1.0,328.0,3963.4146341463415,1302500.0,-0.0019193857965451
1428,Northcote,2016-09-17,Unit,810000.0,3,1.0,2.0,150.0,5400.0,1302500.0,-0.3781190019193858
1429,Northcote,2017-03-18,House,1255000.0,2,1.0,2.0,314.0,3996.815286624204,1302500.0,-0.036468330134357
1430,Northcote,2017-03-18,Unit,665000.0,2,1.0,1.0,120.0,5541.666666666667,1302500.0,-0.4894433781190019
1431,Northcote,2017-03-18,House,1085000.0,2,2.0,1.0,152.0,7138.1578947368425,1302500.0,-0.1669865642994241
1432,Northcote,2017-03-18,House,2315000.0,3,1.0,2.0,899.0,2575.083426028921,1302500.0,0.7773512476007678
1433,Northcote,2016-06-18,House,1170000.0,2,1.0,3.0,453.0,2582.781456953642,1302500.0,-0.1017274472168906
1434,Northcote,2016-11-19,House,1715000.0,3,1.0,1.0,407.0,4213.759213759214,1302500.0,0.3166986564299424
1435,Northcote,2016-11-19,House,1396500.0,3,1.0,1.0,302.0,4624.172185430463,1302500.0,0.0721689059500959
1436,Northcote,2016-11-19,House,1474000.0,3,1.0,0.0,304.0,4848.684210526316,1302500.0,0.1316698656429942
1437,Northcote,2016-11-19,House,1340000.0,3,2.0,1.0,165.0,8121.212121212121,1302500.0,0.0287907869481765
1438,Northcote,2016-11-19,House,980000.0,3,1.0,0.0,279.0,3512.5448028673836,1302500.0,-0.2476007677543186
1439,Northcote,2016-05-22,House,1035000.0,2,1.0,2.0,243.0,4259.259259259259,1302500.0,-0.2053742802303263
1440,Northcote,2016-05-22,House,1760000.0,3,2.0,2.0,403.0,4367.245657568238,1302500.0,0.3512476007677543
1441,Northcote,2016-05-22,House,975000.0,3,1.0,2.0,274.0,3558.394160583942,1302500.0,-0.2514395393474088
1442,Northcote,2016-08-22,House,1095000.0,2,1.0,2.0,306.0,3578.4313725490197,1302500.0,-0.1593090211132437
1443,Northcote,2016-04-23,House,1225000.0,3,1.0,2.0,307.0,3990.228013029316,1302500.0,-0.0595009596928982
1444,Northcote,2016-09-24,House,2004000.0,4,2.0,1.0,569.0,3521.968365553603,1302500.0,0.5385796545105567
1445,Northcote,2016-09-24,House,1211000.0,2,1.0,1.0,178.0,6803.3707865168535,1302500.0,-0.0702495201535508
1446,Northcote,2016-09-24,House,4300000.0,5,4.0,3.0,569.0,7557.117750439367,1302500.0,2.3013435700575817
1447,Northcote,2016-09-24,House,1400000.0,3,1.0,1.0,335.0,4179.104477611941,1302500.0,0.0748560460652591
1448,Northcote,2016-09-24,Unit,770000.0,2,1.0,1.0,129.0,5968.992248062015,1302500.0,-0.4088291746641075
1449,Northcote,2016-09-24,House,1090000.0,3,1.0,2.0,318.0,3427.672955974843,1302500.0,-0.1631477927063339
1450,Northcote,2016-09-24,House,1830000.0,4,1.0,1.0,654.0,2798.1651376146788,1302500.0,0.4049904030710173
1451,Northcote,2016-09-24,House,1000000.0,3,1.0,1.0,440.0,2272.7272727272725,1302500.0,-0.2322456813819577
1452,Northcote,2016-09-24,Unit,600000.0,2,1.0,1.0,671.0,894.187779433681,1302500.0,-0.5393474088291746
1453,Northcote,2017-02-25,Townhouse,980000.0,3,2.0,2.0,195.0,5025.641025641025,1302500.0,-0.2476007677543186
1454,Northcote,2016-06-27,House,1310000.0,4,2.0,1.0,355.0,3690.1408450704225,1302500.0,0.0057581573896353
1455,Northcote,2016-06-27,House,1050000.0,2,1.0,2.0,301.0,3488.3720930232557,1302500.0,-0.1938579654510556
1456,Northcote,2016-06-27,House,1700000.0,5,3.0,1.0,450.0,3777.777777777778,1302500.0,0.3051823416506717
1457,Northcote,2016-11-27,House,2160000.0,3,2.0,1.0,338.0,6390.532544378698,1302500.0,0.6583493282149712
1458,Northcote,2016-11-27,House,1610000.0,3,1.0,2.0,501.0,3213.572854291417,1302500.0,0.236084452975048
1459,Northcote,2016-05-28,House,1420000.0,4,1.0,1.0,465.0,3053.7634408602153,1302500.0,0.0902111324376199
1460,Northcote,2016-05-28,House,1950000.0,4,2.0,1.0,489.0,3987.730061349693,1302500.0,0.4971209213051823
1461,Northcote,2016-05-28,House,1820000.0,5,3.0,2.0,344.0,5290.697674418605,1302500.0,0.3973128598848368
1462,Northcote,2016-05-28,House,1900000.0,4,2.0,1.0,537.0,3538.175046554935,1302500.0,0.4587332053742802
1463,Northcote,2016-08-28,House,1080000.0,3,1.0,1.0,348.0,3103.448275862069,1302500.0,-0.1708253358925144
1464,Northcote,2016-08-28,House,1450000.0,3,1.0,1.0,489.0,2965.235173824131,1302500.0,0.1132437619961612
1465,Northcote,2016-08-28,House,1400000.0,3,1.0,2.0,582.0,2405.498281786942,1302500.0,0.0748560460652591
1466,Northcote,2016-08-28,House,1340000.0,2,1.0,1.0,297.0,4511.784511784512,1302500.0,0.0287907869481765
1467,Northcote,2016-08-28,House,1300000.0,4,3.0,2.0,187.0,6951.871657754011,1302500.0,-0.0019193857965451
1468,Northcote,2016-08-28,House,2340000.0,4,2.0,3.0,824.0,2839.8058252427186,1302500.0,0.7965451055662188
1469,Northcote,2016-08-28,House,1634000.0,2,1.0,2.0,376.0,4345.744680851064,1302500.0,0.254510556621881
1470,Northcote,2016-07-30,House,910000.0,2,1.0,1.0,150.0,6066.666666666667,1302500.0,-0.3013435700575815
1471,Northcote,2016-07-30,House,1650000.0,4,1.0,1.0,382.0,4319.371727748691,1302500.0,0.2667946257197697
1472,Northcote,2016-07-30,Townhouse,1130000.0,3,2.0,1.0,229.0,4934.4978165938865,1302500.0,-0.1324376199616123
1473,Northcote,2016-07-30,House,3850000.0,4,4.0,8.0,1390.0,2769.7841726618703,1302500.0,1.955854126679463
1474,Northcote,2016-07-30,House,1510000.0,3,1.0,3.0,327.0,4617.737003058104,1302500.0,0.1593090211132437
1475,Northcote,2016-07-30,House,1500000.0,3,1.0,8.0,727.0,2063.273727647868,1302500.0,0.1516314779270633
1476,Northcote,2016-07-30,House,2315000.0,4,2.0,4.0,750.0,3086.6666666666665,1302500.0,0.7773512476007678
1477,Pascoe Vale,2016-09-03,House,1120000.0,3,1.0,2.0,50.0,22400.0,770000.0,0.4545454545454545
1478,Pascoe Vale,2016-09-03,House,770000.0,3,1.0,4.0,560.0,1375.0,770000.0,0.0
1479,Pascoe Vale,2016-12-03,House,915000.0,2,1.0,3.0,629.0,1454.689984101749,770000.0,0.1883116883116883
1480,Pascoe Vale,2016-12-03,House,975000.0,4,1.0,1.0,733.0,1330.150068212824,770000.0,0.2662337662337662
1481,Pascoe Vale,2016-12-03,House,770000.0,3,1.0,0.0,464.0,1659.4827586206898,770000.0,0.0
1482,Pascoe Vale,2017-03-04,House,780000.0,3,1.0,1.0,446.0,1748.878923766816,770000.0,0.0129870129870129
1483,Pascoe Vale,2017-03-04,Unit,600000.0,3,1.0,1.0,204.0,2941.176470588235,770000.0,-0.2207792207792207
1484,Pascoe Vale,2017-03-04,House,1465000.0,3,1.0,2.0,956.0,1532.4267782426778,770000.0,0.9025974025974026
1485,Pascoe Vale,2017-03-04,House,955000.0,4,2.0,2.0,686.0,1392.128279883382,770000.0,0.2402597402597402
1486,Pascoe Vale,2017-03-04,House,767000.0,3,1.0,1.0,505.0,1518.8118811881188,770000.0,-0.0038961038961038
1487,Pascoe Vale,2017-03-04,House,1196000.0,4,2.0,2.0,559.0,2139.5348837209303,770000.0,0.5532467532467532
1488,Pascoe Vale,2016-06-04,House,731000.0,3,1.0,2.0,568.0,1286.9718309859154,770000.0,-0.0506493506493506
1489,Pascoe Vale,2016-08-06,House,555000.0,2,1.0,2.0,336.0,1651.7857142857142,770000.0,-0.2792207792207792
1490,Pascoe Vale,2016-08-06,Unit,585000.0,3,1.0,1.0,180.0,3250.0,770000.0,-0.2402597402597402
1491,Pascoe Vale,2016-08-06,Townhouse,480000.0,2,1.0,1.0,113.0,4247.787610619469,770000.0,-0.3766233766233766
1492,Pascoe Vale,2016-08-06,Townhouse,605000.0,4,2.0,1.0,215.0,2813.953488372093,770000.0,-0.2142857142857142
1493,Pascoe Vale,2016-05-07,Unit,495000.0,2,1.0,2.0,205.0,2414.6341463414633,770000.0,-0.3571428571428571
1494,Pascoe Vale,2016-05-07,House,738000.0,3,1.0,1.0,821.0,898.9037758830694,770000.0,-0.0415584415584415
1495,Pascoe Vale,2016-05-07,House,386000.0,2,1.0,1.0,111.0,3477.477477477478,770000.0,-0.4987012987012987
1496,Pascoe Vale,2016-05-07,Unit,452000.0,2,1.0,1.0,159.0,2842.7672955974845,770000.0,-0.412987012987013
1497,Pascoe Vale,2016-05-07,House,522500.0,3,1.0,1.0,192.0,2721.3541666666665,770000.0,-0.3214285714285714
1498,Pascoe Vale,2016-05-07,House,601500.0,2,1.0,1.0,253.0,2377.4703557312255,770000.0,-0.2188311688311688
1499,Pascoe Vale,2016-11-07,House,1305000.0,3,1.0,1.0,735.0,1775.5102040816328,770000.0,0.6948051948051948
1500,Pascoe Vale,2016-11-07,House,741000.0,2,1.0,2.0,520.0,1425.0,770000.0,-0.0376623376623376
1501,Pascoe Vale,2016-11-07,Unit,495000.0,2,1.0,1.0,207.0,2391.304347826087,770000.0,-0.3571428571428571
1502,Pascoe Vale,2016-10-08,House,1345000.0,5,2.0,5.0,759.0,1772.068511198946,770000.0,0.7467532467532467
1503,Pascoe Vale,2016-10-08,Townhouse,530000.0,2,1.0,1.0,156.0,3397.4358974358975,770000.0,-0.3116883116883117
1504,Pascoe Vale,2016-10-08,House,815000.0,3,1.0,1.0,438.0,1860.730593607306,770000.0,0.0584415584415584
1505,Pascoe Vale,2016-10-08,House,930000.0,4,1.0,3.0,746.0,1246.6487935656835,770000.0,0.2077922077922078
1506,Pascoe Vale,2016-09-10,House,730000.0,4,1.0,3.0,683.0,1068.814055636896,770000.0,-0.0519480519480519
1507,Pascoe Vale,2016-09-10,House,775000.0,3,1.0,1.0,406.0,1908.8669950738915,770000.0,0.0064935064935064
1508,Pascoe Vale,2016-12-10,House,990000.0,4,2.0,2.0,770.0,1285.7142857142858,770000.0,0.2857142857142857
1509,Pascoe Vale,2016-12-10,House,950000.0,5,2.0,2.0,705.0,1347.517730496454,770000.0,0.2337662337662337
1510,Pascoe Vale,2016-12-10,House,915000.0,2,1.0,3.0,629.0,1454.689984101749,770000.0,0.1883116883116883
1511,Pascoe Vale,2016-12-10,House,900000.0,3,1.0,1.0,570.0,1578.9473684210527,770000.0,0.1688311688311688
1512,Pascoe Vale,2017-02-11,House,810000.0,3,1.0,1.0,470.0,1723.404255319149,770000.0,0.0519480519480519
1513,Pascoe Vale,2017-03-11,House,920000.0,2,1.0,2.0,650.0,1415.3846153846157,770000.0,0.1948051948051948
1514,Pascoe Vale,2016-11-12,House,835000.0,3,1.0,2.0,422.0,1978.6729857819903,770000.0,0.0844155844155844
1515,Pascoe Vale,2016-11-12,Townhouse,790000.0,3,3.0,1.0,291.0,2714.7766323024057,770000.0,0.0259740259740259
1516,Pascoe Vale,2016-11-12,House,810000.0,4,2.0,1.0,455.0,1780.2197802197802,770000.0,0.0519480519480519
1517,Pascoe Vale,2016-11-12,Townhouse,667500.0,3,2.0,2.0,167.0,3997.005988023952,770000.0,-0.1331168831168831
1518,Pascoe Vale,2016-08-13,Townhouse,500000.0,2,1.0,1.0,147.0,3401.360544217687,770000.0,-0.3506493506493506
1519,Pascoe Vale,2016-08-13,Unit,485000.0,2,1.0,1.0,139.0,3489.2086330935253,770000.0,-0.3701298701298701
1520,Pascoe Vale,2016-05-14,Unit,488000.0,2,1.0,2.0,219.0,2228.310502283105,770000.0,-0.3662337662337662
1521,Pascoe Vale,2016-05-14,House,900000.0,3,2.0,2.0,608.0,1480.2631578947369,770000.0,0.1688311688311688
1522,Pascoe Vale,2016-05-14,House,680000.0,2,1.0,2.0,590.0,1152.542372881356,770000.0,-0.1168831168831168
1523,Pascoe Vale,2016-05-14,House,683500.0,3,1.0,2.0,590.0,1158.4745762711864,770000.0,-0.1123376623376623
1524,Pascoe Vale,2016-10-15,Townhouse,590000.0,3,2.0,2.0,191.0,3089.005235602094,770000.0,-0.2337662337662337
1525,Pascoe Vale,2016-10-15,House,770000.0,3,1.0,3.0,464.0,1659.4827586206898,770000.0,0.0
1526,Pascoe Vale,2016-10-15,House,815000.0,3,1.0,2.0,628.0,1297.7707006369426,770000.0,0.0584415584415584
1527,Pascoe Vale,2016-10-15,House,975000.0,3,1.0,3.0,686.0,1421.2827988338192,770000.0,0.2662337662337662
1528,Pascoe Vale,2016-04-16,House,970000.0,4,2.0,1.0,535.0,1813.0841121495328,770000.0,0.2597402597402597
1529,Pascoe Vale,2016-09-17,House,940000.0,3,1.0,1.0,589.0,1595.925297113752,770000.0,0.2207792207792207
1530,Pascoe Vale,2016-09-17,Townhouse,600000.0,3,3.0,1.0,205.0,2926.829268292683,770000.0,-0.2207792207792207
1531,Pascoe Vale,2016-09-17,Townhouse,510000.0,2,1.0,1.0,110.0,4636.363636363636,770000.0,-0.3376623376623376
1532,Pascoe Vale,2017-03-18,House,750000.0,3,2.0,2.0,540.0,1388.888888888889,770000.0,-0.0259740259740259
1533,Pascoe Vale,2017-03-18,House,822000.0,4,2.0,2.0,250.0,3288.0,770000.0,0.0675324675324675
1534,Pascoe Vale,2017-03-18,House,983000.0,3,1.0,2.0,650.0,1512.3076923076924,770000.0,0.2766233766233766
1535,Pascoe Vale,2017-03-18,House,600000.0,3,1.0,3.0,490.0,1224.4897959183672,770000.0,-0.2207792207792207
1536,Pascoe Vale,2016-06-18,Townhouse,640000.0,4,2.0,2.0,353.0,1813.031161473088,770000.0,-0.1688311688311688
1537,Pascoe Vale,2016-06-18,Townhouse,430000.0,3,2.0,1.0,146.0,2945.205479452055,770000.0,-0.4415584415584415
1538,Pascoe Vale,2016-11-19,House,1350000.0,4,2.0,2.0,646.0,2089.783281733746,770000.0,0.7532467532467533
1539,Pascoe Vale,2016-11-19,House,780000.0,4,1.0,1.0,556.0,1402.8776978417266,770000.0,0.0129870129870129
1540,Pascoe Vale,2016-11-19,House,474000.0,2,1.0,1.0,558.0,849.4623655913979,770000.0,-0.3844155844155844
1541,Pascoe Vale,2016-05-22,House,810000.0,2,1.0,1.0,783.0,1034.4827586206898,770000.0,0.0519480519480519
1542,Pascoe Vale,2016-05-22,House,723000.0,4,1.0,2.0,485.0,1490.721649484536,770000.0,-0.061038961038961
1543,Pascoe Vale,2016-05-22,Townhouse,550500.0,2,1.0,2.0,135.0,4077.777777777778,770000.0,-0.2850649350649351
1544,Pascoe Vale,2016-08-22,Townhouse,610000.0,2,1.0,1.0,169.0,3609.4674556213017,770000.0,-0.2077922077922078
1545,Pascoe Vale,2016-08-22,House,1000000.0,3,1.0,2.0,858.0,1165.5011655011656,770000.0,0.2987012987012987
1546,Pascoe Vale,2016-08-22,Unit,533000.0,3,2.0,2.0,197.0,2705.583756345178,770000.0,-0.3077922077922078
1547,Pascoe Vale,2016-04-23,House,630000.0,2,1.0,1.0,602.0,1046.5116279069769,770000.0,-0.1818181818181818
1548,Pascoe Vale,2016-04-23,Townhouse,410000.0,2,1.0,1.0,105.0,3904.7619047619046,770000.0,-0.4675324675324675
1549,Pascoe Vale,2016-04-23,House,600000.0,3,1.0,4.0,557.0,1077.1992818671454,770000.0,-0.2207792207792207
1550,Pascoe Vale,2016-09-24,House,616000.0,3,1.0,1.0,190.0,3242.1052631578946,770000.0,-0.2
1551,Pascoe Vale,2016-09-24,House,792000.0,3,1.0,2.0,582.0,1360.8247422680413,770000.0,0.0285714285714285
1552,Pascoe Vale,2017-02-25,House,960000.0,3,1.0,2.0,641.0,1497.6599063962558,770000.0,0.2467532467532467
1553,Pascoe Vale,2017-02-25,House,985000.0,4,2.0,2.0,511.0,1927.5929549902153,770000.0,0.2792207792207792
1554,Pascoe Vale,2017-02-25,House,820000.0,4,1.0,1.0,420.0,1952.3809523809523,770000.0,0.0649350649350649
1555,Pascoe Vale,2017-02-25,House,670000.0,3,1.0,1.0,596.0,1124.1610738255033,770000.0,-0.1298701298701298
1556,Pascoe Vale,2016-07-26,House,855000.0,2,1.0,2.0,659.0,1297.4203338391503,770000.0,0.1103896103896103
1557,Pascoe Vale,2016-07-26,Townhouse,665000.0,4,2.0,2.0,148.0,4493.243243243243,770000.0,-0.1363636363636363
1558,Pascoe Vale,2016-06-27,House,690000.0,3,1.0,1.0,507.0,1360.9467455621302,770000.0,-0.1038961038961039
1559,Pascoe Vale,2016-06-27,House,880000.0,3,2.0,2.0,588.0,1496.5986394557824,770000.0,0.1428571428571428
1560,Pascoe Vale,2016-06-27,House,700000.0,3,1.0,2.0,449.0,1559.0200445434298,770000.0,-0.0909090909090909
1561,Pascoe Vale,2016-11-27,Townhouse,600000.0,3,2.0,1.0,122.0,4918.0327868852455,770000.0,-0.2207792207792207
1562,Pascoe Vale,2016-11-27,House,721000.0,3,1.0,2.0,542.0,1330.258302583026,770000.0,-0.0636363636363636
1563,Pascoe Vale,2016-11-27,House,720000.0,2,1.0,1.0,428.0,1682.2429906542056,770000.0,-0.0649350649350649
1564,Pascoe Vale,2016-11-27,House,910000.0,4,2.0,0.0,934.0,974.304068522484,770000.0,0.1818181818181818
1565,Pascoe Vale,2016-11-27,House,1570000.0,2,1.0,1.0,746.0,2104.55764075067,770000.0,1.0389610389610389
1566,Pascoe Vale,2016-05-28,House,525500.0,2,1.0,1.0,111.0,4734.2342342342345,770000.0,-0.3175324675324675
1567,Pascoe Vale,2016-05-28,House,612500.0,3,1.0,1.0,522.0,1173.3716475095785,770000.0,-0.2045454545454545
1568,Pascoe Vale,2016-08-28,Unit,248500.0,1,1.0,1.0,49.0,5071.428571428572,770000.0,-0.6772727272727272
1569,Pascoe Vale,2016-08-28,House,960000.0,3,2.0,2.0,501.0,1916.1676646706587,770000.0,0.2467532467532467
1570,Pascoe Vale,2016-08-28,House,1085000.0,2,1.0,2.0,847.0,1280.9917355371902,770000.0,0.4090909090909091
1571,Pascoe Vale,2016-08-28,House,650000.0,3,2.0,1.0,266.0,2443.6090225563908,770000.0,-0.1558441558441558
1572,Pascoe Vale,2016-07-30,House,650000.0,4,1.0,2.0,410.0,1585.3658536585365,770000.0,-0.1558441558441558
1573,Pascoe Vale,2016-07-30,House,937000.0,4,2.0,2.0,708.0,1323.446327683616,770000.0,0.2168831168831168
1574,Pascoe Vale,2016-07-30,Unit,360000.0,2,1.0,1.0,119.0,3025.2100840336134,770000.0,-0.5324675324675324
1575,Pascoe Vale,2016-07-30,House,500000.0,3,1.0,2.0,191.0,2617.801047120419,770000.0,-0.3506493506493506
1576,Pascoe Vale,2016-07-30,House,775000.0,2,1.0,2.0,527.0,1470.5882352941176,770000.0,0.0064935064935064
1577,Pascoe Vale,2016-07-30,House,599000.0,3,1.0,1.0,534.0,1121.7228464419477,770000.0,-0.222077922077922
1578,Preston,2016-09-03,House,1250000.0,3,1.0,2.0,644.0,1940.993788819876,910000.0,0.3736263736263736
1579,Preston,2016-09-03,House,855000.0,3,1.0,2.0,584.0,1464.041095890411,910000.0,-0.0604395604395604
1580,Preston,2016-09-03,House,930000.0,4,2.0,2.0,604.0,1539.7350993377484,910000.0,0.0219780219780219
1581,Preston,2016-09-03,House,900000.0,4,2.0,1.0,530.0,1698.1132075471698,910000.0,-0.0109890109890109
1582,Preston,2016-09-03,House,1004000.0,4,0.0,0.0,650.0,1544.6153846153843,910000.0,0.1032967032967032
1583,Preston,2016-09-03,House,930000.0,3,1.0,2.0,518.0,1795.3667953667953,910000.0,0.0219780219780219
1584,Preston,2016-12-03,House,1200000.0,3,2.0,1.0,465.0,2580.6451612903224,910000.0,0.3186813186813186
1585,Preston,2016-12-03,House,721000.0,3,1.0,1.0,581.0,1240.9638554216867,910000.0,-0.2076923076923077
1586,Preston,2016-12-03,House,751000.0,3,1.0,0.0,148.0,5074.324324324324,910000.0,-0.1747252747252747
1587,Preston,2017-03-04,House,835000.0,2,1.0,1.0,490.0,1704.0816326530612,910000.0,-0.0824175824175824
1588,Preston,2017-03-04,House,637000.0,3,1.0,2.0,327.0,1948.0122324159024,910000.0,-0.3
1589,Preston,2017-03-04,House,1265000.0,3,2.0,1.0,465.0,2720.430107526882,910000.0,0.3901098901098901
1590,Preston,2017-03-04,House,1100000.0,3,2.0,3.0,490.0,2244.8979591836733,910000.0,0.2087912087912088
1591,Preston,2017-03-04,House,1082000.0,4,2.0,3.0,534.0,2026.2172284644196,910000.0,0.189010989010989
1592,Preston,2017-03-04,Townhouse,715000.0,2,1.0,1.0,132.0,5416.666666666667,910000.0,-0.2142857142857142
1593,Preston,2017-03-04,House,630000.0,5,5.0,3.0,199.0,3165.829145728643,910000.0,-0.3076923076923077
1594,Preston,2017-03-04,House,837000.0,2,1.0,3.0,581.0,1440.6196213425128,910000.0,-0.0802197802197802
1595,Preston,2016-06-04,House,950000.0,3,1.0,2.0,563.0,1687.3889875666075,910000.0,0.0439560439560439
1596,Preston,2016-08-06,House,840000.0,3,1.0,2.0,647.0,1298.299845440495,910000.0,-0.0769230769230769
1597,Preston,2016-08-06,Unit,496000.0,3,1.0,1.0,266.0,1864.6616541353385,910000.0,-0.4549450549450549
1598,Preston,2016-08-06,House,931000.0,4,1.0,1.0,499.0,1865.7314629258517,910000.0,0.023076923076923
1599,Preston,2016-08-06,House,942000.0,2,2.0,0.0,3037.0,310.1745143233454,910000.0,0.0351648351648351
1600,Preston,2016-05-07,House,650000.0,2,1.0,1.0,360.0,1805.5555555555557,910000.0,-0.2857142857142857
1601,Preston,2016-05-07,House,850000.0,2,1.0,1.0,356.0,2387.6404494382023,910000.0,-0.0659340659340659
1602,Preston,2016-05-07,House,560000.0,3,1.0,2.0,591.0,947.5465313028764,910000.0,-0.3846153846153846
1603,Preston,2016-11-07,House,540000.0,2,1.0,2.0,250.0,2160.0,910000.0,-0.4065934065934066
1604,Preston,2016-11-07,House,1150000.0,3,1.0,2.0,566.0,2031.8021201413428,910000.0,0.2637362637362637
1605,Preston,2016-11-07,House,965000.0,3,1.0,2.0,581.0,1660.9294320137694,910000.0,0.0604395604395604
1606,Preston,2016-10-08,House,700000.0,3,1.0,2.0,562.0,1245.5516014234877,910000.0,-0.2307692307692307
1607,Preston,2016-10-08,House,615000.0,3,1.0,2.0,493.0,1247.4645030425963,910000.0,-0.3241758241758242
1608,Preston,2016-10-08,House,775000.0,2,1.0,1.0,521.0,1487.5239923224567,910000.0,-0.1483516483516483
1609,Preston,2016-10-08,House,735000.0,3,1.0,2.0,369.0,1991.8699186991869,910000.0,-0.1923076923076923
1610,Preston,2016-10-08,House,550000.0,3,2.0,1.0,164.0,3353.6585365853657,910000.0,-0.3956043956043956
1611,Preston,2016-10-08,House,1000000.0,3,1.0,2.0,463.0,2159.827213822894,910000.0,0.0989010989010989
1612,Preston,2016-10-08,House,780000.0,2,1.0,3.0,475.0,1642.1052631578948,910000.0,-0.1428571428571428
1613,Preston,2016-09-10,House,810000.0,4,2.0,2.0,1034.0,783.3655705996132,910000.0,-0.1098901098901098
1614,Preston,2016-09-10,House,843000.0,3,1.0,1.0,537.0,1569.832402234637,910000.0,-0.0736263736263736
1615,Preston,2016-09-10,House,600000.0,2,1.0,2.0,220.0,2727.2727272727275,910000.0,-0.3406593406593406
1616,Preston,2016-12-10,House,925000.0,3,1.0,2.0,693.0,1334.7763347763348,910000.0,0.0164835164835164
1617,Preston,2016-12-10,Unit,305000.0,1,1.0,1.0,41.0,7439.024390243902,910000.0,-0.6648351648351648
1618,Preston,2016-12-10,House,1080000.0,3,2.0,1.0,369.0,2926.829268292683,910000.0,0.1868131868131868
1619,Preston,2016-12-10,Unit,656000.0,2,1.0,1.0,205.0,3200.0,910000.0,-0.2791208791208791
1620,Preston,2016-12-10,House,799900.0,2,1.0,2.0,460.0,1738.9130434782608,910000.0,-0.1209890109890109
1621,Preston,2016-12-10,House,916000.0,3,1.0,3.0,523.0,1751.434034416826,910000.0,0.0065934065934065
1622,Preston,2016-12-10,House,1000000.0,3,2.0,2.0,143.0,6993.006993006993,910000.0,0.0989010989010989
1623,Preston,2016-12-10,House,914000.0,4,1.0,1.0,339.0,2696.165191740413,910000.0,0.0043956043956043
1624,Preston,2016-12-10,House,1650000.0,3,1.0,2.0,452.0,3650.4424778761063,910000.0,0.8131868131868132
1625,Preston,2017-03-11,House,990000.0,3,2.0,2.0,475.0,2084.2105263157896,910000.0,0.0879120879120879
1626,Preston,2017-03-11,Unit,512000.0,2,1.0,1.0,145.0,3531.0344827586205,910000.0,-0.4373626373626373
1627,Preston,2016-06-12,House,600000.0,3,1.0,3.0,503.0,1192.8429423459245,910000.0,-0.3406593406593406
1628,Preston,2016-11-12,House,910000.0,4,1.0,1.0,582.0,1563.573883161512,910000.0,0.0
1629,Preston,2016-11-12,House,485000.0,3,1.0,1.0,244.0,1987.704918032787,910000.0,-0.467032967032967
1630,Preston,2016-11-12,House,900000.0,3,1.0,1.0,527.0,1707.7798861480076,910000.0,-0.0109890109890109
1631,Preston,2016-11-12,House,1000000.0,4,1.0,2.0,568.0,1760.56338028169,910000.0,0.0989010989010989
1632,Preston,2016-08-13,House,722000.0,2,1.0,1.0,400.0,1805.0,910000.0,-0.2065934065934065
1633,Preston,2016-05-14,House,910000.0,3,1.0,1.0,486.0,1872.4279835390944,910000.0,0.0
1634,Preston,2016-05-14,House,1260000.0,4,3.0,2.0,654.0,1926.605504587156,910000.0,0.3846153846153846
1635,Preston,2016-05-14,Townhouse,635000.0,2,1.0,1.0,79.0,8037.974683544304,910000.0,-0.3021978021978022
1636,Preston,2016-05-14,House,550000.0,3,1.0,1.0,405.0,1358.0246913580247,910000.0,-0.3956043956043956
1637,Preston,2016-05-14,Unit,485000.0,2,1.0,1.0,117.0,4145.2991452991455,910000.0,-0.467032967032967
1638,Preston,2016-05-14,House,690000.0,3,1.0,1.0,594.0,1161.6161616161617,910000.0,-0.2417582417582417
1639,Preston,2016-10-15,House,1065000.0,2,1.0,3.0,507.0,2100.591715976331,910000.0,0.1703296703296703
1640,Preston,2016-10-15,House,1200000.0,3,1.0,1.0,847.0,1416.7650531286895,910000.0,0.3186813186813186
1641,Preston,2016-10-15,Unit,798000.0,3,2.0,2.0,212.0,3764.1509433962265,910000.0,-0.123076923076923
1642,Preston,2016-10-15,House,850000.0,2,1.0,1.0,669.0,1270.5530642750373,910000.0,-0.0659340659340659
1643,Preston,2016-10-15,House,1355000.0,3,1.0,2.0,916.0,1479.2576419213974,910000.0,0.489010989010989
1644,Preston,2016-10-15,House,971000.0,3,1.0,2.0,610.0,1591.8032786885246,910000.0,0.067032967032967
1645,Preston,2016-10-15,Unit,530000.0,2,1.0,1.0,106.0,5000.0,910000.0,-0.4175824175824176
1646,Preston,2016-10-15,House,900000.0,3,1.0,1.0,472.0,1906.7796610169491,910000.0,-0.0109890109890109
1647,Preston,2016-04-16,House,700000.0,2,1.0,1.0,214.0,3271.0280373831774,910000.0,-0.2307692307692307
1648,Preston,2016-04-16,House,930000.0,3,1.0,0.0,453.0,2052.980132450331,910000.0,0.0219780219780219
1649,Preston,2016-04-16,House,920000.0,2,2.0,2.0,516.0,1782.9457364341083,910000.0,0.0109890109890109
1650,Preston,2016-07-16,House,842000.0,3,1.0,1.0,398.0,2115.577889447236,910000.0,-0.0747252747252747
1651,Preston,2016-07-16,House,830000.0,1,1.0,0.0,397.0,2090.6801007556674,910000.0,-0.0879120879120879
1652,Preston,2016-09-17,House,980000.0,3,2.0,1.0,479.0,2045.929018789144,910000.0,0.0769230769230769
1653,Preston,2016-09-17,House,800000.0,3,3.0,2.0,421.0,1900.2375296912112,910000.0,-0.1208791208791208
1654,Preston,2016-09-17,House,930000.0,4,2.0,2.0,544.0,1709.5588235294117,910000.0,0.0219780219780219
1655,Preston,2016-09-17,House,930000.0,3,1.0,2.0,468.0,1987.179487179487,910000.0,0.0219780219780219
1656,Preston,2016-09-17,House,886000.0,2,1.0,2.0,467.0,1897.2162740899355,910000.0,-0.0263736263736263
1657,Preston,2016-09-17,House,1080000.0,3,1.0,1.0,487.0,2217.659137577002,910000.0,0.1868131868131868
1658,Preston,2016-09-17,House,1040000.0,3,1.0,2.0,555.0,1873.873873873874,910000.0,0.1428571428571428
1659,Preston,2017-03-18,House,1400000.0,4,2.0,2.0,559.0,2504.4722719141323,910000.0,0.5384615384615384
1660,Preston,2017-03-18,Townhouse,660000.0,2,1.0,1.0,113.0,5840.70796460177,910000.0,-0.2747252747252747
1661,Preston,2017-03-18,House,876000.0,2,1.0,2.0,479.0,1828.810020876827,910000.0,-0.0373626373626373
1662,Preston,2017-03-18,House,910000.0,2,2.0,1.0,352.0,2585.2272727272725,910000.0,0.0
1663,Preston,2017-03-18,House,1000000.0,3,2.0,2.0,227.0,4405.286343612334,910000.0,0.0989010989010989
1664,Preston,2017-03-18,House,800000.0,3,1.0,2.0,516.0,1550.3875968992247,910000.0,-0.1208791208791208
1665,Preston,2017-03-18,House,1070000.0,3,1.0,2.0,585.0,1829.059829059829,910000.0,0.1758241758241758
1666,Preston,2016-06-18,House,565000.0,2,1.0,2.0,349.0,1618.9111747851002,910000.0,-0.3791208791208791
1667,Preston,2016-06-18,Townhouse,714000.0,3,2.0,2.0,185.0,3859.459459459459,910000.0,-0.2153846153846154
1668,Preston,2016-06-18,House,770000.0,2,2.0,1.0,76.0,10131.578947368422,910000.0,-0.1538461538461538
1669,Preston,2016-06-18,House,1226000.0,3,1.0,4.0,707.0,1734.087694483734,910000.0,0.3472527472527472
1670,Preston,2016-06-18,House,810000.0,3,1.0,1.0,421.0,1923.9904988123517,910000.0,-0.1098901098901098
1671,Preston,2016-06-18,House,1127000.0,3,2.0,2.0,590.0,1910.169491525424,910000.0,0.2384615384615384
1672,Preston,2016-06-18,House,750000.0,3,1.0,2.0,409.0,1833.7408312958437,910000.0,-0.1758241758241758
1673,Preston,2016-11-19,House,980000.0,3,1.0,1.0,485.0,2020.618556701031,910000.0,0.0769230769230769
1674,Preston,2016-11-19,House,670000.0,3,1.0,2.0,271.0,2472.3247232472327,910000.0,-0.2637362637362637
1675,Preston,2016-11-19,House,1315000.0,4,3.0,2.0,836.0,1572.9665071770337,910000.0,0.445054945054945
1676,Preston,2016-11-19,House,780000.0,2,1.0,1.0,310.0,2516.1290322580644,910000.0,-0.1428571428571428
1677,Preston,2016-05-22,House,986000.0,2,1.0,1.0,472.0,2088.9830508474574,910000.0,0.0835164835164835
1678,Preston,2016-05-22,House,771000.0,2,1.0,1.0,484.0,1592.9752066115702,910000.0,-0.1527472527472527
1679,Preston,2016-05-22,House,760000.0,4,8.0,7.0,1254.0,606.060606060606,910000.0,-0.1648351648351648
1680,Preston,2016-08-22,House,890000.0,3,1.0,2.0,454.0,1960.352422907489,910000.0,-0.0219780219780219
1681,Preston,2016-08-22,House,1088000.0,2,1.0,2.0,712.0,1528.0898876404494,910000.0,0.1956043956043956
1682,Preston,2016-08-22,House,1123000.0,3,1.0,2.0,504.0,2228.1746031746034,910000.0,0.234065934065934
1683,Preston,2016-04-23,House,600000.0,4,1.0,2.0,236.0,2542.3728813559323,910000.0,-0.3406593406593406
1684,Preston,2016-09-24,House,890000.0,2,1.0,3.0,493.0,1805.2738336713996,910000.0,-0.0219780219780219
1685,Preston,2016-09-24,House,1040000.0,3,2.0,1.0,313.0,3322.6837060702874,910000.0,0.1428571428571428
1686,Preston,2016-09-24,House,1050000.0,3,2.0,1.0,453.0,2317.880794701987,910000.0,0.1538461538461538
1687,Preston,2017-02-25,House,900000.0,2,1.0,1.0,529.0,1701.3232514177694,910000.0,-0.0109890109890109
1688,Preston,2017-02-25,Unit,425000.0,2,2.0,1.0,1485.0,286.1952861952862,910000.0,-0.532967032967033
1689,Preston,2017-02-25,Unit,515000.0,2,1.0,1.0,187.0,2754.0106951871658,910000.0,-0.4340659340659341
1690,Preston,2017-02-25,House,1040000.0,3,1.0,2.0,399.0,2606.5162907268173,910000.0,0.1428571428571428
1691,Preston,2017-02-25,House,520000.0,2,1.0,2.0,178.0,2921.3483146067415,910000.0,-0.4285714285714285
1692,Preston,2016-07-26,Unit,605000.0,3,1.0,2.0,192.0,3151.0416666666665,910000.0,-0.3351648351648351
1693,Preston,2016-07-26,House,890000.0,3,1.0,2.0,495.0,1797.979797979798,910000.0,-0.0219780219780219
1694,Preston,2016-07-26,House,790000.0,2,1.0,1.0,266.0,2969.9248120300754,910000.0,-0.1318681318681318
1695,Preston,2016-07-26,House,1000000.0,3,1.0,2.0,621.0,1610.3059581320451,910000.0,0.0989010989010989
1696,Preston,2016-06-27,House,860000.0,2,2.0,1.0,415.0,2072.289156626506,910000.0,-0.0549450549450549
1697,Preston,2016-06-27,House,630000.0,2,1.0,1.0,372.0,1693.548387096774,910000.0,-0.3076923076923077
1698,Preston,2016-06-27,House,810000.0,3,1.0,1.0,520.0,1557.6923076923076,910000.0,-0.1098901098901098
1699,Preston,2016-06-27,House,875000.0,4,1.0,2.0,400.0,2187.5,910000.0,-0.0384615384615384
1700,Preston,2016-06-27,House,923000.0,3,1.0,0.0,333.0,2771.771771771772,910000.0,0.0142857142857142
1701,Preston,2016-06-27,House,920000.0,4,1.0,1.0,396.0,2323.2323232323233,910000.0,0.0109890109890109
1702,Preston,2016-11-27,House,1150000.0,3,1.0,4.0,728.0,1579.6703296703297,910000.0,0.2637362637362637
1703,Preston,2016-11-27,House,871000.0,4,2.0,1.0,561.0,1552.584670231729,910000.0,-0.0428571428571428
1704,Preston,2016-11-27,House,910000.0,4,1.0,3.0,577.0,1577.123050259965,910000.0,0.0
1705,Preston,2016-11-27,House,1330000.0,3,2.0,3.0,502.0,2649.402390438247,910000.0,0.4615384615384615
1706,Preston,2016-11-27,House,950000.0,4,2.0,1.0,243.0,3909.465020576132,910000.0,0.0439560439560439
1707,Preston,2016-11-27,House,821000.0,3,1.0,2.0,396.0,2073.2323232323233,910000.0,-0.0978021978021978
1708,Preston,2016-11-27,House,888500.0,3,1.0,2.0,497.0,1787.7263581488933,910000.0,-0.0236263736263736
1709,Preston,2016-11-27,House,870000.0,4,1.0,2.0,400.0,2175.0,910000.0,-0.0439560439560439
1710,Preston,2016-05-28,House,1186000.0,3,1.0,1.0,713.0,1663.3941093969145,910000.0,0.3032967032967033
1711,Preston,2016-05-28,House,900000.0,3,1.0,2.0,560.0,1607.142857142857,910000.0,-0.0109890109890109
1712,Preston,2016-05-28,House,800000.0,3,1.0,2.0,207.0,3864.734299516908,910000.0,-0.1208791208791208
1713,Preston,2016-05-28,House,1030000.0,3,2.0,3.0,427.0,2412.1779859484777,910000.0,0.1318681318681318
1714,Preston,2016-05-28,House,1615000.0,4,2.0,3.0,890.0,1814.6067415730336,910000.0,0.7747252747252747
1715,Preston,2016-05-28,House,715000.0,3,1.0,1.0,467.0,1531.0492505353318,910000.0,-0.2142857142857142
1716,Preston,2016-08-28,Unit,610000.0,2,1.0,1.0,126.0,4841.269841269841,910000.0,-0.3296703296703296
1717,Preston,2016-08-28,House,1162500.0,3,2.0,2.0,463.0,2510.7991360691144,910000.0,0.2774725274725275
1718,Preston,2016-08-28,House,1142500.0,4,1.0,2.0,560.0,2040.178571428571,910000.0,0.2554945054945055
1719,Preston,2016-08-28,House,930000.0,3,1.0,2.0,679.0,1369.6612665684831,910000.0,0.0219780219780219
1720,Preston,2016-08-28,House,875000.0,3,2.0,1.0,650.0,1346.1538461538462,910000.0,-0.0384615384615384
1721,Preston,2016-07-30,House,840000.0,4,1.0,2.0,390.0,2153.846153846154,910000.0,-0.0769230769230769
1722,Preston,2016-07-30,House,805000.0,3,1.0,2.0,468.0,1720.08547008547,910000.0,-0.1153846153846153
1723,Preston,2016-07-30,House,750000.0,4,2.0,2.0,500.0,1500.0,910000.0,-0.1758241758241758
1724,Reservoir,2016-09-03,Unit,475000.0,3,1.0,1.0,191.0,2486.910994764398,705000.0,-0.3262411347517731
1725,Reservoir,2016-09-03,Unit,415000.0,2,1.0,1.0,189.0,2195.767195767196,705000.0,-0.4113475177304964
1726,Reservoir,2016-12-03,House,731000.0,3,1.0,2.0,779.0,938.382541720154,705000.0,0.0368794326241134
1727,Reservoir,2016-12-03,Unit,352000.0,2,1.0,1.0,117.0,3008.5470085470088,705000.0,-0.500709219858156
1728,Reservoir,2016-12-03,House,723000.0,3,1.0,1.0,535.0,1351.4018691588783,705000.0,0.025531914893617
1729,Reservoir,2016-12-03,Unit,336000.0,2,1.0,1.0,99.0,3393.939393939394,705000.0,-0.5234042553191489
1730,Reservoir,2016-12-03,House,685000.0,3,1.0,1.0,1262.0,542.7892234548336,705000.0,-0.0283687943262411
1731,Reservoir,2016-12-03,Townhouse,620000.0,3,2.0,2.0,207.0,2995.169082125604,705000.0,-0.1205673758865248
1732,Reservoir,2016-12-03,House,620000.0,3,1.0,2.0,762.0,813.6482939632546,705000.0,-0.1205673758865248
1733,Reservoir,2016-12-03,House,1025000.0,3,2.0,2.0,676.0,1516.2721893491123,705000.0,0.4539007092198581
1734,Reservoir,2017-03-04,Townhouse,490000.0,2,1.0,1.0,91.0,5384.615384615385,705000.0,-0.3049645390070922
1735,Reservoir,2017-03-04,House,805000.0,3,1.0,2.0,227.0,3546.2555066079294,705000.0,0.1418439716312056
1736,Reservoir,2017-03-04,House,770000.0,4,1.0,2.0,855.0,900.5847953216374,705000.0,0.0921985815602836
1737,Reservoir,2017-03-04,Unit,645000.0,3,1.0,2.0,280.0,2303.5714285714284,705000.0,-0.0851063829787234
1738,Reservoir,2017-03-04,House,1005000.0,3,2.0,4.0,466.0,2156.6523605150214,705000.0,0.425531914893617
1739,Reservoir,2017-03-04,House,931000.0,2,1.0,1.0,487.0,1911.7043121149895,705000.0,0.3205673758865248
1740,Reservoir,2017-03-04,House,810000.0,2,1.0,2.0,950.0,852.6315789473684,705000.0,0.1489361702127659
1741,Reservoir,2016-06-04,House,535000.0,2,1.0,1.0,234.0,2286.324786324786,705000.0,-0.2411347517730496
1742,Reservoir,2016-06-04,House,920000.0,3,2.0,2.0,623.0,1476.7255216693418,705000.0,0.3049645390070922
1743,Reservoir,2016-08-06,House,800000.0,3,1.0,5.0,4679.0,170.97670442402222,705000.0,0.1347517730496454
1744,Reservoir,2016-08-06,House,510000.0,3,1.0,2.0,543.0,939.2265193370166,705000.0,-0.2765957446808511
1745,Reservoir,2016-08-06,House,651000.0,3,2.0,3.0,649.0,1003.0816640986131,705000.0,-0.076595744680851
1746,Reservoir,2016-08-06,House,502500.0,3,1.0,2.0,491.0,1023.4215885947046,705000.0,-0.2872340425531915
1747,Reservoir,2016-05-07,House,365000.0,2,1.0,1.0,360.0,1013.8888888888888,705000.0,-0.4822695035460992
1748,Reservoir,2016-05-07,Unit,405000.0,2,1.0,1.0,171.0,2368.4210526315787,705000.0,-0.425531914893617
1749,Reservoir,2016-05-07,Townhouse,620500.0,3,2.0,1.0,158.0,3927.215189873418,705000.0,-0.1198581560283688
1750,Reservoir,2016-05-07,House,730000.0,3,1.0,1.0,546.0,1336.996336996337,705000.0,0.0354609929078014
1751,Reservoir,2016-05-07,House,260000.0,1,1.0,1.0,141.0,1843.9716312056737,705000.0,-0.6312056737588653
1752,Reservoir,2016-05-07,House,665000.0,3,1.0,4.0,503.0,1322.0675944333996,705000.0,-0.0567375886524822
1753,Reservoir,2016-05-07,House,625000.0,3,2.0,1.0,267.0,2340.823970037454,705000.0,-0.1134751773049645
1754,Reservoir,2016-05-07,Unit,357500.0,2,1.0,1.0,129.0,2771.3178294573645,705000.0,-0.4929078014184397
1755,Reservoir,2016-11-07,Unit,427500.0,2,1.0,1.0,146.0,2928.082191780822,705000.0,-0.3936170212765957
1756,Reservoir,2016-11-07,House,851000.0,4,2.0,2.0,581.0,1464.7160068846815,705000.0,0.2070921985815602
1757,Reservoir,2016-11-07,House,998000.0,3,2.0,3.0,479.0,2083.507306889353,705000.0,0.4156028368794326
1758,Reservoir,2016-11-07,House,1030000.0,4,2.0,3.0,630.0,1634.920634920635,705000.0,0.4609929078014184
1759,Reservoir,2016-11-07,House,498000.0,2,1.0,3.0,310.0,1606.451612903226,705000.0,-0.2936170212765957
1760,Reservoir,2016-11-07,Unit,410000.0,2,1.0,1.0,180.0,2277.777777777778,705000.0,-0.4184397163120567
1761,Reservoir,2016-11-07,Unit,450000.0,2,1.0,1.0,95.0,4736.8421052631575,705000.0,-0.3617021276595745
1762,Reservoir,2016-11-07,Unit,341000.0,1,1.0,1.0,125.0,2728.0,705000.0,-0.5163120567375886
1763,Reservoir,2016-11-07,House,900000.0,3,2.0,2.0,634.0,1419.558359621451,705000.0,0.2765957446808511
1764,Reservoir,2016-10-08,House,500000.0,3,1.0,1.0,320.0,1562.5,705000.0,-0.2907801418439716
1765,Reservoir,2016-10-08,House,1015000.0,4,1.0,1.0,518.0,1959.4594594594591,705000.0,0.4397163120567376
1766,Reservoir,2016-10-08,House,915000.0,3,3.0,2.0,618.0,1480.5825242718447,705000.0,0.2978723404255319
1767,Reservoir,2016-10-08,House,380000.0,2,1.0,1.0,159.0,2389.937106918239,705000.0,-0.4609929078014184
1768,Reservoir,2016-10-08,Unit,468000.0,2,2.0,2.0,234.0,2000.0,705000.0,-0.3361702127659574
1769,Reservoir,2016-10-08,House,800000.0,3,1.0,2.0,570.0,1403.508771929825,705000.0,0.1347517730496454
1770,Reservoir,2016-10-08,Unit,380000.0,2,1.0,1.0,149.0,2550.3355704697988,705000.0,-0.4609929078014184
1771,Reservoir,2016-10-08,House,600000.0,3,1.0,1.0,370.0,1621.6216216216217,705000.0,-0.1489361702127659
1772,Reservoir,2016-10-08,Townhouse,530000.0,3,2.0,1.0,229.0,2314.410480349345,705000.0,-0.2482269503546099
1773,Reservoir,2016-10-08,Townhouse,592000.0,3,1.0,1.0,270.0,2192.5925925925926,705000.0,-0.1602836879432624
1774,Reservoir,2016-10-08,House,611000.0,2,1.0,2.0,379.0,1612.137203166227,705000.0,-0.1333333333333333
1775,Reservoir,2016-10-08,Unit,440000.0,2,1.0,2.0,132.0,3333.3333333333335,705000.0,-0.375886524822695
1776,Reservoir,2016-09-10,House,650000.0,3,1.0,3.0,620.0,1048.3870967741937,705000.0,-0.0780141843971631
1777,Reservoir,2016-09-10,Townhouse,416000.0,2,1.0,1.0,159.0,2616.3522012578615,705000.0,-0.4099290780141844
1778,Reservoir,2016-09-10,House,610000.0,3,1.0,2.0,492.0,1239.8373983739837,705000.0,-0.1347517730496454
1779,Reservoir,2016-09-10,House,890000.0,3,2.0,2.0,634.0,1403.7854889589903,705000.0,0.2624113475177305
1780,Reservoir,2016-09-10,House,865000.0,3,1.0,3.0,560.0,1544.642857142857,705000.0,0.226950354609929
1781,Reservoir,2016-09-10,Unit,436000.0,2,1.0,1.0,140.0,3114.285714285714,705000.0,-0.3815602836879432
1782,Reservoir,2016-09-10,House,650000.0,4,1.0,2.0,650.0,1000.0,705000.0,-0.0780141843971631
1783,Reservoir,2016-09-10,Unit,432000.0,2,1.0,1.0,137.0,3153.284671532847,705000.0,-0.3872340425531915
1784,Reservoir,2016-09-10,House,650000.0,3,1.0,1.0,700.0,928.5714285714286,705000.0,-0.0780141843971631
1785,Reservoir,2016-12-10,House,836000.0,2,1.0,3.0,821.0,1018.2704019488428,705000.0,0.1858156028368794
1786,Reservoir,2016-12-10,Unit,401000.0,2,1.0,1.0,184.0,2179.3478260869565,705000.0,-0.4312056737588652
1787,Reservoir,2016-12-10,House,635000.0,2,1.0,1.0,608.0,1044.407894736842,705000.0,-0.0992907801418439
1788,Reservoir,2016-12-10,Unit,491000.0,2,1.0,1.0,168.0,2922.6190476190477,705000.0,-0.3035460992907801
1789,Reservoir,2016-12-10,Unit,420000.0,2,1.0,0.0,207.0,2028.9855072463768,705000.0,-0.4042553191489361
1790,Reservoir,2016-12-10,House,810000.0,3,1.0,2.0,564.0,1436.1702127659576,705000.0,0.1489361702127659
1791,Reservoir,2016-12-10,House,780000.0,3,1.0,2.0,457.0,1706.7833698030634,705000.0,0.1063829787234042
1792,Reservoir,2016-12-10,Unit,520000.0,2,1.0,1.0,135.0,3851.851851851852,705000.0,-0.2624113475177305
1793,Reservoir,2016-12-10,House,660000.0,3,1.0,1.0,754.0,875.3315649867374,705000.0,-0.0638297872340425
1794,Reservoir,2017-02-11,House,555000.0,2,1.0,2.0,229.0,2423.5807860262007,705000.0,-0.2127659574468085
1795,Reservoir,2017-02-11,House,540000.0,3,2.0,2.0,215.0,2511.6279069767443,705000.0,-0.2340425531914893
1796,Reservoir,2017-03-11,Townhouse,678000.0,3,2.0,1.0,230.0,2947.8260869565215,705000.0,-0.0382978723404255
1797,Reservoir,2016-06-12,House,812000.0,3,1.0,2.0,696.0,1166.6666666666667,705000.0,0.15177304964539
1798,Reservoir,2016-06-12,House,682000.0,3,1.0,1.0,750.0,909.3333333333334,705000.0,-0.0326241134751773
1799,Reservoir,2016-11-12,Townhouse,380000.0,2,1.0,1.0,83.0,4578.313253012048,705000.0,-0.4609929078014184
1800,Reservoir,2016-11-12,Unit,350000.0,1,1.0,2.0,96.0,3645.8333333333335,705000.0,-0.5035460992907801
1801,Reservoir,2016-11-12,House,750000.0,4,2.0,4.0,820.0,914.6341463414634,705000.0,0.0638297872340425
1802,Reservoir,2016-11-12,Townhouse,495000.0,2,1.0,1.0,96.0,5156.25,705000.0,-0.2978723404255319
1803,Reservoir,2016-11-12,House,644000.0,2,1.0,2.0,455.0,1415.3846153846157,705000.0,-0.0865248226950354
1804,Reservoir,2016-11-12,House,895500.0,4,2.0,4.0,864.0,1036.4583333333333,705000.0,0.2702127659574468
1805,Reservoir,2016-11-12,Unit,500000.0,3,1.0,1.0,359.0,1392.757660167131,705000.0,-0.2907801418439716
1806,Reservoir,2016-11-12,House,940000.0,3,1.0,2.0,756.0,1243.3862433862437,705000.0,0.3333333333333333
1807,Reservoir,2016-11-12,Townhouse,568000.0,2,1.0,1.0,120.0,4733.333333333333,705000.0,-0.1943262411347517
1808,Reservoir,2016-11-12,Unit,350000.0,2,1.0,1.0,102.0,3431.372549019608,705000.0,-0.5035460992907801
1809,Reservoir,2016-08-13,House,585000.0,3,1.0,3.0,620.0,943.548387096774,705000.0,-0.1702127659574468
1810,Reservoir,2016-08-13,Unit,360000.0,2,1.0,1.0,139.0,2589.928057553957,705000.0,-0.4893617021276595
1811,Reservoir,2016-08-13,Unit,380000.0,2,1.0,1.0,220.0,1727.2727272727273,705000.0,-0.4609929078014184
1812,Reservoir,2016-08-13,House,546000.0,3,1.0,2.0,592.0,922.2972972972972,705000.0,-0.225531914893617
1813,Reservoir,2016-08-13,Unit,400000.0,3,1.0,1.0,172.0,2325.5813953488373,705000.0,-0.4326241134751773
1814,Reservoir,2016-08-13,House,1700000.0,4,2.0,4.0,601.0,2828.6189683860234,705000.0,1.4113475177304964
1815,Reservoir,2016-05-14,House,592500.0,3,2.0,1.0,215.0,2755.813953488372,705000.0,-0.1595744680851064
1816,Reservoir,2016-05-14,House,830000.0,3,1.0,1.0,509.0,1630.648330058939,705000.0,0.1773049645390071
1817,Reservoir,2016-05-14,Unit,360000.0,2,1.0,1.0,132.0,2727.2727272727275,705000.0,-0.4893617021276595
1818,Reservoir,2016-05-14,House,655000.0,3,1.0,1.0,644.0,1017.0807453416148,705000.0,-0.0709219858156028
1819,Reservoir,2016-10-15,House,410000.0,3,1.0,1.0,250.0,1640.0,705000.0,-0.4184397163120567
1820,Reservoir,2016-10-15,House,836000.0,2,1.0,1.0,931.0,897.9591836734694,705000.0,0.1858156028368794
1821,Reservoir,2016-10-15,House,635000.0,2,2.0,2.0,654.0,970.948012232416,705000.0,-0.0992907801418439
1822,Reservoir,2016-10-15,House,811000.0,4,2.0,3.0,525.0,1544.7619047619048,705000.0,0.150354609929078
1823,Reservoir,2016-10-15,House,650000.0,2,1.0,1.0,750.0,866.6666666666666,705000.0,-0.0780141843971631
1824,Reservoir,2016-10-15,House,765000.0,3,1.0,2.0,551.0,1388.3847549909256,705000.0,0.0851063829787234
1825,Reservoir,2016-10-15,Unit,440000.0,2,1.0,2.0,132.0,3333.3333333333335,705000.0,-0.375886524822695
1826,Reservoir,2016-10-15,House,715000.0,3,2.0,2.0,251.0,2848.605577689243,705000.0,0.0141843971631205
1827,Reservoir,2016-04-16,House,670000.0,4,2.0,2.0,578.0,1159.1695501730103,705000.0,-0.0496453900709219
1828,Reservoir,2016-04-16,Unit,376000.0,2,1.0,1.0,104.0,3615.3846153846152,705000.0,-0.4666666666666667
1829,Reservoir,2016-04-16,House,680000.0,3,1.0,4.0,527.0,1290.3225806451612,705000.0,-0.0354609929078014
1830,Reservoir,2016-04-16,House,786000.0,4,3.0,1.0,595.0,1321.0084033613446,705000.0,0.1148936170212766
1831,Reservoir,2016-04-16,Unit,390000.0,2,1.0,1.0,122.0,3196.72131147541,705000.0,-0.4468085106382978
1832,Reservoir,2016-04-16,House,650000.0,3,1.0,2.0,468.0,1388.888888888889,705000.0,-0.0780141843971631
1833,Reservoir,2016-04-16,House,540000.0,3,1.0,2.0,496.0,1088.7096774193549,705000.0,-0.2340425531914893
1834,Reservoir,2016-07-16,House,685000.0,3,1.0,1.0,497.0,1378.269617706237,705000.0,-0.0283687943262411
1835,Reservoir,2016-07-16,House,800000.0,3,2.0,3.0,574.0,1393.7282229965156,705000.0,0.1347517730496454
1836,Reservoir,2016-07-16,House,830000.0,3,1.0,2.0,671.0,1236.9597615499256,705000.0,0.1773049645390071
1837,Reservoir,2016-07-16,Unit,330000.0,2,1.0,1.0,90.0,3666.6666666666665,705000.0,-0.5319148936170213
1838,Reservoir,2016-07-16,House,539000.0,3,1.0,1.0,474.0,1137.1308016877638,705000.0,-0.2354609929078014
1839,Reservoir,2016-09-17,House,622500.0,3,1.0,1.0,456.0,1365.1315789473683,705000.0,-0.1170212765957446
1840,Reservoir,2016-09-17,House,767500.0,4,2.0,2.0,834.0,920.2637889688248,705000.0,0.0886524822695035
1841,Reservoir,2016-09-17,House,780000.0,3,1.0,2.0,464.0,1681.0344827586207,705000.0,0.1063829787234042
1842,Reservoir,2016-09-17,House,668000.0,3,2.0,1.0,618.0,1080.906148867314,705000.0,-0.0524822695035461
1843,Reservoir,2016-09-17,House,1215000.0,4,2.0,4.0,748.0,1624.331550802139,705000.0,0.723404255319149
1844,Reservoir,2017-03-18,House,1120000.0,3,1.0,2.0,744.0,1505.3763440860216,705000.0,0.5886524822695035
1845,Reservoir,2017-03-18,Unit,470000.0,3,1.0,2.0,159.0,2955.9748427672957,705000.0,-0.3333333333333333
1846,Reservoir,2017-03-18,House,800000.0,3,1.0,1.0,858.0,932.4009324009324,705000.0,0.1347517730496454
1847,Reservoir,2017-03-18,House,1700000.0,2,1.0,6.0,1041.0,1633.045148895293,705000.0,1.4113475177304964
1848,Reservoir,2017-03-18,House,655000.0,3,2.0,2.0,456.0,1436.40350877193,705000.0,-0.0709219858156028
1849,Reservoir,2017-03-18,House,885000.0,3,1.0,2.0,518.0,1708.4942084942086,705000.0,0.2553191489361702
1850,Reservoir,2017-03-18,House,510000.0,2,1.0,2.0,268.0,1902.9850746268655,705000.0,-0.2765957446808511
1851,Reservoir,2017-03-18,Unit,440000.0,2,1.0,1.0,183.0,2404.3715846994537,705000.0,-0.375886524822695
1852,Reservoir,2016-06-18,House,703000.0,3,2.0,1.0,597.0,1177.5544388609717,705000.0,-0.0028368794326241
1853,Reservoir,2016-06-18,Unit,424000.0,2,1.0,1.0,141.0,3007.0921985815603,705000.0,-0.3985815602836879
1854,Reservoir,2016-06-18,House,750000.0,4,1.0,2.0,747.0,1004.016064257028,705000.0,0.0638297872340425
1855,Reservoir,2016-06-18,House,613000.0,3,1.0,2.0,745.0,822.8187919463087,705000.0,-0.1304964539007092
1856,Reservoir,2016-06-18,House,779000.0,3,1.0,2.0,945.0,824.3386243386243,705000.0,0.1049645390070922
1857,Reservoir,2016-06-18,Townhouse,425000.0,2,1.0,1.0,145.0,2931.0344827586205,705000.0,-0.3971631205673759
1858,Reservoir,2016-06-18,House,791000.0,5,3.0,1.0,961.0,823.1009365244537,705000.0,0.1219858156028368
1859,Reservoir,2016-06-18,House,475000.0,3,1.0,1.0,535.0,887.8504672897196,705000.0,-0.3262411347517731
1860,Reservoir,2016-11-19,House,950000.0,3,2.0,2.0,565.0,1681.41592920354,705000.0,0.3475177304964539
1861,Reservoir,2016-11-19,House,730000.0,4,1.0,2.0,770.0,948.051948051948,705000.0,0.0354609929078014
1862,Reservoir,2016-11-19,House,791000.0,2,1.0,3.0,720.0,1098.611111111111,705000.0,0.1219858156028368
1863,Reservoir,2016-11-19,House,905000.0,3,1.0,2.0,950.0,952.6315789473684,705000.0,0.2836879432624113
1864,Reservoir,2016-11-19,Unit,480000.0,2,2.0,1.0,145.0,3310.344827586207,705000.0,-0.3191489361702128
1865,Reservoir,2016-11-19,House,767000.0,3,1.0,2.0,561.0,1367.2014260249557,705000.0,0.0879432624113475
1866,Reservoir,2016-11-19,House,871000.0,3,1.0,3.0,614.0,1418.5667752442996,705000.0,0.2354609929078014
1867,Reservoir,2016-05-22,Unit,450000.0,3,1.0,2.0,179.0,2513.9664804469276,705000.0,-0.3617021276595745
1868,Reservoir,2016-05-22,House,921500.0,3,2.0,1.0,527.0,1748.5768500948766,705000.0,0.3070921985815603
1869,Reservoir,2016-05-22,Townhouse,490000.0,2,1.0,1.0,126.0,3888.8888888888887,705000.0,-0.3049645390070922
1870,Reservoir,2016-05-22,House,787000.0,3,1.0,1.0,563.0,1397.8685612788631,705000.0,0.1163120567375886
1871,Reservoir,2016-08-22,House,670500.0,3,1.0,2.0,654.0,1025.2293577981652,705000.0,-0.0489361702127659
1872,Reservoir,2016-08-22,House,1050000.0,5,2.0,1.0,578.0,1816.6089965397923,705000.0,0.4893617021276595
1873,Reservoir,2016-08-22,Unit,475000.0,3,1.0,2.0,521.0,911.7082533589252,705000.0,-0.3262411347517731
1874,Reservoir,2016-08-22,Unit,440000.0,2,1.0,1.0,153.0,2875.8169934640523,705000.0,-0.375886524822695
1875,Reservoir,2016-08-22,House,623500.0,2,1.0,0.0,452.0,1379.424778761062,705000.0,-0.1156028368794326
1876,Reservoir,2016-08-22,House,830000.0,4,1.0,4.0,791.0,1049.3046776232618,705000.0,0.1773049645390071
1877,Reservoir,2016-04-23,House,572000.0,3,1.0,2.0,41400.0,13.816425120772946,705000.0,-0.1886524822695035
1878,Reservoir,2016-04-23,House,450000.0,3,2.0,2.0,185.0,2432.4324324324325,705000.0,-0.3617021276595745
1879,Reservoir,2016-04-23,Unit,525000.0,2,1.0,2.0,284.0,1848.5915492957747,705000.0,-0.2553191489361702
1880,Reservoir,2016-04-23,House,692500.0,3,2.0,2.0,803.0,862.3910336239103,705000.0,-0.0177304964539007
1881,Reservoir,2016-04-23,House,790000.0,4,2.0,2.0,1090.0,724.7706422018349,705000.0,0.1205673758865248
1882,Reservoir,2016-09-24,House,785000.0,3,1.0,1.0,719.0,1091.7941585535466,705000.0,0.1134751773049645
1883,Reservoir,2016-09-24,House,840000.0,2,1.0,1.0,714.0,1176.470588235294,705000.0,0.1914893617021276
1884,Reservoir,2016-09-24,House,925000.0,5,3.0,4.0,922.0,1003.2537960954448,705000.0,0.3120567375886525
1885,Reservoir,2016-09-24,House,700000.0,3,1.0,1.0,621.0,1127.2141706924317,705000.0,-0.0070921985815602
1886,Reservoir,2016-09-24,House,801000.0,4,1.0,2.0,771.0,1038.9105058365758,705000.0,0.1361702127659574
1887,Reservoir,2016-09-24,House,866000.0,3,1.0,2.0,569.0,1521.9683655536028,705000.0,0.2283687943262411
1888,Reservoir,2016-09-24,Unit,340000.0,2,1.0,1.0,151.0,2251.655629139073,705000.0,-0.5177304964539007
1889,Reservoir,2017-02-25,House,500250.0,2,1.0,1.0,425.0,1177.0588235294117,705000.0,-0.2904255319148936
1890,Reservoir,2017-02-25,House,395000.0,1,1.0,1.0,94.0,4202.127659574468,705000.0,-0.4397163120567376
1891,Reservoir,2017-02-25,House,810000.0,3,2.0,3.0,486.0,1666.6666666666667,705000.0,0.1489361702127659
1892,Reservoir,2017-02-25,House,790000.0,2,1.0,1.0,585.0,1350.4273504273503,705000.0,0.1205673758865248
1893,Reservoir,2017-02-25,Unit,465000.0,2,1.0,1.0,111.0,4189.189189189189,705000.0,-0.3404255319148936
1894,Reservoir,2017-02-25,House,601000.0,3,1.0,2.0,460.0,1306.5217391304348,705000.0,-0.1475177304964539
1895,Reservoir,2017-02-25,House,968000.0,2,1.0,2.0,631.0,1534.072900158479,705000.0,0.3730496453900709
1896,Reservoir,2017-02-25,House,928000.0,3,1.0,1.0,696.0,1333.3333333333333,705000.0,0.3163120567375886
1897,Reservoir,2016-07-26,Unit,300000.0,2,1.0,1.0,87.0,3448.2758620689656,705000.0,-0.574468085106383
1898,Reservoir,2016-07-26,Townhouse,420000.0,2,1.0,2.0,153.0,2745.098039215686,705000.0,-0.4042553191489361
1899,Reservoir,2016-07-26,House,885000.0,4,2.0,3.0,936.0,945.5128205128206,705000.0,0.2553191489361702
1900,Reservoir,2016-07-26,Unit,240000.0,2,1.0,1.0,82.0,2926.829268292683,705000.0,-0.6595744680851063
1901,Reservoir,2016-07-26,House,815000.0,3,1.0,2.0,550.0,1481.8181818181818,705000.0,0.1560283687943262
1902,Reservoir,2016-07-26,House,882500.0,3,2.0,2.0,681.0,1295.8883994126286,705000.0,0.25177304964539
1903,Reservoir,2016-07-26,House,793000.0,3,1.0,2.0,589.0,1346.3497453310697,705000.0,0.1248226950354609
1904,Reservoir,2016-06-27,House,550000.0,3,2.0,2.0,260.0,2115.3846153846152,705000.0,-0.2198581560283688
1905,Reservoir,2016-06-27,Unit,477000.0,2,1.0,2.0,115.0,4147.826086956522,705000.0,-0.3234042553191489
1906,Reservoir,2016-06-27,Unit,433000.0,2,1.0,1.0,236.0,1834.7457627118645,705000.0,-0.3858156028368794
1907,Reservoir,2016-06-27,Unit,672000.0,3,1.0,2.0,855.0,785.9649122807018,705000.0,-0.0468085106382978
1908,Reservoir,2016-06-27,House,680000.0,2,1.0,1.0,750.0,906.6666666666666,705000.0,-0.0354609929078014
1909,Reservoir,2016-11-27,House,751000.0,3,1.0,2.0,604.0,1243.3774834437086,705000.0,0.0652482269503546
1910,Reservoir,2016-11-27,House,851000.0,3,1.0,1.0,826.0,1030.266343825666,705000.0,0.2070921985815602
1911,Reservoir,2016-11-27,House,777000.0,3,1.0,2.0,480.0,1618.75,705000.0,0.102127659574468
1912,Reservoir,2016-11-27,House,1162000.0,4,3.0,4.0,695.0,1671.9424460431655,705000.0,0.64822695035461
1913,Reservoir,2016-11-27,House,620000.0,3,1.0,2.0,653.0,949.4640122511486,705000.0,-0.1205673758865248
1914,Reservoir,2016-11-27,House,1025000.0,3,1.0,4.0,670.0,1529.8507462686566,705000.0,0.4539007092198581
1915,Reservoir,2016-11-27,House,762500.0,3,1.0,2.0,677.0,1126.2924667651405,705000.0,0.0815602836879432
1916,Reservoir,2016-11-27,House,832000.0,3,1.0,2.0,496.0,1677.4193548387098,705000.0,0.1801418439716312
1917,Reservoir,2016-11-27,House,820000.0,5,2.0,2.0,737.0,1112.6187245590231,705000.0,0.1631205673758865
1918,Reservoir,2016-05-28,House,784000.0,3,1.0,2.0,602.0,1302.3255813953488,705000.0,0.1120567375886524
1919,Reservoir,2016-05-28,House,1186000.0,4,1.0,2.0,895.0,1325.1396648044692,705000.0,0.6822695035460993
1920,Reservoir,2016-05-28,House,665000.0,3,1.0,1.0,467.0,1423.982869379015,705000.0,-0.0567375886524822
1921,Reservoir,2016-05-28,Unit,405000.0,2,1.0,1.0,121.0,3347.1074380165287,705000.0,-0.425531914893617
1922,Reservoir,2016-05-28,Unit,431000.0,2,1.0,1.0,139.0,3100.7194244604316,705000.0,-0.3886524822695035
1923,Reservoir,2016-05-28,House,885000.0,4,2.0,2.0,508.0,1742.1259842519685,705000.0,0.2553191489361702
1924,Reservoir,2016-05-28,House,718500.0,3,1.0,6.0,807.0,890.3345724907064,705000.0,0.0191489361702127
1925,Reservoir,2016-05-28,House,762500.0,5,2.0,2.0,548.0,1391.4233576642337,705000.0,0.0815602836879432
1926,Reservoir,2016-05-28,House,737000.0,3,3.0,6.0,957.0,770.1149425287356,705000.0,0.0453900709219858
1927,Reservoir,2016-08-28,House,810000.0,3,2.0,2.0,279.0,2903.2258064516127,705000.0,0.1489361702127659
1928,Reservoir,2016-08-28,House,610000.0,2,1.0,2.0,383.0,1592.6892950391646,705000.0,-0.1347517730496454
1929,Reservoir,2016-08-28,Unit,430000.0,2,1.0,1.0,152.0,2828.9473684210525,705000.0,-0.3900709219858156
1930,Reservoir,2016-08-28,House,730000.0,2,1.0,2.0,637.0,1145.9968602825743,705000.0,0.0354609929078014
1931,Reservoir,2016-08-28,House,680000.0,4,1.0,2.0,561.0,1212.121212121212,705000.0,-0.0354609929078014
1932,Reservoir,2016-07-30,House,705000.0,3,1.0,1.0,437.0,1613.2723112128149,705000.0,0.0
1933,Reservoir,2016-07-30,House,705000.0,3,1.0,3.0,513.0,1374.2690058479532,705000.0,0.0
1934,Reservoir,2016-07-30,Unit,390000.0,2,1.0,1.0,133.0,2932.33082706767,705000.0,-0.4468085106382978
1935,Richmond,2016-09-03,House,937000.0,2,1.0,1.0,125.0,7496.0,1200000.0,-0.2191666666666666
1936,Richmond,2016-09-03,House,1260000.0,3,1.0,0.0,203.0,6206.896551724138,1200000.0,0.05
1937,Richmond,2016-09-03,Townhouse,1236000.0,3,2.0,1.0,675.0,1831.111111111111,1200000.0,0.03
1938,Richmond,2016-09-03,Unit,540000.0,2,2.0,1.0,656.0,823.170731707317,1200000.0,-0.55
1939,Richmond,2016-12-03,House,1600000.0,3,2.0,1.0,115.0,13913.04347826087,1200000.0,0.3333333333333333
1940,Richmond,2016-12-03,House,2180000.0,3,2.0,2.0,345.0,6318.840579710145,1200000.0,0.8166666666666667
1941,Richmond,2016-12-03,Unit,370000.0,1,1.0,1.0,502.0,737.0517928286853,1200000.0,-0.6916666666666667
1942,Richmond,2016-12-03,House,3335000.0,4,2.0,2.0,319.0,10454.545454545454,1200000.0,1.7791666666666666
1943,Richmond,2016-12-03,House,935000.0,2,1.0,1.0,67.0,13955.223880597016,1200000.0,-0.2208333333333333
1944,Richmond,2016-02-04,House,1102000.0,3,2.0,0.0,194.0,5680.412371134021,1200000.0,-0.0816666666666666
1945,Richmond,2017-03-04,Unit,437500.0,1,1.0,1.0,778.0,562.3393316195372,1200000.0,-0.6354166666666666
1946,Richmond,2017-03-04,Unit,421000.0,1,1.0,1.0,8223.0,51.19785966192387,1200000.0,-0.6491666666666667
1947,Richmond,2017-03-04,Unit,479000.0,2,1.0,1.0,534.0,897.0037453183521,1200000.0,-0.6008333333333333
1948,Richmond,2017-03-04,House,3200000.0,5,3.0,3.0,618.0,5177.993527508091,1200000.0,1.6666666666666667
1949,Richmond,2017-03-04,House,1042500.0,2,1.0,1.0,80.0,13031.25,1200000.0,-0.13125
1950,Richmond,2017-03-04,Unit,655000.0,2,1.0,1.0,1725.0,379.71014492753625,1200000.0,-0.4541666666666666
1951,Richmond,2017-03-04,House,1130000.0,2,2.0,3.0,114.0,9912.280701754386,1200000.0,-0.0583333333333333
1952,Richmond,2017-03-04,Unit,561000.0,2,1.0,1.0,2571.0,218.20303383897317,1200000.0,-0.5325
1953,Richmond,2017-03-04,Unit,635000.0,2,2.0,1.0,2740.0,231.75182481751824,1200000.0,-0.4708333333333333
1954,Richmond,2016-06-04,House,1010000.0,3,1.0,1.0,199.0,5075.37688442211,1200000.0,-0.1583333333333333
1955,Richmond,2016-06-04,House,1025000.0,2,1.0,1.0,169.0,6065.08875739645,1200000.0,-0.1458333333333333
1956,Richmond,2016-06-04,House,1102000.0,2,1.0,1.0,167.0,6598.802395209581,1200000.0,-0.0816666666666666
1957,Richmond,2016-08-06,House,1152500.0,3,2.0,1.0,78.0,14775.641025641024,1200000.0,-0.0395833333333333
1958,Richmond,2016-08-06,House,1375000.0,4,2.0,2.0,58.0,23706.896551724138,1200000.0,0.1458333333333333
1959,Richmond,2016-08-06,House,1422000.0,3,1.0,0.0,339.0,4194.690265486725,1200000.0,0.185
1960,Richmond,2016-05-07,House,1506000.0,2,2.0,1.0,220.0,6845.454545454545,1200000.0,0.255
1961,Richmond,2016-05-07,House,1350000.0,3,1.0,2.0,332.0,4066.265060240964,1200000.0,0.125
1962,Richmond,2016-05-07,House,1090000.0,3,1.0,3.0,283.0,3851.5901060070673,1200000.0,-0.0916666666666666
1963,Richmond,2016-05-07,Unit,405000.0,1,1.0,1.0,7455.0,54.32595573440644,1200000.0,-0.6625
1964,Richmond,2016-11-07,House,1474000.0,3,1.0,0.0,238.0,6193.27731092437,1200000.0,0.2283333333333333
1965,Richmond,2016-11-07,House,1555000.0,3,1.0,0.0,250.0,6220.0,1200000.0,0.2958333333333333
1966,Richmond,2016-10-08,Unit,345000.0,1,1.0,1.0,8223.0,41.955490696825976,1200000.0,-0.7125
1967,Richmond,2016-10-08,House,1275000.0,3,1.0,2.0,204.0,6250.0,1200000.0,0.0625
1968,Richmond,2016-10-08,House,1150000.0,3,1.0,0.0,176.0,6534.090909090909,1200000.0,-0.0416666666666666
1969,Richmond,2016-10-08,House,950000.0,4,1.0,0.0,254.0,3740.1574803149606,1200000.0,-0.2083333333333333
1970,Richmond,2016-09-10,Unit,439000.0,1,1.0,1.0,3516.0,124.85779294653015,1200000.0,-0.6341666666666667
1971,Richmond,2016-09-10,Townhouse,855000.0,2,1.0,1.0,92.0,9293.478260869566,1200000.0,-0.2875
1972,Richmond,2016-12-10,House,900000.0,2,1.0,0.0,95.0,9473.684210526317,1200000.0,-0.25
1973,Richmond,2016-12-10,House,1250000.0,3,2.0,1.0,120.0,10416.666666666666,1200000.0,0.0416666666666666
1974,Richmond,2016-12-10,House,990000.0,2,1.0,1.0,117.0,8461.538461538461,1200000.0,-0.175
1975,Richmond,2016-12-10,House,1189000.0,2,1.0,0.0,158.0,7525.316455696203,1200000.0,-0.0091666666666666
1976,Richmond,2016-12-10,House,1220000.0,2,1.0,1.0,166.0,7349.397590361445,1200000.0,0.0166666666666666
1977,Richmond,2016-12-10,House,1220000.0,2,1.0,1.0,80.0,15250.0,1200000.0,0.0166666666666666
1978,Richmond,2016-12-10,House,1100000.0,3,1.0,0.0,162.0,6790.123456790124,1200000.0,-0.0833333333333333
1979,Richmond,2016-12-10,House,1346000.0,3,1.0,0.0,187.0,7197.860962566845,1200000.0,0.1216666666666666
1980,Richmond,2016-11-12,House,1340000.0,2,1.0,0.0,178.0,7528.08988764045,1200000.0,0.1166666666666666
1981,Richmond,2016-11-12,House,1421000.0,2,1.0,0.0,196.0,7250.0,1200000.0,0.1841666666666666
1982,Richmond,2016-11-12,House,1074000.0,3,1.0,0.0,245.0,4383.673469387755,1200000.0,-0.105
1983,Richmond,2016-11-12,House,1205000.0,3,1.0,0.0,164.0,7347.5609756097565,1200000.0,0.0041666666666666
1984,Richmond,2016-11-12,Townhouse,1430000.0,2,2.0,2.0,153.0,9346.40522875817,1200000.0,0.1916666666666666
1985,Richmond,2016-11-12,House,1465000.0,3,2.0,2.0,233.0,6287.55364806867,1200000.0,0.2208333333333333
1986,Richmond,2016-08-13,House,1035000.0,2,1.0,0.0,108.0,9583.333333333334,1200000.0,-0.1375
1987,Richmond,2016-05-14,Townhouse,930000.0,2,1.0,1.0,97.0,9587.62886597938,1200000.0,-0.225
1988,Richmond,2016-05-14,House,1182000.0,3,1.0,1.0,199.0,5939.698492462311,1200000.0,-0.015
1989,Richmond,2016-05-14,House,777500.0,2,1.0,1.0,151.0,5149.0066225165565,1200000.0,-0.3520833333333333
1990,Richmond,2016-05-14,House,1115000.0,3,2.0,2.0,129.0,8643.410852713178,1200000.0,-0.0708333333333333
1991,Richmond,2016-05-14,House,1710000.0,3,2.0,2.0,202.0,8465.346534653465,1200000.0,0.425
1992,Richmond,2016-05-14,House,1420000.0,3,1.0,0.0,198.0,7171.717171717171,1200000.0,0.1833333333333333
1993,Richmond,2016-05-14,House,3020000.0,3,2.0,2.0,389.0,7763.496143958869,1200000.0,1.5166666666666666
1994,Richmond,2016-05-14,House,1346000.0,3,1.0,1.0,207.0,6502.415458937198,1200000.0,0.1216666666666666
1995,Richmond,2016-10-15,Townhouse,1081000.0,2,1.0,1.0,126.0,8579.36507936508,1200000.0,-0.0991666666666666
1996,Richmond,2016-10-15,House,860000.0,2,2.0,0.0,74.0,11621.621621621622,1200000.0,-0.2833333333333333
1997,Richmond,2016-10-15,House,1820000.0,3,1.0,1.0,410.0,4439.024390243902,1200000.0,0.5166666666666667
1998,Richmond,2016-10-15,House,905000.0,2,1.0,0.0,139.0,6510.791366906475,1200000.0,-0.2458333333333333
1999,Richmond,2016-04-16,House,1088000.0,3,3.0,2.0,168.0,6476.190476190476,1200000.0,-0.0933333333333333
2000,Richmond,2016-04-16,House,3001000.0,4,3.0,1.0,544.0,5516.544117647059,1200000.0,1.5008333333333332
2001,Richmond,2016-07-16,House,951000.0,2,1.0,0.0,108.0,8805.555555555555,1200000.0,-0.2075
2002,Richmond,2016-07-16,House,912000.0,2,1.0,2.0,204.0,4470.588235294118,1200000.0,-0.24
2003,Richmond,2016-07-16,House,1285000.0,3,2.0,1.0,133.0,9661.654135338344,1200000.0,0.0708333333333333
2004,Richmond,2016-07-16,House,1220000.0,2,1.0,1.0,219.0,5570.776255707762,1200000.0,0.0166666666666666
2005,Richmond,2016-09-17,House,900000.0,3,3.0,1.0,58.0,15517.241379310344,1200000.0,-0.25
2006,Richmond,2016-09-17,House,1695000.0,3,1.0,3.0,210.0,8071.428571428572,1200000.0,0.4125
2007,Richmond,2016-09-17,House,1365000.0,3,1.0,1.0,301.0,4534.883720930233,1200000.0,0.1375
2008,Richmond,2016-09-17,House,1088000.0,2,1.0,0.0,158.0,6886.0759493670885,1200000.0,-0.0933333333333333
2009,Richmond,2016-09-17,House,1765000.0,3,1.0,2.0,332.0,5316.265060240964,1200000.0,0.4708333333333333
2010,Richmond,2016-09-17,House,1045000.0,2,1.0,2.0,200.0,5225.0,1200000.0,-0.1291666666666666
2011,Richmond,2016-09-17,House,1591000.0,4,2.0,1.0,263.0,6049.429657794677,1200000.0,0.3258333333333333
2012,Richmond,2017-03-18,House,1275000.0,3,2.0,1.0,132.0,9659.09090909091,1200000.0,0.0625
2013,Richmond,2017-03-18,House,1035000.0,2,1.0,0.0,100.0,10350.0,1200000.0,-0.1375
2014,Richmond,2017-03-18,House,2000000.0,3,2.0,0.0,194.0,10309.278350515464,1200000.0,0.6666666666666666
2015,Richmond,2017-03-18,House,2640000.0,3,1.0,1.0,309.0,8543.68932038835,1200000.0,1.2
2016,Richmond,2017-03-18,House,1550000.0,3,2.0,1.0,131.0,11832.06106870229,1200000.0,0.2916666666666667
2017,Richmond,2016-06-18,House,1456000.0,3,2.0,1.0,157.0,9273.885350318473,1200000.0,0.2133333333333333
2018,Richmond,2016-06-18,House,1145000.0,2,1.0,0.0,170.0,6735.294117647059,1200000.0,-0.0458333333333333
2019,Richmond,2016-06-18,Townhouse,810000.0,2,1.0,1.0,94.0,8617.021276595744,1200000.0,-0.325
2020,Richmond,2016-06-18,House,1100000.0,3,2.0,1.0,66.0,16666.666666666668,1200000.0,-0.0833333333333333
2021,Richmond,2016-06-18,House,1220000.0,2,1.0,2.0,198.0,6161.616161616162,1200000.0,0.0166666666666666
2022,Richmond,2016-06-18,House,1430000.0,2,1.0,2.0,292.0,4897.260273972603,1200000.0,0.1916666666666666
2023,Richmond,2016-06-18,House,1045000.0,2,1.0,1.0,138.0,7572.463768115942,1200000.0,-0.1291666666666666
2024,Richmond,2016-11-19,House,2000000.0,3,2.0,1.0,217.0,9216.589861751152,1200000.0,0.6666666666666666
2025,Richmond,2016-11-19,House,1145000.0,2,1.0,1.0,197.0,5812.1827411167515,1200000.0,-0.0458333333333333
2026,Richmond,2016-05-22,House,1285000.0,3,2.0,1.0,123.0,10447.154471544716,1200000.0,0.0708333333333333
2027,Richmond,2016-05-22,House,905000.0,4,1.0,0.0,254.0,3562.9921259842517,1200000.0,-0.2458333333333333
2028,Richmond,2016-08-22,House,1645000.0,4,2.0,1.0,249.0,6606.425702811245,1200000.0,0.3708333333333333
2029,Richmond,2016-08-22,House,1270000.0,3,1.0,1.0,181.0,7016.574585635359,1200000.0,0.0583333333333333
2030,Richmond,2016-08-22,Townhouse,975000.0,3,1.0,1.0,383.0,2545.691906005222,1200000.0,-0.1875
2031,Richmond,2016-08-22,House,1105000.0,2,2.0,1.0,55.0,20090.909090909092,1200000.0,-0.0791666666666666
2032,Richmond,2016-08-22,House,965000.0,2,1.0,0.0,158.0,6107.594936708861,1200000.0,-0.1958333333333333
2033,Richmond,2016-08-22,Unit,620000.0,2,2.0,1.0,650.0,953.8461538461538,1200000.0,-0.4833333333333333
2034,Richmond,2016-08-22,House,1100000.0,3,2.0,1.0,126.0,8730.15873015873,1200000.0,-0.0833333333333333
2035,Richmond,2016-08-22,House,1850000.0,3,2.0,1.0,203.0,9113.300492610835,1200000.0,0.5416666666666666
2036,Richmond,2016-04-23,House,1650000.0,3,2.0,1.0,312.0,5288.461538461538,1200000.0,0.375
2037,Richmond,2016-09-24,House,1320000.0,3,2.0,2.0,171.0,7719.298245614035,1200000.0,0.1
2038,Richmond,2016-09-24,House,1651000.0,3,2.0,1.0,192.0,8598.958333333334,1200000.0,0.3758333333333333
2039,Richmond,2016-09-24,House,1032000.0,3,1.0,0.0,128.0,8062.5,1200000.0,-0.14
2040,Richmond,2016-09-24,House,915000.0,3,3.0,1.0,140.0,6535.714285714285,1200000.0,-0.2375
2041,Richmond,2016-09-24,House,1075000.0,3,1.0,0.0,148.0,7263.513513513513,1200000.0,-0.1041666666666666
2042,Richmond,2016-09-24,House,1800000.0,4,2.0,0.0,288.0,6250.0,1200000.0,0.5
2043,Richmond,2016-09-24,House,1600000.0,3,2.0,2.0,80.0,20000.0,1200000.0,0.3333333333333333
2044,Richmond,2017-02-25,Townhouse,1200000.0,2,2.0,1.0,170.0,7058.823529411765,1200000.0,0.0
2045,Richmond,2017-02-25,House,1555000.0,3,2.0,1.0,189.0,8227.513227513227,1200000.0,0.2958333333333333
2046,Richmond,2017-02-25,House,1361000.0,3,2.0,1.0,99.0,13747.474747474747,1200000.0,0.1341666666666666
2047,Richmond,2017-02-25,Townhouse,1582000.0,3,3.0,2.0,119.0,13294.117647058823,1200000.0,0.3183333333333333
2048,Richmond,2016-07-26,House,2055000.0,3,1.0,1.0,331.0,6208.45921450151,1200000.0,0.7125
2049,Richmond,2016-06-27,Townhouse,1012000.0,3,2.0,1.0,80.0,12650.0,1200000.0,-0.1566666666666666
2050,Richmond,2016-06-27,House,1570000.0,3,1.0,2.0,248.0,6330.645161290323,1200000.0,0.3083333333333333
2051,Richmond,2016-06-27,House,1345000.0,3,1.0,1.0,209.0,6435.406698564593,1200000.0,0.1208333333333333
2052,Richmond,2016-11-27,House,1350000.0,3,2.0,2.0,133.0,10150.375939849624,1200000.0,0.125
2053,Richmond,2016-11-27,House,1405000.0,3,1.0,2.0,212.0,6627.358490566037,1200000.0,0.1708333333333333
2054,Richmond,2016-11-27,House,1495000.0,3,2.0,1.0,159.0,9402.51572327044,1200000.0,0.2458333333333333
2055,Richmond,2016-11-27,House,1410000.0,3,1.0,0.0,224.0,6294.642857142857,1200000.0,0.175
2056,Richmond,2016-11-27,House,1150000.0,2,1.0,0.0,156.0,7371.794871794872,1200000.0,-0.0416666666666666
2057,Richmond,2016-11-27,House,1775000.0,4,1.0,0.0,434.0,4089.861751152074,1200000.0,0.4791666666666667
2058,Richmond,2016-11-27,Unit,360000.0,1,1.0,1.0,1332.0,270.27027027027026,1200000.0,-0.7
2059,Richmond,2016-11-27,House,1270000.0,3,1.0,1.0,152.0,8355.263157894737,1200000.0,0.0583333333333333
2060,Richmond,2016-05-28,House,827500.0,2,1.0,0.0,127.0,6515.748031496063,1200000.0,-0.3104166666666667
2061,Richmond,2016-05-28,House,1500000.0,4,2.0,1.0,162.0,9259.25925925926,1200000.0,0.25
2062,Richmond,2016-08-28,House,1165000.0,3,1.0,1.0,167.0,6976.047904191617,1200000.0,-0.0291666666666666
2063,Richmond,2016-08-28,House,870000.0,2,1.0,1.0,100.0,8700.0,1200000.0,-0.275
2064,Richmond,2016-07-30,House,1185000.0,3,2.0,1.0,135.0,8777.777777777777,1200000.0,-0.0125
2065,Richmond,2016-07-30,House,1212500.0,4,3.0,2.0,108.0,11226.851851851852,1200000.0,0.0104166666666666
2066,Richmond,2016-07-30,House,1125000.0,2,1.0,0.0,103.0,10922.33009708738,1200000.0,-0.0625
2067,Richmond,2016-07-30,House,1520000.0,3,1.0,2.0,248.0,6129.032258064516,1200000.0,0.2666666666666666
2068,Yarraville,2016-09-03,House,1000000.0,3,2.0,1.0,448.0,2232.1428571428573,982500.0,0.0178117048346055
2069,Yarraville,2016-09-03,House,890000.0,2,1.0,2.0,471.0,1889.596602972399,982500.0,-0.094147582697201
2070,Yarraville,2016-09-03,House,760000.0,2,1.0,1.0,134.0,5671.641791044776,982500.0,-0.2264631043256997
2071,Yarraville,2016-09-03,House,1165000.0,3,1.0,0.0,191.0,6099.476439790576,982500.0,0.1857506361323155
2072,Yarraville,2016-12-03,House,1550000.0,4,2.0,2.0,427.0,3629.976580796253,982500.0,0.5776081424936387
2073,Yarraville,2016-12-03,House,770000.0,3,1.0,2.0,323.0,2383.9009287925696,982500.0,-0.2162849872773536
2074,Yarraville,2016-12-03,House,871000.0,3,2.0,2.0,428.0,2035.0467289719627,982500.0,-0.1134860050890585
2075,Yarraville,2016-12-03,House,780000.0,3,2.0,2.0,213.0,3661.9718309859154,982500.0,-0.2061068702290076
2076,Yarraville,2016-12-03,House,770000.0,3,1.0,1.0,138.0,5579.710144927536,982500.0,-0.2162849872773536
2077,Yarraville,2016-02-04,House,890000.0,2,1.0,0.0,166.0,5361.44578313253,982500.0,-0.094147582697201
2078,Yarraville,2017-03-04,House,960000.0,3,1.0,1.0,503.0,1908.5487077534792,982500.0,-0.0229007633587786
2079,Yarraville,2017-03-04,House,1235000.0,4,2.0,2.0,244.0,5061.475409836065,982500.0,0.2569974554707379
2080,Yarraville,2017-03-04,Townhouse,670000.0,3,2.0,2.0,152.0,4407.894736842105,982500.0,-0.3180661577608142
2081,Yarraville,2017-03-04,House,960000.0,2,2.0,1.0,159.0,6037.735849056604,982500.0,-0.0229007633587786
2082,Yarraville,2017-03-04,House,1000000.0,2,1.0,1.0,220.0,4545.454545454545,982500.0,0.0178117048346055
2083,Yarraville,2017-03-04,House,710000.0,2,1.0,0.0,164.0,4329.268292682927,982500.0,-0.27735368956743
2084,Yarraville,2017-03-04,House,1320000.0,3,2.0,2.0,473.0,2790.6976744186045,982500.0,0.3435114503816794
2085,Yarraville,2017-03-04,House,1100000.0,3,2.0,0.0,214.0,5140.186915887851,982500.0,0.1195928753180661
2086,Yarraville,2017-03-04,Unit,782000.0,2,1.0,1.0,1555.0,502.8938906752411,982500.0,-0.2040712468193384
2087,Yarraville,2017-03-04,House,931000.0,3,1.0,1.0,442.0,2106.334841628959,982500.0,-0.0524173027989821
2088,Yarraville,2016-06-04,House,910000.0,3,3.0,2.0,197.0,4619.289340101523,982500.0,-0.0737913486005089
2089,Yarraville,2016-06-04,House,796000.0,2,1.0,1.0,188.0,4234.04255319149,982500.0,-0.1898218829516539
2090,Yarraville,2016-06-04,House,856000.0,2,1.0,1.0,261.0,3279.6934865900384,982500.0,-0.1287531806615776
2091,Yarraville,2016-06-04,House,670000.0,3,1.0,1.0,477.0,1404.6121593291405,982500.0,-0.3180661577608142
2092,Yarraville,2016-06-04,House,706000.0,4,1.0,0.0,165.0,4278.787878787879,982500.0,-0.2814249363867684
2093,Yarraville,2016-06-04,House,1050000.0,3,2.0,1.0,462.0,2272.7272727272725,982500.0,0.0687022900763358
2094,Yarraville,2016-05-07,House,1320000.0,4,2.0,1.0,319.0,4137.931034482759,982500.0,0.3435114503816794
2095,Yarraville,2016-11-07,House,1414000.0,3,2.0,2.0,230.0,6147.826086956522,982500.0,0.4391857506361323
2096,Yarraville,2016-10-08,House,1815000.0,5,2.0,2.0,644.0,2818.32298136646,982500.0,0.8473282442748091
2097,Yarraville,2016-10-08,House,630000.0,2,1.0,1.0,148.0,4256.756756756757,982500.0,-0.3587786259541984
2098,Yarraville,2016-10-08,House,1870000.0,4,1.0,3.0,766.0,2441.253263707572,982500.0,0.9033078880407124
2099,Yarraville,2016-09-10,House,1785000.0,4,2.0,2.0,640.0,2789.0625,982500.0,0.816793893129771
2100,Yarraville,2016-12-10,House,1930000.0,3,1.0,4.0,902.0,2139.689578713969,982500.0,0.9643765903307888
2101,Yarraville,2017-02-11,House,1035000.0,3,1.0,2.0,289.0,3581.3148788927338,982500.0,0.0534351145038167
2102,Yarraville,2016-11-12,Townhouse,1040000.0,3,2.0,0.0,352.0,2954.5454545454545,982500.0,0.0585241730279898
2103,Yarraville,2016-11-12,House,1419000.0,3,1.0,2.0,270.0,5255.555555555556,982500.0,0.4442748091603053
2104,Yarraville,2016-11-12,House,1050000.0,3,1.0,2.0,442.0,2375.5656108597286,982500.0,0.0687022900763358
2105,Yarraville,2016-08-13,House,850000.0,3,1.0,1.0,444.0,1914.4144144144143,982500.0,-0.1348600508905852
2106,Yarraville,2016-05-14,House,796000.0,3,1.0,1.0,464.0,1715.5172413793102,982500.0,-0.1898218829516539
2107,Yarraville,2016-10-15,House,1217500.0,3,3.0,1.0,217.0,5610.599078341013,982500.0,0.2391857506361323
2108,Yarraville,2016-10-15,House,610000.0,2,0.0,0.0,94.0,6489.36170212766,982500.0,-0.3791348600508906
2109,Yarraville,2016-04-16,House,1055000.0,3,1.0,3.0,670.0,1574.6268656716418,982500.0,0.0737913486005089
2110,Yarraville,2016-04-16,House,660000.0,4,1.0,2.0,360.0,1833.3333333333333,982500.0,-0.3282442748091603
2111,Yarraville,2016-04-16,House,681000.0,3,1.0,1.0,446.0,1526.9058295964126,982500.0,-0.3068702290076336
2112,Yarraville,2016-04-16,House,950000.0,3,1.0,2.0,240.0,3958.3333333333335,982500.0,-0.0330788804071246
2113,Yarraville,2016-04-16,House,955000.0,3,1.0,1.0,202.0,4727.722772277228,982500.0,-0.0279898218829516
2114,Yarraville,2016-04-16,House,822000.0,2,1.0,3.0,539.0,1525.0463821892392,982500.0,-0.1633587786259542
2115,Yarraville,2016-07-16,House,760000.0,2,1.0,1.0,472.0,1610.1694915254238,982500.0,-0.2264631043256997
2116,Yarraville,2016-07-16,House,1200000.0,4,2.0,2.0,417.0,2877.6978417266187,982500.0,0.2213740458015267
2117,Yarraville,2016-07-16,House,1005000.0,3,1.0,1.0,438.0,2294.5205479452056,982500.0,0.0229007633587786
2118,Yarraville,2016-09-17,House,1150000.0,4,2.0,2.0,482.0,2385.8921161825724,982500.0,0.1704834605597964
2119,Yarraville,2017-03-18,House,1020000.0,3,1.0,1.0,248.0,4112.903225806452,982500.0,0.0381679389312977
2120,Yarraville,2017-03-18,House,1250000.0,3,2.0,1.0,249.0,5020.080321285141,982500.0,0.272264631043257
2121,Yarraville,2017-03-18,House,1340000.0,4,2.0,0.0,297.0,4511.784511784512,982500.0,0.3638676844783715
2122,Yarraville,2016-06-18,House,865000.0,3,1.0,1.0,189.0,4576.719576719577,982500.0,-0.1195928753180661
2123,Yarraville,2016-06-18,House,781500.0,3,1.0,2.0,341.0,2291.7888563049855,982500.0,-0.2045801526717557
2124,Yarraville,2016-11-19,House,1401000.0,4,1.0,1.0,306.0,4578.431372549019,982500.0,0.4259541984732824
2125,Yarraville,2016-11-19,House,630000.0,2,2.0,2.0,168.0,3750.0,982500.0,-0.3587786259541984
2126,Yarraville,2016-05-22,House,1137500.0,5,3.0,4.0,446.0,2550.4484304932735,982500.0,0.1577608142493638
2127,Yarraville,2016-08-22,House,925000.0,4,1.0,1.0,288.0,3211.8055555555557,982500.0,-0.0585241730279898
2128,Yarraville,2016-04-23,House,745000.0,3,1.0,1.0,325.0,2292.3076923076924,982500.0,-0.2417302798982188
2129,Yarraville,2016-04-23,House,1158000.0,4,1.0,3.0,411.0,2817.518248175182,982500.0,0.1786259541984732
2130,Yarraville,2016-04-23,House,867000.0,3,1.0,1.0,195.0,4446.153846153846,982500.0,-0.1175572519083969
2131,Yarraville,2016-09-24,House,955000.0,3,2.0,2.0,206.0,4635.922330097087,982500.0,-0.0279898218829516
2132,Yarraville,2016-09-24,House,1081000.0,3,1.0,1.0,448.0,2412.9464285714284,982500.0,0.1002544529262086
2133,Yarraville,2016-09-24,House,725000.0,3,1.0,5.0,558.0,1299.2831541218638,982500.0,-0.2620865139949109
2134,Yarraville,2017-02-25,House,767000.0,2,1.0,0.0,128.0,5992.1875,982500.0,-0.2193384223918575
2135,Yarraville,2017-02-25,House,951000.0,2,1.0,3.0,486.0,1956.79012345679,982500.0,-0.03206106870229
2136,Yarraville,2017-02-25,House,1028000.0,4,2.0,2.0,431.0,2385.150812064965,982500.0,0.0463104325699745
2137,Yarraville,2017-02-25,House,740000.0,2,1.0,0.0,261.0,2835.2490421455936,982500.0,-0.2468193384223918
2138,Yarraville,2017-02-25,House,1450000.0,3,2.0,2.0,542.0,2675.276752767528,982500.0,0.4758269720101781
2139,Yarraville,2017-02-25,House,1430000.0,3,3.0,2.0,386.0,3704.663212435233,982500.0,0.455470737913486
2140,Yarraville,2017-02-25,House,1275000.0,3,1.0,2.0,229.0,5567.68558951965,982500.0,0.2977099236641221
2141,Yarraville,2016-07-26,House,1606000.0,4,2.0,3.0,455.0,3529.6703296703295,982500.0,0.6346055979643765
2142,Yarraville,2016-06-27,House,970000.0,4,1.0,2.0,664.0,1460.8433734939758,982500.0,-0.0127226463104325
2143,Yarraville,2016-06-27,House,780000.0,2,1.0,1.0,435.0,1793.103448275862,982500.0,-0.2061068702290076
2144,Yarraville,2016-06-27,House,670000.0,3,1.0,1.0,463.0,1447.084233261339,982500.0,-0.3180661577608142
2145,Yarraville,2016-06-27,House,908000.0,3,2.0,0.0,105.0,8647.619047619048,982500.0,-0.0758269720101781
2146,Yarraville,2016-11-27,House,1380000.0,3,2.0,2.0,235.0,5872.340425531915,982500.0,0.4045801526717557
2147,Yarraville,2016-11-27,House,966000.0,3,2.0,2.0,456.0,2118.4210526315787,982500.0,-0.0167938931297709
2148,Yarraville,2016-11-27,House,1520000.0,4,2.0,0.0,261.0,5823.75478927203,982500.0,0.5470737913486005
2149,Yarraville,2016-11-27,House,845000.0,3,1.0,2.0,494.0,1710.5263157894738,982500.0,-0.1399491094147582
2150,Yarraville,2016-11-27,House,1287000.0,5,2.0,2.0,488.0,2637.2950819672133,982500.0,0.3099236641221374
2151,Yarraville,2016-05-28,House,980000.0,3,1.0,2.0,463.0,2116.6306695464364,982500.0,-0.0025445292620865
2152,Yarraville,2016-05-28,Townhouse,800000.0,3,2.0,1.0,169.0,4733.7278106508875,982500.0,-0.1857506361323155
2153,Yarraville,2016-05-28,House,1460000.0,3,1.0,2.0,463.0,3153.3477321814253,982500.0,0.4860050890585242
2154,Yarraville,2016-08-28,House,840000.0,3,1.0,1.0,470.0,1787.2340425531916,982500.0,-0.1450381679389313
2155,Yarraville,2016-08-28,House,900500.0,3,1.0,1.0,208.0,4329.326923076923,982500.0,-0.0834605597964376
2156,Yarraville,2016-08-28,House,850000.0,2,1.0,1.0,201.0,4228.855721393034,982500.0,-0.1348600508905852
2157,Yarraville,2016-08-28,House,940000.0,3,2.0,2.0,171.0,5497.076023391813,982500.0,-0.0432569974554707
2158,Balwyn North,2017-04-08,House,1900000.0,2,1.0,2.0,667.0,2848.575712143928,1740000.0,0.0919540229885057
2159,Balwyn North,2017-04-08,House,1922000.0,3,1.0,1.0,696.0,2761.4942528735633,1740000.0,0.1045977011494252
2160,Balwyn North,2017-05-13,House,2000000.0,4,2.0,2.0,627.0,3189.792663476874,1740000.0,0.1494252873563218
2161,Balwyn North,2017-05-13,Unit,700000.0,3,1.0,1.0,350.0,2000.0,1740000.0,-0.5977011494252874
2162,Balwyn North,2017-05-13,House,1890000.0,4,3.0,2.0,636.0,2971.698113207547,1740000.0,0.0862068965517241
2163,Balwyn North,2017-05-13,House,1630000.0,4,2.0,1.0,677.0,2407.6809453471196,1740000.0,-0.0632183908045977
2164,Balwyn North,2017-05-20,Unit,800000.0,2,2.0,1.0,196.0,4081.6326530612246,1740000.0,-0.5402298850574713
2165,Balwyn North,2017-04-29,House,1670000.0,3,0.0,0.0,818.0,2041.5647921760392,1740000.0,-0.0402298850574712
2166,Balwyn North,2017-04-29,House,1725000.0,4,3.0,2.0,627.0,2751.196172248804,1740000.0,-0.0086206896551724
2167,Bentleigh,2017-05-06,House,1402000.0,2,1.0,4.0,616.0,2275.974025974026,1307000.0,0.0726855394032134
2168,Bentleigh,2017-05-06,House,1500000.0,3,1.0,2.0,657.0,2283.10502283105,1307000.0,0.1476664116296863
2169,Bentleigh,2017-04-08,House,1100000.0,2,1.0,3.0,579.0,1899.827288428325,1307000.0,-0.1583779648048967
2170,Bentleigh,2017-04-08,House,2000000.0,6,2.0,2.0,702.0,2849.002849002849,1307000.0,0.5302218821729151
2171,Bentleigh,2017-04-08,Unit,710000.0,2,1.0,3.0,225.0,3155.5555555555557,1307000.0,-0.4567712318286152
2172,Bentleigh,2017-05-13,Townhouse,1105000.0,4,2.0,1.0,207.0,5338.16425120773,1307000.0,-0.1545524100994644
2173,Bentleigh,2017-05-13,Townhouse,1303000.0,3,2.0,2.0,334.0,3901.197604790419,1307000.0,-0.0030604437643458
2174,Bentleigh,2017-05-20,Townhouse,1375000.0,3,3.0,2.0,338.0,4068.0473372781066,1307000.0,0.0520275439938791
2175,Bentleigh,2017-05-20,Townhouse,1300000.0,4,2.0,2.0,352.0,3693.181818181818,1307000.0,-0.0053557765876052
2176,Bentleigh,2017-05-20,House,1286000.0,3,1.0,2.0,614.0,2094.462540716612,1307000.0,-0.0160673297628156
2177,Bentleigh,2017-05-20,House,1920000.0,4,2.0,2.0,650.0,2953.846153846154,1307000.0,0.4690130068859984
2178,Bentleigh,2017-05-20,House,1968500.0,3,2.0,2.0,674.0,2920.6231454005933,1307000.0,0.5061208875286917
2179,Bentleigh,2017-04-22,Unit,845000.0,3,1.0,2.0,242.0,3491.7355371900826,1307000.0,-0.3534812547819433
2180,Bentleigh,2017-04-22,House,1107000.0,4,2.0,2.0,478.0,2315.899581589958,1307000.0,-0.1530221882172915
2181,Bentleigh,2017-04-22,Unit,641500.0,3,1.0,1.0,681.0,941.9970631424376,1307000.0,-0.5091813312930374
2182,Bentleigh East,2017-05-06,House,1515000.0,4,3.0,2.0,635.0,2385.8267716535433,1100000.0,0.3772727272727272
2183,Bentleigh East,2017-04-08,House,986000.0,3,1.0,3.0,337.0,2925.8160237388724,1100000.0,-0.1036363636363636
2184,Bentleigh East,2017-05-13,House,830000.0,3,1.0,2.0,290.0,2862.0689655172414,1100000.0,-0.2454545454545454
2185,Bentleigh East,2017-05-13,Townhouse,767000.0,3,1.0,2.0,162.0,4734.567901234568,1100000.0,-0.3027272727272727
2186,Bentleigh East,2017-05-13,House,1860000.0,4,3.0,2.0,620.0,3000.0,1100000.0,0.6909090909090909
2187,Bentleigh East,2017-05-13,Townhouse,1200000.0,3,2.0,2.0,369.0,3252.032520325203,1100000.0,0.0909090909090909
2188,Bentleigh East,2017-05-20,House,1175000.0,3,1.0,2.0,625.0,1880.0,1100000.0,0.0681818181818181
2189,Bentleigh East,2017-05-20,Townhouse,1225000.0,3,2.0,2.0,372.0,3293.010752688172,1100000.0,0.1136363636363636
2190,Bentleigh East,2017-05-20,Townhouse,1055000.0,3,2.0,2.0,301.0,3504.9833887043187,1100000.0,-0.0409090909090909
2191,Bentleigh East,2017-05-20,House,1351000.0,5,2.0,2.0,652.0,2072.0858895705524,1100000.0,0.2281818181818181
2192,Bentleigh East,2017-05-20,House,1962000.0,2,1.0,2.0,848.0,2313.679245283018,1100000.0,0.7836363636363637
2193,Bentleigh East,2017-05-20,House,810000.0,3,1.0,1.0,294.0,2755.1020408163267,1100000.0,-0.2636363636363636
2194,Bentleigh East,2017-05-20,Townhouse,850000.0,3,2.0,2.0,321.0,2647.97507788162,1100000.0,-0.2272727272727272
2195,Bentleigh East,2017-04-29,Unit,535000.0,2,1.0,1.0,1026.0,521.4424951267057,1100000.0,-0.5136363636363637
2196,Bentleigh East,2017-04-29,House,1640000.0,3,1.0,2.0,733.0,2237.380627557981,1100000.0,0.4909090909090909
2197,Bentleigh East,2017-04-29,Unit,809000.0,3,1.0,1.0,289.0,2799.3079584775087,1100000.0,-0.2645454545454545
2198,Bentleigh East,2017-04-29,House,1510000.0,3,1.0,2.0,689.0,2191.5820029027577,1100000.0,0.3727272727272727
2199,Bentleigh East,2017-04-29,House,1292000.0,4,1.0,2.0,587.0,2201.022146507666,1100000.0,0.1745454545454545
2200,Bentleigh East,2017-04-29,House,1165000.0,3,1.0,2.0,589.0,1977.9286926994907,1100000.0,0.059090909090909
2201,Bentleigh East,2017-04-29,House,959000.0,3,2.0,2.0,557.0,1721.7235188509874,1100000.0,-0.1281818181818181
2202,Bentleigh East,2017-04-29,House,1251000.0,3,1.0,1.0,612.0,2044.1176470588232,1100000.0,0.1372727272727272
2203,Bentleigh East,2017-04-29,House,1205000.0,3,3.0,2.0,604.0,1995.0331125827815,1100000.0,0.0954545454545454
2204,Brighton,2017-04-08,House,2575000.0,3,2.0,2.0,517.0,4980.657640232108,1961000.0,0.3131055583885772
2205,Brighton,2017-04-08,Townhouse,2900000.0,4,4.0,2.0,473.0,6131.0782241014795,1961000.0,0.4788373278939317
2206,Brighton,2017-04-08,House,5800000.0,5,4.0,4.0,1276.0,4545.454545454545,1961000.0,1.9576746557878633
2207,Brighton,2017-04-08,House,2140000.0,3,2.0,2.0,393.0,5445.29262086514,1961000.0,0.0912799592044875
2208,Brighton,2017-04-08,Townhouse,975000.0,2,1.0,1.0,444.0,2195.945945945946,1961000.0,-0.5028046914839368
2209,Brighton,2017-04-08,House,4225000.0,4,2.0,2.0,920.0,4592.391304347826,1961000.0,1.1545130035696074
2210,Brighton,2017-05-13,Unit,1392000.0,3,2.0,1.0,188.0,7404.255319148936,1961000.0,-0.2901580826109128
2211,Brighton,2017-05-13,House,2445000.0,3,3.0,2.0,440.0,5556.818181818182,1961000.0,0.2468128505864354
2212,Brighton,2017-05-13,Unit,520000.0,2,1.0,1.0,1647.0,315.725561627201,1961000.0,-0.7348291687914329
2213,Brighton,2017-05-13,House,2000000.0,4,2.0,2.0,286.0,6993.006993006993,1961000.0,0.0198878123406425
2214,Brighton,2017-05-13,House,1350000.0,2,1.0,1.0,873.0,1546.3917525773195,1961000.0,-0.3115757266700663
2215,Brighton,2017-05-20,House,1900000.0,3,2.0,3.0,503.0,3777.335984095427,1961000.0,-0.0311065782763895
2216,Brighton,2017-05-20,Unit,1002500.0,2,1.0,1.0,118.0,8495.762711864407,1961000.0,-0.4887812340642529
2217,Brighton,2017-05-20,House,2415000.0,4,3.0,2.0,402.0,6007.462686567164,1961000.0,0.2315145334013258
2218,Brighton,2017-05-20,Townhouse,1055000.0,2,1.0,2.0,211.0,5000.0,1961000.0,-0.4620091789903111
2219,Brighton,2017-04-22,House,3025000.0,3,2.0,4.0,649.0,4661.016949152542,1961000.0,0.5425803161652218
2220,Brighton,2017-04-22,House,1502000.0,3,1.0,1.0,431.0,3484.91879350348,1961000.0,-0.2340642529321774
2221,Brighton,2017-04-29,House,2550000.0,4,3.0,2.0,263.0,9695.817490494295,1961000.0,0.3003569607343192
2222,Brighton,2017-04-29,Townhouse,1470000.0,2,1.0,1.0,238.0,6176.470588235294,1961000.0,-0.2503824579296277
2223,Brighton East,2017-04-08,Unit,725000.0,3,1.0,1.0,137.0,5291.970802919708,1600000.0,-0.546875
2224,Brighton East,2017-05-13,House,2140000.0,5,2.0,2.0,780.0,2743.5897435897436,1600000.0,0.3375
2225,Brighton East,2017-05-13,House,1630000.0,4,2.0,1.0,596.0,2734.8993288590605,1600000.0,0.01875
2226,Brighton East,2017-05-13,Unit,910000.0,2,1.0,3.0,238.0,3823.529411764706,1600000.0,-0.43125
2227,Brighton East,2017-05-13,House,1975000.0,3,1.0,2.0,688.0,2870.639534883721,1600000.0,0.234375
2228,Brighton East,2017-05-13,House,1635000.0,3,1.0,1.0,597.0,2738.6934673366836,1600000.0,0.021875
2229,Brighton East,2017-05-13,House,1880000.0,8,3.0,3.0,614.0,3061.889250814332,1600000.0,0.175
2230,Brighton East,2017-05-13,House,1743000.0,3,1.0,2.0,590.0,2954.237288135593,1600000.0,0.089375
2231,Brighton East,2017-05-20,House,2291000.0,3,2.0,2.0,530.0,4322.641509433963,1600000.0,0.431875
2232,Brighton East,2017-05-20,House,1270000.0,3,1.0,3.0,724.0,1754.1436464088397,1600000.0,-0.20625
2233,Brighton East,2017-05-20,House,1400000.0,3,1.0,2.0,677.0,2067.94682422452,1600000.0,-0.125
2234,Brighton East,2017-04-22,House,1640000.0,3,1.0,1.0,590.0,2779.6610169491523,1600000.0,0.025
2235,Brighton East,2017-04-29,Townhouse,1700000.0,4,3.0,2.0,312.0,5448.717948717948,1600000.0,0.0625
2236,Brighton East,2017-04-29,House,1900000.0,5,3.0,2.0,583.0,3259.0051457975987,1600000.0,0.1875
2237,Brighton East,2017-04-29,Townhouse,972000.0,3,2.0,1.0,119.0,8168.0672268907565,1600000.0,-0.3925
2238,Brunswick,2017-05-06,House,1652000.0,3,1.0,2.0,506.0,3264.822134387352,1037000.0,0.5930568948891032
2239,Brunswick,2017-05-06,Unit,735000.0,2,1.0,2.0,173.0,4248.554913294798,1037000.0,-0.2912246865959498
2240,Brunswick,2017-05-06,House,1210000.0,3,1.0,0.0,282.0,4290.780141843971,1037000.0,0.1668273866923818
2241,Brunswick,2017-04-08,House,412000.0,1,1.0,1.0,85.0,4847.058823529412,1037000.0,-0.6027000964320154
2242,Brunswick,2017-04-08,House,1115000.0,3,1.0,1.0,249.0,4477.911646586345,1037000.0,0.0752169720347155
2243,Brunswick,2017-04-08,House,1300000.0,3,2.0,3.0,299.0,4347.826086956522,1037000.0,0.2536162005785921
2244,Brunswick,2017-04-08,Unit,320000.0,2,1.0,1.0,638.0,501.56739811912223,1037000.0,-0.6914175506268081
2245,Brunswick,2017-04-08,House,1500000.0,4,2.0,1.0,459.0,3267.97385620915,1037000.0,0.446480231436837
2246,Brunswick,2017-04-08,House,1260000.0,3,2.0,1.0,192.0,6562.5,1037000.0,0.2150433944069431
2247,Brunswick,2017-04-08,House,1210000.0,4,2.0,1.0,373.0,3243.9678284182305,1037000.0,0.1668273866923818
2248,Brunswick,2017-04-08,House,1200000.0,3,1.0,1.0,318.0,3773.5849056603774,1037000.0,0.1571841851494696
2249,Brunswick,2017-04-08,Unit,315000.0,1,1.0,1.0,1403.0,224.51888809693511,1037000.0,-0.6962391513982642
2250,Brunswick,2017-05-13,House,830000.0,2,1.0,1.0,153.0,5424.83660130719,1037000.0,-0.1996142719382835
2251,Brunswick,2017-05-13,House,1385000.0,4,2.0,4.0,650.0,2130.769230769231,1037000.0,0.3355834136933462
2252,Brunswick,2017-05-13,Townhouse,981000.0,3,2.0,1.0,122.0,8040.983606557377,1037000.0,-0.0540019286403085
2253,Brunswick,2017-05-20,Unit,585000.0,2,1.0,1.0,430.0,1360.4651162790697,1037000.0,-0.4358727097396335
2254,Brunswick,2017-05-20,House,1450000.0,3,1.0,2.0,304.0,4769.736842105263,1037000.0,0.3982642237222758
2255,Brunswick,2017-04-22,House,1200000.0,1,1.0,0.0,225.0,5333.333333333333,1037000.0,0.1571841851494696
2256,Brunswick,2017-04-22,Townhouse,600000.0,2,1.0,1.0,109.0,5504.587155963302,1037000.0,-0.4214079074252652
2257,Brunswick,2017-04-22,House,1075000.0,3,1.0,0.0,222.0,4842.342342342342,1037000.0,0.0366441658630665
2258,Brunswick,2017-04-22,House,884000.0,2,1.0,0.0,148.0,5972.972972972973,1037000.0,-0.1475409836065573
2259,Brunswick,2017-04-22,House,957000.0,3,1.0,2.0,80.0,11962.5,1037000.0,-0.0771456123432979
2260,Brunswick,2017-04-22,Unit,480000.0,2,1.0,1.0,557.0,861.7594254937163,1037000.0,-0.5371263259402121
2261,Brunswick,2017-04-29,House,1650000.0,4,2.0,4.0,670.0,2462.686567164179,1037000.0,0.5911282545805208
2262,Brunswick,2017-04-29,House,1440000.0,3,1.0,1.0,408.0,3529.4117647058824,1037000.0,0.3886210221793635
2263,Brunswick,2017-04-29,House,955000.0,2,1.0,0.0,1328.0,719.1265060240963,1037000.0,-0.0790742526518804
2264,Camberwell,2017-05-06,House,1930000.0,3,1.0,2.0,643.0,3001.555209953344,1800000.0,0.0722222222222222
2265,Camberwell,2017-05-06,House,2570000.0,3,2.0,1.0,766.0,3355.0913838120105,1800000.0,0.4277777777777777
2266,Camberwell,2017-04-08,House,2216000.0,4,2.0,0.0,670.0,3307.4626865671644,1800000.0,0.2311111111111111
2267,Camberwell,2017-04-08,House,2110000.0,4,1.0,3.0,572.0,3688.811188811189,1800000.0,0.1722222222222222
2268,Camberwell,2017-04-08,House,855000.0,2,1.0,2.0,239.0,3577.405857740586,1800000.0,-0.525
2269,Camberwell,2017-04-08,Unit,771000.0,2,1.0,1.0,512.0,1505.859375,1800000.0,-0.5716666666666667
2270,Camberwell,2017-05-13,House,2513000.0,4,2.0,3.0,696.0,3610.632183908046,1800000.0,0.3961111111111111
2271,Camberwell,2017-05-13,House,1900000.0,2,1.0,3.0,633.0,3001.5797788309637,1800000.0,0.0555555555555555
2272,Camberwell,2017-05-13,House,1620000.0,3,2.0,2.0,575.0,2817.391304347826,1800000.0,-0.1
2273,Camberwell,2017-05-13,House,3550000.0,4,2.0,1.0,790.0,4493.670886075949,1800000.0,0.9722222222222222
2274,Camberwell,2017-05-13,House,1980000.0,4,3.0,2.0,728.0,2719.78021978022,1800000.0,0.1
2275,Camberwell,2017-05-13,House,1861000.0,3,2.0,2.0,324.0,5743.827160493827,1800000.0,0.0338888888888888
2276,Camberwell,2017-05-13,House,1402000.0,2,1.0,0.0,429.0,3268.065268065268,1800000.0,-0.2211111111111111
2277,Camberwell,2017-05-20,House,1905000.0,3,1.0,2.0,400.0,4762.5,1800000.0,0.0583333333333333
2278,Camberwell,2017-05-20,House,5020000.0,4,4.0,3.0,892.0,5627.802690582959,1800000.0,1.788888888888889
2279,Camberwell,2017-05-20,House,2990000.0,4,2.0,2.0,742.0,4029.6495956873314,1800000.0,0.6611111111111111
2280,Camberwell,2017-05-20,House,1855000.0,4,1.0,1.0,500.0,3710.0,1800000.0,0.0305555555555555
2281,Camberwell,2017-04-22,House,1500000.0,4,2.0,2.0,468.0,3205.128205128205,1800000.0,-0.1666666666666666
2282,Camberwell,2017-04-29,Unit,835000.0,3,1.0,1.0,112.0,7455.357142857143,1800000.0,-0.5361111111111111
2283,Coburg,2017-05-06,Unit,495000.0,2,1.0,0.0,388.0,1275.7731958762886,944000.0,-0.475635593220339
2284,Coburg,2017-05-06,House,930000.0,2,1.0,0.0,275.0,3381.818181818182,944000.0,-0.0148305084745762
2285,Coburg,2017-04-08,House,995000.0,3,1.0,1.0,415.0,2397.590361445783,944000.0,0.0540254237288135
2286,Coburg,2017-04-08,House,790000.0,3,1.0,1.0,399.0,1979.9498746867168,944000.0,-0.163135593220339
2287,Coburg,2017-05-13,Townhouse,680000.0,4,2.0,1.0,3747.0,181.4785161462503,944000.0,-0.2796610169491525
2288,Coburg,2017-05-13,House,1180000.0,3,2.0,2.0,588.0,2006.8027210884352,944000.0,0.25
2289,Coburg,2017-05-13,House,940500.0,3,1.0,3.0,480.0,1959.375,944000.0,-0.003707627118644
2290,Coburg,2017-05-13,Townhouse,824000.0,3,1.0,2.0,120.0,6866.666666666667,944000.0,-0.1271186440677966
2291,Coburg,2017-05-13,House,941000.0,2,1.0,2.0,413.0,2278.450363196126,944000.0,-0.0031779661016949
2292,Coburg,2017-05-13,House,775000.0,2,1.0,1.0,314.0,2468.1528662420383,944000.0,-0.1790254237288135
2293,Coburg,2017-05-13,House,985000.0,3,1.0,2.0,391.0,2519.18158567775,944000.0,0.0434322033898305
2294,Coburg,2017-05-20,House,1020000.0,3,2.0,0.0,341.0,2991.2023460410555,944000.0,0.0805084745762711
2295,Coburg,2017-05-20,House,1500000.0,4,2.0,1.0,453.0,3311.2582781456954,944000.0,0.5889830508474576
2296,Coburg,2017-05-20,Unit,590000.0,2,1.0,1.0,79.0,7468.354430379747,944000.0,-0.375
2297,Coburg,2017-05-20,House,1005000.0,4,2.0,1.0,172.0,5843.023255813953,944000.0,0.0646186440677966
2298,Coburg,2017-04-22,House,901000.0,4,2.0,1.0,398.0,2263.819095477387,944000.0,-0.0455508474576271
2299,Coburg,2017-04-29,House,990000.0,3,1.0,3.0,414.0,2391.304347826087,944000.0,0.048728813559322
2300,Coburg,2017-04-29,House,1455000.0,6,3.0,4.0,768.0,1894.53125,944000.0,0.5413135593220338
2301,Coburg,2017-04-29,House,1250000.0,3,2.0,2.0,500.0,2500.0,944000.0,0.3241525423728814
2302,Coburg,2017-04-29,House,710000.0,3,1.0,1.0,160.0,4437.5,944000.0,-0.2478813559322034
2303,Coburg,2017-04-29,House,1790000.0,5,3.0,2.0,635.0,2818.8976377952754,944000.0,0.8961864406779662
2304,Coburg,2017-04-29,Unit,650000.0,2,1.0,1.0,136.0,4779.411764705882,944000.0,-0.3114406779661017
2305,Coburg,2017-04-29,Townhouse,720000.0,3,2.0,2.0,531.0,1355.9322033898304,944000.0,-0.2372881355932203
2306,Coburg,2017-04-29,Townhouse,720000.0,3,2.0,2.0,531.0,1355.9322033898304,944000.0,-0.2372881355932203
2307,Essendon,2017-05-06,Unit,440000.0,2,1.0,1.0,921.0,477.7415852334419,1165000.0,-0.6223175965665236
2308,Essendon,2017-05-06,House,1700000.0,3,2.0,1.0,763.0,2228.0471821756228,1165000.0,0.4592274678111588
2309,Essendon,2017-05-06,House,1070000.0,3,1.0,2.0,363.0,2947.658402203857,1165000.0,-0.0815450643776824
2310,Essendon,2017-05-06,House,745000.0,2,1.0,1.0,342.0,2178.3625730994154,1165000.0,-0.3605150214592275
2311,Essendon,2017-04-08,House,1400000.0,4,2.0,1.0,267.0,5243.445692883895,1165000.0,0.2017167381974249
2312,Essendon,2017-04-08,House,1400000.0,3,2.0,2.0,359.0,3899.721448467966,1165000.0,0.2017167381974249
2313,Essendon,2017-04-08,House,2020000.0,5,3.0,3.0,900.0,2244.4444444444443,1165000.0,0.7339055793991416
2314,Essendon,2017-05-13,House,1400000.0,3,1.0,1.0,578.0,2422.1453287197232,1165000.0,0.2017167381974249
2315,Essendon,2017-05-13,Unit,700000.0,2,1.0,1.0,251.0,2788.8446215139443,1165000.0,-0.3991416309012875
2316,Essendon,2017-05-20,House,1652000.0,5,2.0,1.0,697.0,2370.157819225251,1165000.0,0.4180257510729613
2317,Essendon,2017-05-20,House,1131000.0,3,1.0,1.0,387.0,2922.4806201550387,1165000.0,-0.0291845493562231
2318,Essendon,2017-05-20,House,1607500.0,5,3.0,1.0,695.0,2312.94964028777,1165000.0,0.3798283261802575
2319,Essendon,2017-05-20,Unit,310000.0,1,1.0,1.0,845.0,366.8639053254438,1165000.0,-0.7339055793991416
2320,Essendon,2017-05-20,House,1400000.0,3,1.0,1.0,476.0,2941.176470588235,1165000.0,0.2017167381974249
2321,Essendon,2017-05-20,House,1720000.0,4,2.0,2.0,639.0,2691.7057902973397,1165000.0,0.4763948497854077
2322,Essendon,2017-05-20,House,983000.0,3,3.0,2.0,309.0,3181.229773462783,1165000.0,-0.1562231759656652
2323,Essendon,2017-05-20,Townhouse,1162500.0,4,2.0,1.0,230.0,5054.347826086957,1165000.0,-0.0021459227467811
2324,Essendon,2017-04-22,Unit,707000.0,2,1.0,1.0,179.0,3949.7206703910615,1165000.0,-0.3931330472103004
2325,Essendon,2017-04-22,Unit,700000.0,3,1.0,1.0,227.0,3083.7004405286343,1165000.0,-0.3991416309012875
2326,Essendon,2017-04-22,House,960000.0,3,2.0,1.0,411.0,2335.7664233576643,1165000.0,-0.1759656652360515
2327,Essendon,2017-04-22,House,350000.0,1,1.0,1.0,46.0,7608.695652173913,1165000.0,-0.6995708154506438
2328,Essendon,2017-04-29,Unit,426500.0,1,1.0,1.0,62.0,6879.032258064516,1165000.0,-0.6339055793991416
2329,Glen Iris,2017-05-06,House,1452000.0,3,2.0,2.0,269.0,5397.769516728625,1750500.0,-0.170522707797772
2330,Glen Iris,2017-04-08,Unit,721000.0,2,2.0,1.0,2696.0,267.433234421365,1750500.0,-0.5881176806626678
2331,Glen Iris,2017-04-08,House,1800000.0,3,1.0,3.0,732.0,2459.0163934426228,1750500.0,0.0282776349614395
2332,Glen Iris,2017-05-13,House,1950000.0,5,2.0,2.0,794.0,2455.919395465995,1750500.0,0.1139674378748928
2333,Glen Iris,2017-05-13,House,2085000.0,3,1.0,2.0,715.0,2916.083916083916,1750500.0,0.1910882604970008
2334,Glen Iris,2017-05-13,House,1760000.0,4,3.0,3.0,622.0,2829.581993569132,1750500.0,0.0054270208511853
2335,Glen Iris,2017-05-13,House,2340000.0,4,2.0,2.0,586.0,3993.174061433447,1750500.0,0.3367609254498714
2336,Glen Iris,2017-05-20,House,3310000.0,3,3.0,2.0,662.0,5000.0,1750500.0,0.8908883176235362
2337,Glen Iris,2017-05-20,House,1601000.0,3,1.0,2.0,453.0,3534.216335540839,1750500.0,-0.0854041702370751
2338,Glen Iris,2017-05-20,Townhouse,797000.0,2,1.0,2.0,97.0,8216.494845360825,1750500.0,-0.5447015138531848
2339,Glen Iris,2017-04-29,Unit,910000.0,2,1.0,1.0,157.0,5796.178343949045,1750500.0,-0.4801485289917166
2340,Glen Iris,2017-04-29,Townhouse,1315000.0,3,2.0,2.0,184.0,7146.739130434783,1750500.0,-0.2487860611253927
2341,Glenroy,2017-05-06,House,683000.0,3,1.0,2.0,697.0,979.9139167862268,677500.0,0.0081180811808118
2342,Glenroy,2017-05-06,House,1158000.0,3,1.0,1.0,1011.0,1145.40059347181,677500.0,0.7092250922509226
2343,Glenroy,2017-05-06,House,793000.0,4,1.0,2.0,677.0,1171.344165435746,677500.0,0.1704797047970479
2344,Glenroy,2017-05-06,House,780000.0,3,1.0,2.0,742.0,1051.212938005391,677500.0,0.1512915129151291
2345,Glenroy,2017-05-06,Townhouse,420000.0,2,2.0,1.0,1137.0,369.39313984168865,677500.0,-0.3800738007380074
2346,Glenroy,2017-05-06,House,895000.0,3,1.0,2.0,697.0,1284.0746054519368,677500.0,0.3210332103321033
2347,Glenroy,2017-04-08,House,885000.0,3,1.0,2.0,751.0,1178.428761651132,677500.0,0.3062730627306273
2348,Glenroy,2017-05-13,House,597500.0,3,1.0,2.0,663.0,901.206636500754,677500.0,-0.1180811808118081
2349,Glenroy,2017-05-13,House,690000.0,3,1.0,2.0,650.0,1061.5384615384614,677500.0,0.018450184501845
2350,Glenroy,2017-05-13,House,822000.0,3,1.0,2.0,738.0,1113.821138211382,677500.0,0.2132841328413284
2351,Glenroy,2017-05-13,House,710000.0,3,1.0,2.0,587.0,1209.5400340715505,677500.0,0.047970479704797
2352,Glenroy,2017-05-20,House,730000.0,3,2.0,4.0,563.0,1296.6252220248668,677500.0,0.077490774907749
2353,Glenroy,2017-05-20,House,901000.0,3,1.0,2.0,702.0,1283.4757834757834,677500.0,0.3298892988929889
2354,Glenroy,2017-05-20,House,643000.0,3,1.0,2.0,674.0,954.0059347181008,677500.0,-0.0509225092250922
2355,Glenroy,2017-05-20,Townhouse,645000.0,5,1.0,1.0,227.0,2841.409691629956,677500.0,-0.047970479704797
2356,Glenroy,2017-05-20,Townhouse,595000.0,3,1.0,2.0,258.0,2306.201550387597,677500.0,-0.1217712177121771
2357,Glenroy,2017-04-22,House,820000.0,3,1.0,1.0,697.0,1176.470588235294,677500.0,0.2103321033210332
2358,Glenroy,2017-04-22,House,1050000.0,4,3.0,2.0,715.0,1468.5314685314686,677500.0,0.5498154981549815
2359,Glenroy,2017-04-22,House,621000.0,3,1.0,1.0,694.0,894.8126801152738,677500.0,-0.0833948339483394
2360,Glenroy,2017-04-22,House,705000.0,3,1.0,2.0,694.0,1015.850144092219,677500.0,0.040590405904059
2361,Glenroy,2017-04-29,Townhouse,680000.0,3,2.0,2.0,243.0,2798.3539094650205,677500.0,0.003690036900369
2362,Glenroy,2017-04-29,House,935000.0,3,1.0,2.0,666.0,1403.903903903904,677500.0,0.3800738007380074
2363,Glenroy,2017-04-29,Townhouse,720000.0,3,2.0,3.0,300.0,2400.0,677500.0,0.062730627306273
2364,Kew,2017-05-06,House,3800000.0,5,5.0,3.0,609.0,6239.737274220033,1950000.0,0.9487179487179488
2365,Kew,2017-04-08,Townhouse,690000.0,3,1.0,2.0,111.0,6216.216216216216,1950000.0,-0.6461538461538462
2366,Kew,2017-05-13,House,2600000.0,4,2.0,0.0,320.0,8125.0,1950000.0,0.3333333333333333
2367,Kew,2017-05-13,House,4515000.0,5,4.0,2.0,800.0,5643.75,1950000.0,1.3153846153846154
2368,Kew,2017-05-13,House,3160000.0,5,5.0,2.0,811.0,3896.4241676942047,1950000.0,0.6205128205128205
2369,Kew,2017-05-13,Unit,820000.0,2,1.0,1.0,826.0,992.7360774818402,1950000.0,-0.5794871794871795
2370,Kew,2017-05-20,House,2150000.0,4,4.0,2.0,543.0,3959.4843462246777,1950000.0,0.1025641025641025
2371,Kew,2017-05-20,House,1965000.0,3,1.0,2.0,813.0,2416.9741697416976,1950000.0,0.0076923076923076
2372,Kew,2017-05-20,House,2425000.0,5,3.0,1.0,520.0,4663.461538461538,1950000.0,0.2435897435897435
2373,Kew,2017-05-20,Townhouse,835000.0,3,2.0,2.0,247.0,3380.566801619433,1950000.0,-0.5717948717948718
2374,Kew,2017-04-22,Unit,736000.0,2,1.0,1.0,964.0,763.4854771784233,1950000.0,-0.6225641025641026
2375,Moonee Ponds,2017-05-06,House,1531000.0,4,2.0,3.0,508.0,3013.779527559055,1240000.0,0.2346774193548387
2376,Moonee Ponds,2017-04-08,House,1040000.0,2,1.0,2.0,313.0,3322.6837060702874,1240000.0,-0.1612903225806451
2377,Moonee Ponds,2017-04-08,House,1670000.0,3,2.0,2.0,803.0,2079.7011207970113,1240000.0,0.3467741935483871
2378,Moonee Ponds,2017-04-08,House,1940000.0,4,2.0,3.0,675.0,2874.074074074074,1240000.0,0.5645161290322581
2379,Moonee Ponds,2017-04-08,House,940000.0,2,1.0,2.0,428.0,2196.2616822429904,1240000.0,-0.2419354838709677
2380,Moonee Ponds,2017-04-08,House,1515000.0,4,2.0,3.0,574.0,2639.3728222996515,1240000.0,0.2217741935483871
2381,Moonee Ponds,2017-05-13,House,1100000.0,3,2.0,1.0,169.0,6508.87573964497,1240000.0,-0.1129032258064516
2382,Moonee Ponds,2017-05-13,House,1350000.0,2,1.0,1.0,459.0,2941.176470588235,1240000.0,0.0887096774193548
2383,Moonee Ponds,2017-05-13,House,2300000.0,5,2.0,2.0,597.0,3852.596314907873,1240000.0,0.8548387096774194
2384,Moonee Ponds,2017-05-13,House,1302500.0,2,1.0,2.0,455.0,2862.6373626373625,1240000.0,0.0504032258064516
2385,Moonee Ponds,2017-05-20,House,1420200.0,3,2.0,2.0,543.0,2615.4696132596687,1240000.0,0.1453225806451613
2386,Moonee Ponds,2017-05-20,House,970000.0,2,1.0,2.0,272.0,3566.176470588235,1240000.0,-0.2177419354838709
2387,Moonee Ponds,2017-05-20,House,1070000.0,3,1.0,2.0,231.0,4632.034632034632,1240000.0,-0.1370967741935483
2388,Moonee Ponds,2017-04-29,House,1240000.0,3,2.0,2.0,275.0,4509.090909090909,1240000.0,0.0
2389,Moonee Ponds,2017-04-29,House,955000.0,4,2.0,3.0,431.0,2215.7772621809745,1240000.0,-0.2298387096774193
2390,Moonee Ponds,2017-04-29,Townhouse,1410000.0,3,3.0,2.0,256.0,5507.8125,1240000.0,0.1370967741935483
2391,Newport,2017-05-06,House,1230000.0,4,2.0,1.0,402.0,3059.7014925373132,984000.0,0.25
2392,Newport,2017-05-06,House,1560000.0,4,2.0,3.0,480.0,3250.0,984000.0,0.5853658536585366
2393,Newport,2017-05-06,House,2000000.0,3,1.0,2.0,1070.0,1869.1588785046729,984000.0,1.032520325203252
2394,Newport,2017-05-06,House,820000.0,2,1.0,1.0,342.0,2397.66081871345,984000.0,-0.1666666666666666
2395,Newport,2017-04-08,House,1530000.0,3,1.0,2.0,588.0,2602.0408163265306,984000.0,0.5548780487804879
2396,Newport,2017-04-08,House,1400000.0,3,1.0,4.0,644.0,2173.913043478261,984000.0,0.4227642276422764
2397,Newport,2017-04-08,House,1200000.0,3,1.0,0.0,484.0,2479.3388429752067,984000.0,0.2195121951219512
2398,Newport,2017-04-08,House,1325500.0,3,2.0,0.0,367.0,3611.716621253406,984000.0,0.3470528455284553
2399,Newport,2017-04-08,House,890000.0,2,1.0,0.0,165.0,5393.939393939394,984000.0,-0.0955284552845528
2400,Newport,2017-05-13,House,975000.0,3,2.0,2.0,333.0,2927.927927927928,984000.0,-0.0091463414634146
2401,Newport,2017-05-13,House,1820000.0,5,2.0,7.0,760.0,2394.7368421052633,984000.0,0.8495934959349594
2402,Newport,2017-05-13,Townhouse,900000.0,3,2.0,2.0,575.0,1565.2173913043478,984000.0,-0.0853658536585365
2403,Newport,2017-05-20,House,1410000.0,3,2.0,2.0,315.0,4476.190476190476,984000.0,0.4329268292682927
2404,Newport,2017-05-20,House,1700000.0,1,1.0,0.0,622.0,2733.118971061094,984000.0,0.7276422764227642
2405,Newport,2017-04-22,House,956000.0,4,2.0,4.0,540.0,1770.3703703703704,984000.0,-0.0284552845528455
2406,Newport,2017-04-22,House,1215000.0,2,1.0,2.0,482.0,2520.746887966805,984000.0,0.2347560975609756
2407,Newport,2017-04-22,House,828000.0,3,1.0,2.0,459.0,1803.921568627451,984000.0,-0.1585365853658536
2408,Newport,2017-04-22,House,1650000.0,4,1.0,4.0,837.0,1971.326164874552,984000.0,0.676829268292683
2409,Newport,2017-04-29,House,2337000.0,4,2.0,3.0,580.0,4029.310344827586,984000.0,1.375
2410,Newport,2017-04-29,House,1370000.0,3,1.0,3.0,752.0,1821.8085106382975,984000.0,0.3922764227642276
2411,Newport,2017-04-29,House,1070000.0,2,1.0,3.0,480.0,2229.1666666666665,984000.0,0.0873983739837398
2412,Newport,2017-04-29,House,1075000.0,3,1.0,0.0,452.0,2378.3185840707965,984000.0,0.0924796747967479
2413,Newport,2017-04-29,House,1100000.0,3,1.0,6.0,761.0,1445.4664914586072,984000.0,0.1178861788617886
2414,Northcote,2017-05-06,House,1343000.0,2,1.0,1.0,263.0,5106.463878326997,1302500.0,0.0310940499040307
2415,Northcote,2017-05-06,Unit,680000.0,2,2.0,1.0,1106.0,614.8282097649186,1302500.0,-0.4779270633397313
2416,Northcote,2017-04-08,House,695000.0,2,1.0,1.0,120.0,5791.666666666667,1302500.0,-0.4664107485604606
2417,Northcote,2017-04-08,Unit,420000.0,2,1.0,1.0,1000.0,420.0,1302500.0,-0.6775431861804223
2418,Northcote,2017-04-08,House,1300000.0,3,1.0,0.0,191.0,6806.282722513089,1302500.0,-0.0019193857965451
2419,Northcote,2017-04-08,House,995000.0,2,1.0,2.0,228.0,4364.035087719299,1302500.0,-0.236084452975048
2420,Northcote,2017-05-13,House,1750000.0,5,2.0,0.0,406.0,4310.3448275862065,1302500.0,0.3435700575815739
2421,Northcote,2017-05-13,House,1822000.0,4,1.0,8.0,728.0,2502.747252747253,1302500.0,0.3988483685220729
2422,Northcote,2017-05-20,House,1100000.0,2,1.0,1.0,189.0,5820.10582010582,1302500.0,-0.1554702495201535
2423,Northcote,2017-05-20,House,1610000.0,3,2.0,1.0,411.0,3917.27493917275,1302500.0,0.236084452975048
2424,Northcote,2017-05-20,House,970000.0,2,1.0,1.0,326.0,2975.4601226993864,1302500.0,-0.255278310940499
2425,Northcote,2017-05-20,House,970000.0,2,2.0,1.0,173.0,5606.936416184971,1302500.0,-0.255278310940499
2426,Northcote,2017-04-22,House,2990000.0,4,1.0,2.0,557.0,5368.043087971275,1302500.0,1.2955854126679462
2427,Northcote,2017-04-29,House,1050000.0,2,1.0,1.0,181.0,5801.1049723756905,1302500.0,-0.1938579654510556
2428,Northcote,2017-04-29,House,1290000.0,2,1.0,0.0,259.0,4980.694980694981,1302500.0,-0.0095969289827255
2429,Northcote,2017-04-29,Unit,471250.0,2,1.0,1.0,1000.0,471.25,1302500.0,-0.6381957773512476
2430,Northcote,2017-04-29,House,1235000.0,3,1.0,1.0,534.0,2312.734082397004,1302500.0,-0.0518234165067178
2431,Pascoe Vale,2017-05-06,House,755000.0,3,2.0,2.0,294.0,2568.0272108843537,770000.0,-0.0194805194805194
2432,Pascoe Vale,2017-05-06,House,750000.0,2,1.0,2.0,531.0,1412.4293785310736,770000.0,-0.0259740259740259
2433,Pascoe Vale,2017-04-08,House,999000.0,2,1.0,1.0,587.0,1701.8739352640546,770000.0,0.2974025974025974
2434,Pascoe Vale,2017-04-08,House,800000.0,3,1.0,0.0,793.0,1008.827238335435,770000.0,0.0389610389610389
2435,Pascoe Vale,2017-04-08,House,800000.0,4,1.0,1.0,593.0,1349.0725126475547,770000.0,0.0389610389610389
2436,Pascoe Vale,2017-04-08,House,806000.0,3,1.0,1.0,488.0,1651.639344262295,770000.0,0.0467532467532467
2437,Pascoe Vale,2017-05-13,House,770000.0,4,1.0,2.0,596.0,1291.9463087248323,770000.0,0.0
2438,Pascoe Vale,2017-05-13,Unit,496000.0,2,1.0,1.0,136.0,3647.058823529412,770000.0,-0.3558441558441558
2439,Pascoe Vale,2017-05-13,Townhouse,540000.0,2,1.0,2.0,240.0,2250.0,770000.0,-0.2987012987012987
2440,Pascoe Vale,2017-05-13,House,708000.0,3,1.0,2.0,321.0,2205.607476635514,770000.0,-0.0805194805194805
2441,Pascoe Vale,2017-05-13,Unit,497000.0,2,1.0,1.0,123.0,4040.650406504065,770000.0,-0.3545454545454545
2442,Pascoe Vale,2017-05-13,House,800000.0,3,1.0,2.0,506.0,1581.0276679841895,770000.0,0.0389610389610389
2443,Pascoe Vale,2017-05-20,House,1395000.0,4,3.0,4.0,590.0,2364.406779661017,770000.0,0.8116883116883117
2444,Pascoe Vale,2017-05-20,Unit,427500.0,2,1.0,1.0,134.0,3190.2985074626868,770000.0,-0.4448051948051948
2445,Pascoe Vale,2017-05-20,Townhouse,560000.0,3,2.0,1.0,141.0,3971.631205673759,770000.0,-0.2727272727272727
2446,Pascoe Vale,2017-04-22,House,1410000.0,5,3.0,4.0,1004.0,1404.382470119522,770000.0,0.8311688311688312
2447,Pascoe Vale,2017-04-22,House,1017500.0,3,1.0,1.0,620.0,1641.1290322580646,770000.0,0.3214285714285714
2448,Pascoe Vale,2017-04-22,House,910000.0,2,1.0,3.0,602.0,1511.6279069767445,770000.0,0.1818181818181818
2449,Pascoe Vale,2017-04-29,House,958000.0,5,2.0,2.0,706.0,1356.9405099150142,770000.0,0.2441558441558441
2450,Pascoe Vale,2017-04-29,House,770000.0,3,1.0,1.0,603.0,1276.948590381426,770000.0,0.0
2451,Preston,2017-05-06,House,1190000.0,3,2.0,2.0,572.0,2080.4195804195806,910000.0,0.3076923076923077
2452,Preston,2017-04-08,House,2000000.0,2,1.0,2.0,465.0,4301.075268817204,910000.0,1.1978021978021978
2453,Preston,2017-04-08,House,1045000.0,3,1.0,2.0,513.0,2037.037037037037,910000.0,0.1483516483516483
2454,Preston,2017-04-08,House,1121000.0,3,2.0,3.0,604.0,1855.9602649006624,910000.0,0.2318681318681318
2455,Preston,2017-04-08,Unit,715000.0,3,1.0,1.0,210.0,3404.7619047619046,910000.0,-0.2142857142857142
2456,Preston,2017-04-08,House,1200000.0,4,3.0,2.0,466.0,2575.107296137339,910000.0,0.3186813186813186
2457,Preston,2017-04-08,House,917500.0,3,2.0,2.0,472.0,1943.8559322033896,910000.0,0.0082417582417582
2458,Preston,2017-05-13,House,770000.0,4,1.0,1.0,494.0,1558.7044534412955,910000.0,-0.1538461538461538
2459,Preston,2017-05-13,House,800000.0,3,2.0,2.0,319.0,2507.8369905956115,910000.0,-0.1208791208791208
2460,Preston,2017-05-13,House,1075000.0,4,1.0,2.0,521.0,2063.3397312859884,910000.0,0.1813186813186813
2461,Preston,2017-05-13,House,1015000.0,3,2.0,1.0,511.0,1986.3013698630136,910000.0,0.1153846153846153
2462,Preston,2017-05-13,Townhouse,880000.0,3,2.0,2.0,242.0,3636.363636363637,910000.0,-0.0329670329670329
2463,Preston,2017-05-13,House,1020000.0,3,2.0,2.0,670.0,1522.3880597014925,910000.0,0.1208791208791208
2464,Preston,2017-05-20,House,1000000.0,3,1.0,3.0,624.0,1602.5641025641023,910000.0,0.0989010989010989
2465,Preston,2017-05-20,House,1010000.0,3,0.0,0.0,533.0,1894.934333958724,910000.0,0.1098901098901098
2466,Preston,2017-05-20,House,1110000.0,4,1.0,2.0,556.0,1996.4028776978416,910000.0,0.2197802197802197
2467,Preston,2017-05-20,House,800000.0,2,1.0,1.0,405.0,1975.3086419753083,910000.0,-0.1208791208791208
2468,Preston,2017-04-22,House,910000.0,3,1.0,1.0,674.0,1350.1483679525222,910000.0,0.0
2469,Preston,2017-04-22,House,1215000.0,3,1.0,1.0,690.0,1760.8695652173913,910000.0,0.3351648351648351
2470,Preston,2017-04-22,House,2300000.0,2,1.0,2.0,465.0,4946.236559139785,910000.0,1.5274725274725274
2471,Preston,2017-04-22,House,1108000.0,2,1.0,0.0,258.0,4294.573643410853,910000.0,0.2175824175824176
2472,Preston,2017-04-22,House,801000.0,3,1.0,2.0,620.0,1291.9354838709678,910000.0,-0.1197802197802197
2473,Preston,2017-04-22,House,1010000.0,3,1.0,2.0,486.0,2078.1893004115227,910000.0,0.1098901098901098
2474,Preston,2017-04-29,House,690000.0,3,1.0,2.0,581.0,1187.6075731497417,910000.0,-0.2417582417582417
2475,Preston,2017-04-29,House,630000.0,2,1.0,1.0,319.0,1974.921630094044,910000.0,-0.3076923076923077
2476,Preston,2017-04-29,House,1100000.0,3,2.0,4.0,637.0,1726.8445839874412,910000.0,0.2087912087912088
2477,Preston,2017-04-29,House,1055000.0,3,1.0,2.0,575.0,1834.782608695652,910000.0,0.1593406593406593
2478,Preston,2017-04-29,Unit,560000.0,2,1.0,2.0,196.0,2857.1428571428573,910000.0,-0.3846153846153846
2479,Preston,2017-04-29,Unit,385000.0,1,1.0,1.0,896.0,429.6875,910000.0,-0.5769230769230769
2480,Reservoir,2017-05-06,House,741000.0,4,1.0,2.0,659.0,1124.4309559939302,705000.0,0.051063829787234
2481,Reservoir,2017-05-06,House,725000.0,3,1.0,1.0,547.0,1325.4113345521023,705000.0,0.0283687943262411
2482,Reservoir,2017-05-06,Unit,615000.0,3,1.0,2.0,320.0,1921.875,705000.0,-0.1276595744680851
2483,Reservoir,2017-05-06,House,1010000.0,3,1.0,2.0,649.0,1556.2403697996915,705000.0,0.4326241134751773
2484,Reservoir,2017-05-06,House,852000.0,2,1.0,2.0,705.0,1208.5106382978724,705000.0,0.2085106382978723
2485,Reservoir,2017-05-06,House,595000.0,3,1.0,1.0,490.0,1214.2857142857142,705000.0,-0.1560283687943262
2486,Reservoir,2017-04-08,House,665000.0,3,1.0,2.0,874.0,760.8695652173913,705000.0,-0.0567375886524822
2487,Reservoir,2017-04-08,Unit,631000.0,3,1.0,1.0,267.0,2363.2958801498125,705000.0,-0.1049645390070922
2488,Reservoir,2017-04-08,House,905000.0,4,2.0,2.0,696.0,1300.287356321839,705000.0,0.2836879432624113
2489,Reservoir,2017-04-08,House,845000.0,5,2.0,2.0,676.0,1250.0,705000.0,0.1985815602836879
2490,Reservoir,2017-04-08,Townhouse,815000.0,3,2.0,2.0,213.0,3826.2910798122066,705000.0,0.1560283687943262
2491,Reservoir,2017-04-08,House,770000.0,4,3.0,3.0,697.0,1104.7345767575323,705000.0,0.0921985815602836
2492,Reservoir,2017-04-08,House,935000.0,2,1.0,1.0,537.0,1741.1545623836128,705000.0,0.3262411347517731
2493,Reservoir,2017-04-08,House,610000.0,3,1.0,2.0,435.0,1402.2988505747126,705000.0,-0.1347517730496454
2494,Reservoir,2017-05-13,House,678500.0,4,1.0,2.0,606.0,1119.6369636963695,705000.0,-0.0375886524822695
2495,Reservoir,2017-05-13,House,861500.0,2,1.0,1.0,419.0,2056.0859188544155,705000.0,0.2219858156028368
2496,Reservoir,2017-05-13,House,801000.0,3,1.0,1.0,551.0,1453.7205081669692,705000.0,0.1361702127659574
2497,Reservoir,2017-05-13,House,1150000.0,4,1.0,2.0,928.0,1239.2241379310344,705000.0,0.6312056737588653
2498,Reservoir,2017-05-13,House,760000.0,3,2.0,2.0,567.0,1340.3880070546736,705000.0,0.0780141843971631
2499,Reservoir,2017-05-13,Unit,490000.0,2,1.0,1.0,143.0,3426.573426573427,705000.0,-0.3049645390070922
2500,Reservoir,2017-05-13,House,605000.0,3,1.0,2.0,371.0,1630.7277628032346,705000.0,-0.1418439716312056
2501,Reservoir,2017-05-13,Townhouse,652000.0,2,2.0,2.0,254.0,2566.9291338582675,705000.0,-0.075177304964539
2502,Reservoir,2017-05-20,Townhouse,615000.0,2,1.0,1.0,202.0,3044.5544554455446,705000.0,-0.1276595744680851
2503,Reservoir,2017-05-20,Unit,407000.0,1,1.0,1.0,108.0,3768.5185185185182,705000.0,-0.4226950354609929
2504,Reservoir,2017-05-20,House,930000.0,4,1.0,3.0,635.0,1464.5669291338584,705000.0,0.3191489361702128
2505,Reservoir,2017-05-20,Townhouse,741000.0,3,2.0,2.0,257.0,2883.268482490272,705000.0,0.051063829787234
2506,Reservoir,2017-05-20,House,375000.0,2,1.0,1.0,101.0,3712.871287128713,705000.0,-0.4680851063829787
2507,Reservoir,2017-05-20,House,1005000.0,4,2.0,5.0,768.0,1308.59375,705000.0,0.425531914893617
2508,Reservoir,2017-04-22,House,800000.0,4,1.0,4.0,605.0,1322.314049586777,705000.0,0.1347517730496454
2509,Reservoir,2017-04-22,Unit,395000.0,2,1.0,1.0,166.0,2379.5180722891564,705000.0,-0.4397163120567376
2510,Reservoir,2017-04-29,House,1025000.0,2,2.0,1.0,715.0,1433.5664335664335,705000.0,0.4539007092198581
2511,Reservoir,2017-04-29,Unit,505000.0,2,1.0,1.0,110.0,4590.909090909091,705000.0,-0.2836879432624113
2512,Richmond,2017-05-06,House,950000.0,2,1.0,0.0,150.0,6333.333333333333,1200000.0,-0.2083333333333333
2513,Richmond,2017-05-06,House,1110000.0,2,1.0,0.0,166.0,6686.746987951808,1200000.0,-0.075
2514,Richmond,2017-05-06,Townhouse,950000.0,2,1.0,1.0,113.0,8407.079646017699,1200000.0,-0.2083333333333333
2515,Richmond,2017-05-06,Unit,1226000.0,2,1.0,1.0,826.0,1484.2615012106537,1200000.0,0.0216666666666666
2516,Richmond,2017-05-06,Unit,500000.0,1,1.0,1.0,2044.0,244.6183953033268,1200000.0,-0.5833333333333334
2517,Richmond,2017-05-06,House,1214000.0,3,1.0,0.0,176.0,6897.727272727273,1200000.0,0.0116666666666666
2518,Richmond,2017-04-08,Unit,370000.0,1,1.0,1.0,3512.0,105.35307517084284,1200000.0,-0.6916666666666667
2519,Richmond,2017-04-08,House,1400000.0,3,2.0,0.0,848.0,1650.9433962264152,1200000.0,0.1666666666666666
2520,Richmond,2017-04-08,House,1785000.0,3,1.0,0.0,240.0,7437.5,1200000.0,0.4875
2521,Richmond,2017-04-08,Unit,560000.0,2,1.0,1.0,7455.0,75.11737089201878,1200000.0,-0.5333333333333333
2522,Richmond,2017-05-13,Unit,690000.0,2,2.0,1.0,760.0,907.8947368421052,1200000.0,-0.425
2523,Richmond,2017-05-13,House,1050000.0,2,1.0,0.0,134.0,7835.820895522388,1200000.0,-0.125
2524,Richmond,2017-05-13,House,2060000.0,3,2.0,1.0,181.0,11381.21546961326,1200000.0,0.7166666666666667
2525,Richmond,2017-05-20,House,860000.0,2,1.0,0.0,111.0,7747.747747747748,1200000.0,-0.2833333333333333
2526,Richmond,2017-05-20,House,3000000.0,3,2.0,7.0,230.0,13043.478260869566,1200000.0,1.5
2527,Richmond,2017-04-22,House,1330000.0,3,1.0,1.0,154.0,8636.363636363636,1200000.0,0.1083333333333333
2528,Richmond,2017-04-29,Unit,630000.0,2,2.0,1.0,3512.0,179.38496583143507,1200000.0,-0.475
2529,Richmond,2017-04-29,House,1210000.0,2,1.0,0.0,178.0,6797.752808988764,1200000.0,0.0083333333333333
2530,Richmond,2017-04-29,House,911000.0,1,1.0,0.0,126.0,7230.158730158731,1200000.0,-0.2408333333333333
2531,Richmond,2017-04-29,House,1590000.0,3,1.0,1.0,318.0,5000.0,1200000.0,0.325
2532,Yarraville,2017-05-06,House,935000.0,3,1.0,0.0,212.0,4410.377358490566,982500.0,-0.0483460559796437
2533,Yarraville,2017-05-06,House,990000.0,3,1.0,2.0,340.0,2911.764705882353,982500.0,0.0076335877862595
2534,Yarraville,2017-05-06,House,950000.0,2,1.0,0.0,94.0,10106.382978723404,982500.0,-0.0330788804071246
2535,Yarraville,2017-04-08,House,1196000.0,2,1.0,2.0,451.0,2651.8847006651886,982500.0,0.2173027989821883
2536,Yarraville,2017-04-08,House,470000.0,2,1.0,1.0,79.0,5949.367088607595,982500.0,-0.5216284987277354
2537,Yarraville,2017-04-08,House,1131500.0,3,1.0,1.0,248.0,4562.5,982500.0,0.1516539440203562
2538,Yarraville,2017-04-08,House,2035000.0,4,2.0,0.0,607.0,3352.5535420098845,982500.0,1.0712468193384224
2539,Yarraville,2017-04-08,House,935000.0,3,1.0,0.0,198.0,4722.222222222223,982500.0,-0.0483460559796437
2540,Yarraville,2017-05-13,House,892000.0,3,1.0,2.0,449.0,1986.636971046771,982500.0,-0.0921119592875318
2541,Yarraville,2017-05-13,House,985500.0,4,1.0,5.0,445.0,2214.6067415730336,982500.0,0.0030534351145038
2542,Yarraville,2017-05-13,Townhouse,1070000.0,3,2.0,2.0,257.0,4163.424124513619,982500.0,0.089058524173028
2543,Yarraville,2017-05-20,House,1035000.0,2,1.0,3.0,469.0,2206.8230277185503,982500.0,0.0534351145038167
2544,Yarraville,2017-05-20,House,1370000.0,3,2.0,2.0,389.0,3521.850899742931,982500.0,0.3944020356234097
2545,Yarraville,2017-05-20,House,650000.0,2,1.0,2.0,304.0,2138.157894736842,982500.0,-0.3384223918575064
2546,Yarraville,2017-05-20,House,820000.0,2,1.0,0.0,211.0,3886.255924170616,982500.0,-0.1653944020356234
2547,Yarraville,2017-05-20,House,750000.0,3,2.0,1.0,390.0,1923.076923076923,982500.0,-0.2366412213740458
2548,Yarraville,2017-05-20,House,970000.0,3,2.0,0.0,354.0,2740.1129943502824,982500.0,-0.0127226463104325
2549,Yarraville,2017-04-22,House,1256000.0,2,1.0,3.0,531.0,2365.3483992467045,982500.0,0.2783715012722646
2550,Yarraville,2017-04-22,Townhouse,1120000.0,3,2.0,0.0,152.0,7368.421052631579,982500.0,0.1399491094147582
2551,Yarraville,2017-04-29,House,1425000.0,3,3.0,2.0,305.0,4672.131147540984,982500.0,0.4503816793893129
2552,Yarraville,2017-04-29,House,872500.0,3,1.0,2.0,189.0,4616.402116402116,982500.0,-0.1119592875318066
2553,Yarraville,2017-04-29,House,1455000.0,4,1.0,1.0,328.0,4435.975609756098,982500.0,0.4809160305343511
2554,Yarraville,2017-04-29,House,950000.0,3,2.0,2.0,287.0,3310.104529616725,982500.0,-0.0330788804071246
2555,Balwyn North,2017-07-01,House,2160000.0,5,1.0,2.0,860.0,2511.6279069767443,1740000.0,0.2413793103448276
2556,Balwyn North,2017-07-01,Townhouse,1050000.0,3,3.0,2.0,200.0,5250.0,1740000.0,-0.396551724137931
2557,Balwyn North,2017-07-01,House,1275000.0,3,2.0,2.0,226.0,5641.592920353983,1740000.0,-0.2672413793103448
2558,Bentleigh,2017-07-01,House,1365000.0,3,1.0,1.0,776.0,1759.020618556701,1307000.0,0.0443764345830145
2559,Bentleigh,2017-07-01,House,1045000.0,3,1.0,1.0,401.0,2605.9850374064836,1307000.0,-0.2004590665646518
2560,Bentleigh East,2017-07-01,House,1220000.0,5,2.0,2.0,611.0,1996.7266775777416,1100000.0,0.109090909090909
2561,Brighton,2017-07-01,House,2650000.0,3,2.0,2.0,645.0,4108.527131782946,1961000.0,0.3513513513513513
2562,Brighton,2017-07-01,Unit,380000.0,1,1.0,1.0,1993.0,190.667335674862,1961000.0,-0.8062213156552779
2563,Brighton,2017-07-01,House,3250000.0,5,3.0,2.0,835.0,3892.215568862275,1961000.0,0.6573176950535441
2564,Brighton East,2017-07-01,Townhouse,1731000.0,4,3.0,2.0,345.0,5017.391304347826,1600000.0,0.081875
2565,Camberwell,2017-07-01,Unit,677000.0,2,1.0,1.0,131.0,5167.93893129771,1800000.0,-0.6238888888888889
2566,Camberwell,2017-07-01,Townhouse,1320000.0,3,2.0,2.0,227.0,5814.977973568282,1800000.0,-0.2666666666666666
2567,Coburg,2017-07-01,House,900000.0,2,1.0,1.0,350.0,2571.4285714285716,944000.0,-0.0466101694915254
2568,Coburg,2017-07-01,House,922000.0,4,2.0,2.0,463.0,1991.3606911447084,944000.0,-0.0233050847457627
2569,Coburg,2017-07-01,House,1077000.0,3,1.0,2.0,512.0,2103.515625,944000.0,0.1408898305084746
2570,Essendon,2017-07-01,House,1325000.0,3,2.0,2.0,441.0,3004.53514739229,1165000.0,0.1373390557939914
2571,Essendon,2017-07-01,Townhouse,864000.0,3,1.0,2.0,177.0,4881.35593220339,1165000.0,-0.2583690987124463
2572,Glen Iris,2017-07-01,House,1910000.0,4,2.0,3.0,737.0,2591.587516960651,1750500.0,0.0911168237646386
2573,Glenroy,2017-07-01,Townhouse,525000.0,3,1.0,1.0,194.0,2706.185567010309,677500.0,-0.2250922509225092
2574,Glenroy,2017-07-01,House,847000.0,3,1.0,2.0,650.0,1303.076923076923,677500.0,0.2501845018450184
2575,Kew,2017-07-01,House,758000.0,2,1.0,2.0,901.0,841.2874583795782,1950000.0,-0.6112820512820513
2576,Moonee Ponds,2017-07-01,House,1810000.0,4,2.0,2.0,431.0,4199.53596287703,1240000.0,0.4596774193548387
2577,Moonee Ponds,2017-07-01,House,1020000.0,2,1.0,1.0,269.0,3791.82156133829,1240000.0,-0.1774193548387097
2578,Moonee Ponds,2017-07-01,House,1250000.0,2,1.0,1.0,450.0,2777.777777777778,1240000.0,0.0080645161290322
2579,Newport,2017-07-01,House,710000.0,2,1.0,2.0,120.0,5916.666666666667,984000.0,-0.2784552845528455
2580,Newport,2017-07-01,House,1330000.0,3,1.0,3.0,758.0,1754.617414248021,984000.0,0.3516260162601626
2581,Northcote,2017-07-01,House,1900000.0,4,2.0,2.0,313.0,6070.287539936102,1302500.0,0.4587332053742802
2582,Northcote,2017-07-01,House,1605000.0,3,1.0,0.0,507.0,3165.680473372781,1302500.0,0.2322456813819577
2583,Northcote,2017-07-01,House,1415000.0,3,1.0,1.0,366.0,3866.120218579235,1302500.0,0.0863723608445297
2584,Pascoe Vale,2017-07-01,House,870000.0,3,1.0,2.0,654.0,1330.2752293577985,770000.0,0.1298701298701298
2585,Pascoe Vale,2017-07-01,House,800000.0,3,1.0,2.0,287.0,2787.456445993031,770000.0,0.0389610389610389
2586,Pascoe Vale,2017-07-01,House,1501000.0,5,3.0,3.0,681.0,2204.1116005873714,770000.0,0.9493506493506494
2587,Pascoe Vale,2017-07-01,House,1663000.0,3,1.0,2.0,956.0,1739.5397489539748,770000.0,1.1597402597402595
2588,Pascoe Vale,2017-07-01,House,780000.0,4,2.0,3.0,555.0,1405.4054054054054,770000.0,0.0129870129870129
2589,Reservoir,2017-07-01,House,840000.0,3,1.0,4.0,614.0,1368.0781758957655,705000.0,0.1914893617021276
2590,Reservoir,2017-07-01,House,560000.0,2,1.0,1.0,198.0,2828.282828282828,705000.0,-0.2056737588652482
2591,Reservoir,2017-07-01,House,900000.0,4,1.0,2.0,836.0,1076.5550239234449,705000.0,0.2765957446808511
2592,Reservoir,2017-07-01,House,902000.0,4,2.0,3.0,700.0,1288.571428571429,705000.0,0.2794326241134752
2593,Reservoir,2017-07-01,House,825000.0,3,2.0,5.0,537.0,1536.3128491620112,705000.0,0.1702127659574468
2594,Reservoir,2017-07-01,Townhouse,668500.0,2,2.0,1.0,138.0,4844.202898550725,705000.0,-0.05177304964539
2595,Richmond,2017-07-01,House,1165000.0,2,1.0,1.0,149.0,7818.791946308725,1200000.0,-0.0291666666666666
2596,Richmond,2017-07-01,Unit,890500.0,2,2.0,2.0,180.0,4947.222222222223,1200000.0,-0.2579166666666667
2597,Richmond,2017-07-01,House,1442000.0,2,2.0,1.0,163.0,8846.625766871166,1200000.0,0.2016666666666666
2598,Yarraville,2017-07-01,House,1000000.0,4,2.0,2.0,438.0,2283.10502283105,982500.0,0.0178117048346055
2599,Yarraville,2017-07-01,House,1240000.0,3,3.0,6.0,668.0,1856.2874251497003,982500.0,0.2620865139949109
2600,Yarraville,2017-07-01,House,1115000.0,3,1.0,2.0,446.0,2500.0,982500.0,0.1348600508905852
2601,Balwyn North,2017-06-03,House,1593000.0,4,3.0,2.0,598.0,2663.879598662207,1740000.0,-0.0844827586206896
2602,Balwyn North,2017-06-03,House,3100000.0,5,3.0,2.0,616.0,5032.467532467533,1740000.0,0.7816091954022989
2603,Bentleigh,2017-06-03,House,1600000.0,4,2.0,2.0,604.0,2649.0066225165565,1307000.0,0.224177505738332
2604,Bentleigh,2017-06-03,Townhouse,1200000.0,4,2.0,2.0,293.0,4095.563139931741,1307000.0,-0.0818668706962509
2605,Bentleigh East,2017-06-03,House,1185000.0,3,2.0,2.0,644.0,1840.0621118012425,1100000.0,0.0772727272727272
2606,Bentleigh East,2017-06-03,House,1460000.0,4,1.0,2.0,722.0,2022.1606648199445,1100000.0,0.3272727272727272
2607,Bentleigh East,2017-06-03,Townhouse,935000.0,3,2.0,2.0,244.0,3831.967213114754,1100000.0,-0.15
2608,Bentleigh East,2017-06-03,House,1620000.0,4,2.0,2.0,426.0,3802.8169014084506,1100000.0,0.4727272727272727
2609,Bentleigh East,2017-06-03,House,1580000.0,4,2.0,2.0,604.0,2615.8940397350993,1100000.0,0.4363636363636363
2610,Bentleigh East,2017-06-03,House,1315000.0,3,1.0,2.0,617.0,2131.28038897893,1100000.0,0.1954545454545454
2611,Brighton,2017-06-03,Unit,1336000.0,3,2.0,1.0,249.0,5365.461847389558,1961000.0,-0.3187149413564508
2612,Brighton,2017-06-03,House,1175000.0,3,1.0,3.0,284.0,4137.3239436619715,1961000.0,-0.4008159102498725
2613,Brighton,2017-06-03,House,1935000.0,3,2.0,1.0,385.0,5025.974025974026,1961000.0,-0.0132585415604283
2614,Brighton,2017-06-03,House,1950000.0,3,1.0,2.0,632.0,3085.4430379746836,1961000.0,-0.0056093829678735
2615,Brighton,2017-06-03,House,2250000.0,4,2.0,1.0,512.0,4394.53125,1961000.0,0.1473737888832228
2616,Brighton,2017-06-03,Unit,897000.0,3,1.0,1.0,164.0,5469.512195121952,1961000.0,-0.5425803161652218
2617,Brighton East,2017-06-03,House,2000000.0,5,3.0,2.0,645.0,3100.7751937984494,1600000.0,0.25
2618,Brunswick,2017-06-03,House,1590000.0,3,2.0,1.0,322.0,4937.888198757764,1037000.0,0.5332690453230472
2619,Brunswick,2017-06-03,House,1435000.0,3,2.0,0.0,251.0,5717.131474103586,1037000.0,0.3837994214079074
2620,Brunswick,2017-06-03,House,1315000.0,2,1.0,1.0,234.0,5619.65811965812,1037000.0,0.2680810028929604
2621,Brunswick,2017-06-03,House,730000.0,2,1.0,1.0,134.0,5447.761194029851,1037000.0,-0.2960462873674059
2622,Brunswick,2017-06-03,House,700000.0,2,1.0,1.0,61.0,11475.409836065572,1037000.0,-0.3249758919961427
2623,Brunswick,2017-06-03,House,1900000.0,3,2.0,3.0,372.0,5107.5268817204305,1037000.0,0.8322082931533269
2624,Brunswick,2017-06-03,House,920000.0,2,1.0,1.0,240.0,3833.3333333333335,1037000.0,-0.1128254580520733
2625,Brunswick,2017-06-03,Townhouse,765000.0,2,2.0,1.0,77.0,9935.064935064936,1037000.0,-0.2622950819672131
2626,Brunswick,2017-06-03,House,1400000.0,4,1.0,2.0,678.0,2064.896755162242,1037000.0,0.3500482160077146
2627,Camberwell,2017-06-03,House,3050000.0,4,2.0,2.0,984.0,3099.5934959349593,1800000.0,0.6944444444444444
2628,Camberwell,2017-06-03,Townhouse,1171000.0,3,2.0,2.0,350.0,3345.714285714286,1800000.0,-0.3494444444444444
2629,Coburg,2017-06-03,House,880000.0,3,2.0,1.0,229.0,3842.794759825328,944000.0,-0.0677966101694915
2630,Coburg,2017-06-03,House,1525000.0,4,2.0,2.0,604.0,2524.8344370860927,944000.0,0.6154661016949152
2631,Coburg,2017-06-03,Townhouse,690000.0,3,1.0,1.0,64.0,10781.25,944000.0,-0.2690677966101695
2632,Coburg,2017-06-03,House,960000.0,2,1.0,3.0,398.0,2412.0603015075376,944000.0,0.0169491525423728
2633,Coburg,2017-06-03,House,1600000.0,3,2.0,2.0,737.0,2170.9633649932157,944000.0,0.6949152542372882
2634,Coburg,2017-06-03,House,1157000.0,3,1.0,1.0,480.0,2410.4166666666665,944000.0,0.225635593220339
2635,Coburg,2017-06-03,House,867000.0,2,1.0,1.0,208.0,4168.2692307692305,944000.0,-0.0815677966101695
2636,Essendon,2017-06-03,Unit,762000.0,2,1.0,1.0,195.0,3907.692307692307,1165000.0,-0.3459227467811159
2637,Essendon,2017-06-03,House,1025000.0,3,2.0,2.0,203.0,5049.261083743842,1165000.0,-0.1201716738197424
2638,Essendon,2017-06-03,House,1360000.0,4,2.0,1.0,267.0,5093.632958801498,1165000.0,0.167381974248927
2639,Essendon,2017-06-03,House,900000.0,3,1.0,1.0,324.0,2777.777777777778,1165000.0,-0.2274678111587982
2640,Essendon,2017-06-03,House,1320000.0,3,2.0,1.0,276.0,4782.608695652174,1165000.0,0.1330472103004291
2641,Essendon,2017-06-03,Unit,786000.0,3,2.0,1.0,138.0,5695.652173913043,1165000.0,-0.3253218884120171
2642,Essendon,2017-06-03,House,2210000.0,5,3.0,2.0,590.0,3745.762711864407,1165000.0,0.8969957081545065
2643,Glen Iris,2017-06-03,House,1890000.0,3,1.0,2.0,554.0,3411.5523465703973,1750500.0,0.0796915167095115
2644,Glenroy,2017-06-03,House,750000.0,4,2.0,3.0,659.0,1138.0880121396056,677500.0,0.1070110701107011
2645,Glenroy,2017-06-03,House,695000.0,3,1.0,2.0,649.0,1070.8782742681049,677500.0,0.025830258302583
2646,Kew,2017-06-03,Unit,630000.0,2,1.0,1.0,1037.0,607.5216972034716,1950000.0,-0.676923076923077
2647,Kew,2017-06-03,House,912500.0,2,1.0,2.0,239.0,3817.9916317991633,1950000.0,-0.532051282051282
2648,Kew,2017-06-03,Unit,672000.0,2,1.0,1.0,710.0,946.4788732394368,1950000.0,-0.6553846153846153
2649,Moonee Ponds,2017-06-03,House,1850000.0,3,2.0,2.0,596.0,3104.026845637584,1240000.0,0.4919354838709677
2650,Moonee Ponds,2017-06-03,House,1090000.0,2,1.0,0.0,233.0,4678.111587982833,1240000.0,-0.1209677419354838
2651,Moonee Ponds,2017-06-03,House,760000.0,2,1.0,0.0,251.0,3027.8884462151395,1240000.0,-0.3870967741935484
2652,Northcote,2017-06-03,House,1232000.0,3,1.0,1.0,352.0,3500.0,1302500.0,-0.0541266794625719
2653,Pascoe Vale,2017-06-03,Unit,630000.0,3,1.0,1.0,365.0,1726.027397260274,770000.0,-0.1818181818181818
2654,Preston,2017-06-03,House,850000.0,3,1.0,2.0,485.0,1752.5773195876288,910000.0,-0.0659340659340659
2655,Preston,2017-06-03,House,1400000.0,5,2.0,2.0,558.0,2508.9605734767024,910000.0,0.5384615384615384
2656,Preston,2017-06-03,House,930000.0,3,1.0,0.0,357.0,2605.0420168067226,910000.0,0.0219780219780219
2657,Preston,2017-06-03,House,830000.0,4,1.0,2.0,540.0,1537.037037037037,910000.0,-0.0879120879120879
2658,Preston,2017-06-03,House,881000.0,3,1.0,2.0,470.0,1874.468085106383,910000.0,-0.0318681318681318
2659,Preston,2017-06-03,Unit,660000.0,3,1.0,1.0,234.0,2820.5128205128203,910000.0,-0.2747252747252747
2660,Preston,2017-06-03,House,945000.0,3,1.0,2.0,349.0,2707.7363896848137,910000.0,0.0384615384615384
2661,Preston,2017-06-03,House,1210000.0,3,2.0,2.0,515.0,2349.514563106796,910000.0,0.3296703296703296
2662,Preston,2017-06-03,House,970000.0,3,1.0,1.0,345.0,2811.5942028985505,910000.0,0.0659340659340659
2663,Preston,2017-06-03,Unit,465000.0,2,1.0,1.0,163.0,2852.760736196319,910000.0,-0.489010989010989
2664,Preston,2017-06-03,House,725000.0,3,1.0,2.0,590.0,1228.8135593220338,910000.0,-0.2032967032967033
2665,Preston,2017-06-03,House,990000.0,3,1.0,1.0,545.0,1816.51376146789,910000.0,0.0879120879120879
2666,Preston,2017-06-03,House,972500.0,3,1.0,1.0,448.0,2170.7589285714284,910000.0,0.0686813186813186
2667,Preston,2017-06-03,House,955000.0,3,1.0,1.0,263.0,3631.178707224334,910000.0,0.0494505494505494
2668,Reservoir,2017-06-03,House,1100000.0,4,2.0,2.0,665.0,1654.1353383458647,705000.0,0.5602836879432624
2669,Reservoir,2017-06-03,House,1266000.0,5,2.0,2.0,601.0,2106.4891846921796,705000.0,0.7957446808510639
2670,Reservoir,2017-06-03,House,1040000.0,3,2.0,1.0,461.0,2255.9652928416485,705000.0,0.475177304964539
2671,Reservoir,2017-06-03,House,888000.0,2,1.0,2.0,649.0,1368.2588597842837,705000.0,0.2595744680851063
2672,Reservoir,2017-06-03,House,857700.0,3,1.0,1.0,325.0,2639.076923076923,705000.0,0.216595744680851
2673,Reservoir,2017-06-03,Townhouse,642500.0,3,2.0,2.0,160.0,4015.625,705000.0,-0.0886524822695035
2674,Richmond,2017-06-03,House,1676000.0,3,1.0,1.0,294.0,5700.680272108843,1200000.0,0.3966666666666666
2675,Richmond,2017-06-03,House,1400000.0,4,1.0,0.0,244.0,5737.704918032787,1200000.0,0.1666666666666666
2676,Richmond,2017-06-03,House,1301000.0,3,1.0,1.0,163.0,7981.59509202454,1200000.0,0.0841666666666666
2677,Richmond,2017-06-03,Unit,575000.0,2,1.0,1.0,407.0,1412.7764127764128,1200000.0,-0.5208333333333334
2678,Yarraville,2017-06-03,House,950000.0,2,1.0,0.0,150.0,6333.333333333333,982500.0,-0.0330788804071246
2679,Yarraville,2017-06-03,House,1225000.0,3,1.0,0.0,230.0,5326.086956521739,982500.0,0.2468193384223918
2680,Balwyn North,2017-06-17,Townhouse,1557000.0,3,2.0,2.0,292.0,5332.191780821918,1740000.0,-0.1051724137931034
2681,Balwyn North,2017-06-17,House,2444000.0,4,2.0,2.0,1011.0,2417.408506429278,1740000.0,0.4045977011494253
2682,Balwyn North,2017-06-17,House,2050000.0,4,1.0,1.0,1138.0,1801.4059753954307,1740000.0,0.1781609195402299
2683,Balwyn North,2017-06-17,House,1926000.0,4,2.0,2.0,639.0,3014.0845070422533,1740000.0,0.1068965517241379
2684,Balwyn North,2017-06-17,House,1490000.0,3,1.0,2.0,703.0,2119.4879089615933,1740000.0,-0.1436781609195402
2685,Bentleigh,2017-06-17,House,2700000.0,4,4.0,2.0,673.0,4011.887072808321,1307000.0,1.065799540933435
2686,Bentleigh,2017-06-17,House,1116000.0,3,1.0,2.0,278.0,4014.388489208633,1307000.0,-0.1461361897475133
2687,Bentleigh,2017-06-17,House,1573000.0,3,1.0,2.0,670.0,2347.7611940298507,1307000.0,0.2035195103289977
2688,Bentleigh East,2017-06-17,House,1316000.0,3,1.0,1.0,636.0,2069.182389937107,1100000.0,0.1963636363636363
2689,Bentleigh East,2017-06-17,House,1617000.0,3,1.0,2.0,650.0,2487.6923076923076,1100000.0,0.47
2690,Bentleigh East,2017-06-17,Townhouse,950000.0,3,2.0,2.0,163.0,5828.2208588957055,1100000.0,-0.1363636363636363
2691,Bentleigh East,2017-06-17,House,1525000.0,3,1.0,3.0,581.0,2624.7848537005166,1100000.0,0.3863636363636363
2692,Bentleigh East,2017-06-17,House,1330000.0,4,2.0,2.0,566.0,2349.8233215547702,1100000.0,0.209090909090909
2693,Bentleigh East,2017-06-17,Townhouse,850000.0,3,2.0,1.0,200.0,4250.0,1100000.0,-0.2272727272727272
2694,Bentleigh East,2017-06-17,House,1228000.0,3,1.0,2.0,623.0,1971.107544141252,1100000.0,0.1163636363636363
2695,Brighton,2017-06-17,Unit,855000.0,2,1.0,1.0,106.0,8066.037735849057,1961000.0,-0.5639979602243753
2696,Brighton,2017-06-17,House,2020000.0,3,2.0,2.0,369.0,5474.254742547426,1961000.0,0.0300866904640489
2697,Brighton,2017-06-17,Unit,1410000.0,3,2.0,2.0,257.0,5486.381322957199,1961000.0,-0.280979092299847
2698,Brighton East,2017-06-17,House,2100000.0,4,3.0,2.0,608.0,3453.9473684210525,1600000.0,0.3125
2699,Brighton East,2017-06-17,House,1410000.0,2,1.0,2.0,708.0,1991.5254237288136,1600000.0,-0.11875
2700,Brighton East,2017-06-17,Townhouse,1620000.0,4,2.0,2.0,326.0,4969.325153374233,1600000.0,0.0125
2701,Brunswick,2017-06-17,House,1925000.0,3,1.0,4.0,479.0,4018.789144050104,1037000.0,0.8563162970106075
2702,Brunswick,2017-06-17,House,890000.0,2,1.0,0.0,138.0,6449.275362318841,1037000.0,-0.14175506268081
2703,Brunswick,2017-06-17,House,1500000.0,4,1.0,1.0,318.0,4716.981132075472,1037000.0,0.446480231436837
2704,Brunswick,2017-06-17,House,950000.0,3,1.0,0.0,230.0,4130.434782608696,1037000.0,-0.0838958534233365
2705,Camberwell,2017-06-17,Townhouse,795000.0,2,2.0,1.0,112.0,7098.214285714285,1800000.0,-0.5583333333333333
2706,Camberwell,2017-06-17,House,1775000.0,3,1.0,3.0,715.0,2482.5174825174827,1800000.0,-0.0138888888888888
2707,Camberwell,2017-06-17,House,2361000.0,5,3.0,2.0,844.0,2797.39336492891,1800000.0,0.3116666666666666
2708,Camberwell,2017-06-17,Unit,1900000.0,4,2.0,4.0,336.0,5654.761904761905,1800000.0,0.0555555555555555
2709,Coburg,2017-06-17,House,1100000.0,3,1.0,0.0,532.0,2067.66917293233,944000.0,0.1652542372881356
2710,Essendon,2017-06-17,Unit,580000.0,2,1.0,1.0,921.0,629.7502714440825,1165000.0,-0.5021459227467812
2711,Essendon,2017-06-17,House,1100000.0,3,3.0,2.0,255.0,4313.725490196079,1165000.0,-0.055793991416309
2712,Essendon,2017-06-17,Unit,485000.0,2,1.0,1.0,1856.0,261.3146551724138,1165000.0,-0.5836909871244635
2713,Essendon,2017-06-17,House,1195000.0,2,1.0,1.0,337.0,3545.994065281899,1165000.0,0.0257510729613733
2714,Essendon,2017-06-17,House,1155000.0,4,1.0,3.0,616.0,1875.0,1165000.0,-0.0085836909871244
2715,Glen Iris,2017-06-17,House,2305000.0,4,1.0,3.0,632.0,3647.1518987341774,1750500.0,0.316766638103399
2716,Glen Iris,2017-06-17,House,1650000.0,2,1.0,2.0,660.0,2500.0,1750500.0,-0.0574121679520137
2717,Glenroy,2017-06-17,House,780000.0,3,1.0,2.0,697.0,1119.0817790530846,677500.0,0.1512915129151291
2718,Glenroy,2017-06-17,Unit,422000.0,2,1.0,1.0,136.0,3102.9411764705883,677500.0,-0.3771217712177122
2719,Glenroy,2017-06-17,House,780000.0,4,1.0,3.0,697.0,1119.0817790530846,677500.0,0.1512915129151291
2720,Kew,2017-06-17,House,3175000.0,5,4.0,2.0,769.0,4128.738621586476,1950000.0,0.6282051282051282
2721,Kew,2017-06-17,Townhouse,1375000.0,3,3.0,3.0,325.0,4230.7692307692305,1950000.0,-0.2948717948717949
2722,Moonee Ponds,2017-06-17,House,1850000.0,3,2.0,2.0,596.0,3104.026845637584,1240000.0,0.4919354838709677
2723,Newport,2017-06-17,House,1005000.0,4,1.0,1.0,390.0,2576.923076923077,984000.0,0.0213414634146341
2724,Northcote,2017-06-17,House,1001000.0,2,1.0,0.0,166.0,6030.120481927711,1302500.0,-0.2314779270633397
2725,Northcote,2017-06-17,House,905000.0,2,1.0,0.0,114.0,7938.596491228071,1302500.0,-0.3051823416506717
2726,Northcote,2017-06-17,House,1305000.0,3,1.0,0.0,375.0,3480.0,1302500.0,0.0019193857965451
2727,Northcote,2017-06-17,House,1516000.0,3,1.0,2.0,504.0,3007.936507936508,1302500.0,0.163915547024952
2728,Pascoe Vale,2017-06-17,House,1260000.0,4,2.0,5.0,669.0,1883.408071748879,770000.0,0.6363636363636364
2729,Pascoe Vale,2017-06-17,House,1199000.0,3,2.0,4.0,689.0,1740.2031930333817,770000.0,0.5571428571428572
2730,Preston,2017-06-17,House,1017500.0,3,1.0,2.0,592.0,1718.75,910000.0,0.1181318681318681
2731,Preston,2017-06-17,House,1050000.0,2,1.0,1.0,688.0,1526.1627906976744,910000.0,0.1538461538461538
2732,Preston,2017-06-17,House,840000.0,4,1.0,1.0,313.0,2683.70607028754,910000.0,-0.0769230769230769
2733,Reservoir,2017-06-17,Unit,510000.0,3,1.0,1.0,178.0,2865.168539325842,705000.0,-0.2765957446808511
2734,Reservoir,2017-06-17,House,930000.0,4,1.0,5.0,700.0,1328.571428571429,705000.0,0.3191489361702128
2735,Reservoir,2017-06-17,House,635000.0,3,2.0,2.0,247.0,2570.8502024291497,705000.0,-0.0992907801418439
2736,Reservoir,2017-06-17,House,850000.0,2,1.0,2.0,494.0,1720.647773279352,705000.0,0.2056737588652482
2737,Reservoir,2017-06-17,House,780000.0,3,1.0,2.0,893.0,873.4602463605823,705000.0,0.1063829787234042
2738,Richmond,2017-06-17,House,1172000.0,2,1.0,0.0,155.0,7561.290322580645,1200000.0,-0.0233333333333333
2739,Richmond,2017-06-17,Townhouse,1255000.0,3,2.0,1.0,124.0,10120.967741935485,1200000.0,0.0458333333333333
2740,Richmond,2017-06-17,House,1275000.0,2,1.0,1.0,110.0,11590.90909090909,1200000.0,0.0625
2741,Richmond,2017-06-17,House,1120000.0,3,2.0,2.0,134.0,8358.208955223881,1200000.0,-0.0666666666666666
2742,Richmond,2017-06-17,House,1190000.0,3,2.0,1.0,105.0,11333.333333333334,1200000.0,-0.0083333333333333
2743,Richmond,2017-06-17,Unit,534000.0,1,1.0,1.0,1347.0,396.43652561247217,1200000.0,-0.555
2744,Richmond,2017-06-17,House,1425000.0,3,3.0,3.0,81.0,17592.59259259259,1200000.0,0.1875
2745,Richmond,2017-06-17,Unit,650000.0,2,2.0,1.0,2226.0,292.00359389038636,1200000.0,-0.4583333333333333
2746,Yarraville,2017-06-17,House,1035000.0,4,2.0,3.0,463.0,2235.4211663066953,982500.0,0.0534351145038167
2747,Balwyn North,2017-06-24,House,1500000.0,2,1.0,1.0,943.0,1590.6680805938497,1740000.0,-0.1379310344827586
2748,Balwyn North,2017-06-24,House,3200000.0,5,3.0,2.0,836.0,3827.751196172249,1740000.0,0.8390804597701149
2749,Balwyn North,2017-06-24,Unit,682000.0,2,1.0,1.0,140.0,4871.428571428572,1740000.0,-0.6080459770114942
2750,Bentleigh,2017-06-24,House,1900000.0,5,1.0,2.0,644.0,2950.3105590062114,1307000.0,0.4537107880642693
2751,Bentleigh East,2017-06-24,House,1410000.0,3,2.0,3.0,722.0,1952.9085872576177,1100000.0,0.2818181818181818
2752,Bentleigh East,2017-06-24,Townhouse,817000.0,3,1.0,2.0,332.0,2460.843373493976,1100000.0,-0.2572727272727272
2753,Bentleigh East,2017-06-24,House,1815000.0,4,3.0,2.0,933.0,1945.337620578778,1100000.0,0.65
2754,Bentleigh East,2017-06-24,House,1225000.0,3,1.0,2.0,580.0,2112.0689655172414,1100000.0,0.1136363636363636
2755,Brighton,2017-06-24,House,2655000.0,3,2.0,2.0,697.0,3809.182209469154,1961000.0,0.3539010708822029
2756,Brighton,2017-06-24,Townhouse,3275000.0,3,2.0,3.0,289.0,11332.179930795848,1961000.0,0.6700662927078022
2757,Brighton East,2017-06-24,House,2720000.0,4,3.0,2.0,792.0,3434.343434343434,1600000.0,0.7
2758,Brighton East,2017-06-24,House,2525000.0,4,2.0,2.0,725.0,3482.7586206896553,1600000.0,0.578125
2759,Brighton East,2017-06-24,House,1300000.0,3,1.0,2.0,684.0,1900.584795321637,1600000.0,-0.1875
2760,Brunswick,2017-06-24,House,1275000.0,3,1.0,1.0,406.0,3140.39408866995,1037000.0,0.2295081967213114
2761,Brunswick,2017-06-24,House,900000.0,2,1.0,0.0,191.0,4712.041884816754,1037000.0,-0.1321118611378977
2762,Brunswick,2017-06-24,House,1204000.0,3,1.0,0.0,186.0,6473.118279569892,1037000.0,0.1610414657666345
2763,Brunswick,2017-06-24,House,730000.0,2,1.0,0.0,190.0,3842.1052631578946,1037000.0,-0.2960462873674059
2764,Camberwell,2017-06-24,Unit,555000.0,2,1.0,1.0,2685.0,206.7039106145251,1800000.0,-0.6916666666666667
2765,Coburg,2017-06-24,House,862500.0,3,1.0,2.0,490.0,1760.204081632653,944000.0,-0.0863347457627118
2766,Coburg,2017-06-24,House,1020000.0,4,2.0,2.0,441.0,2312.925170068027,944000.0,0.0805084745762711
2767,Coburg,2017-06-24,House,996000.0,2,1.0,1.0,476.0,2092.436974789916,944000.0,0.0550847457627118
2768,Essendon,2017-06-24,House,1200000.0,2,1.0,2.0,470.0,2553.191489361702,1165000.0,0.0300429184549356
2769,Essendon,2017-06-24,Unit,720000.0,2,2.0,2.0,1523.0,472.75114904793173,1165000.0,-0.3819742489270386
2770,Essendon,2017-06-24,Unit,930000.0,3,2.0,1.0,223.0,4170.403587443946,1165000.0,-0.2017167381974249
2771,Essendon,2017-06-24,Unit,600000.0,2,1.0,1.0,132.0,4545.454545454545,1165000.0,-0.4849785407725321
2772,Glen Iris,2017-06-24,House,2862000.0,5,2.0,3.0,858.0,3335.664335664336,1750500.0,0.6349614395886889
2773,Glen Iris,2017-06-24,House,2180000.0,5,3.0,2.0,595.0,3663.865546218487,1750500.0,0.2453584690088546
2774,Glen Iris,2017-06-24,Townhouse,1610000.0,3,2.0,2.0,364.0,4423.076923076923,1750500.0,-0.0802627820622679
2775,Glen Iris,2017-06-24,House,2450000.0,4,3.0,2.0,910.0,2692.3076923076924,1750500.0,0.3996001142530705
2776,Glen Iris,2017-06-24,House,2250000.0,4,1.0,2.0,1110.0,2027.027027027027,1750500.0,0.2853470437017995
2777,Glenroy,2017-06-24,House,1100000.0,4,2.0,2.0,1017.0,1081.6125860373647,677500.0,0.6236162361623616
2778,Glenroy,2017-06-24,House,512000.0,3,1.0,2.0,197.0,2598.984771573604,677500.0,-0.244280442804428
2779,Kew,2017-06-24,House,1995000.0,3,1.0,4.0,482.0,4139.004149377593,1950000.0,0.023076923076923
2780,Kew,2017-06-24,Unit,600000.0,2,1.0,1.0,847.0,708.3825265643447,1950000.0,-0.6923076923076923
2781,Kew,2017-06-24,Unit,797000.0,2,1.0,2.0,964.0,826.7634854771784,1950000.0,-0.5912820512820512
2782,Kew,2017-06-24,House,3001000.0,3,1.0,3.0,784.0,3827.80612244898,1950000.0,0.538974358974359
2783,Moonee Ponds,2017-06-24,Unit,286000.0,1,1.0,1.0,114.0,2508.7719298245615,1240000.0,-0.7693548387096775
2784,Moonee Ponds,2017-06-24,House,1375000.0,3,1.0,1.0,449.0,3062.3608017817373,1240000.0,0.1088709677419354
2785,Newport,2017-06-24,House,1250000.0,3,1.0,1.0,343.0,3644.314868804665,984000.0,0.2703252032520325
2786,Newport,2017-06-24,House,1230000.0,3,1.0,1.0,396.0,3106.060606060606,984000.0,0.25
2787,Newport,2017-06-24,House,1220000.0,3,1.0,2.0,492.0,2479.6747967479673,984000.0,0.2398373983739837
2788,Northcote,2017-06-24,House,1000000.0,3,1.0,1.0,188.0,5319.148936170212,1302500.0,-0.2322456813819577
2789,Northcote,2017-06-24,House,1240000.0,3,1.0,1.0,247.0,5020.242914979757,1302500.0,-0.0479846449136276
2790,Northcote,2017-06-24,House,1590000.0,3,1.0,1.0,563.0,2824.1563055062165,1302500.0,0.2207293666026871
2791,Northcote,2017-06-24,House,1275000.0,3,1.0,0.0,245.0,5204.081632653061,1302500.0,-0.0211132437619961
2792,Northcote,2017-06-24,House,1350000.0,3,1.0,0.0,271.0,4981.549815498155,1302500.0,0.036468330134357
2793,Pascoe Vale,2017-06-24,House,955000.0,3,1.0,4.0,645.0,1480.6201550387598,770000.0,0.2402597402597402
2794,Pascoe Vale,2017-06-24,House,860000.0,2,1.0,4.0,609.0,1412.1510673234811,770000.0,0.1168831168831168
2795,Pascoe Vale,2017-06-24,House,740000.0,2,1.0,1.0,487.0,1519.507186858316,770000.0,-0.0389610389610389
2796,Preston,2017-06-24,House,1242000.0,3,2.0,3.0,468.0,2653.846153846154,910000.0,0.3648351648351648
2797,Preston,2017-06-24,House,1365000.0,2,1.0,2.0,525.0,2600.0,910000.0,0.5
2798,Preston,2017-06-24,Unit,691000.0,3,1.0,1.0,170.0,4064.705882352941,910000.0,-0.2406593406593406
2799,Preston,2017-06-24,Townhouse,660000.0,2,2.0,1.0,70.0,9428.57142857143,910000.0,-0.2747252747252747
2800,Preston,2017-06-24,Townhouse,875000.0,3,2.0,2.0,214.0,4088.785046728972,910000.0,-0.0384615384615384
2801,Preston,2017-06-24,House,1350000.0,5,3.0,4.0,525.0,2571.4285714285716,910000.0,0.4835164835164835
2802,Preston,2017-06-24,House,1020000.0,3,3.0,2.0,158.0,6455.696202531645,910000.0,0.1208791208791208
2803,Reservoir,2017-06-24,House,877500.0,3,1.0,1.0,598.0,1467.391304347826,705000.0,0.2446808510638297
2804,Reservoir,2017-06-24,House,912000.0,5,3.0,4.0,890.0,1024.7191011235957,705000.0,0.2936170212765957
2805,Reservoir,2017-06-24,House,685000.0,3,1.0,3.0,494.0,1386.6396761133603,705000.0,-0.0283687943262411
2806,Reservoir,2017-06-24,House,911000.0,3,1.0,4.0,601.0,1515.8069883527455,705000.0,0.2921985815602836
2807,Reservoir,2017-06-24,Unit,365000.0,1,1.0,1.0,113.0,3230.0884955752213,705000.0,-0.4822695035460992
2808,Reservoir,2017-06-24,Unit,470000.0,2,1.0,1.0,73.0,6438.356164383562,705000.0,-0.3333333333333333
2809,Richmond,2017-06-24,Unit,890500.0,2,2.0,2.0,180.0,4947.222222222223,1200000.0,-0.2579166666666667
2810,Richmond,2017-06-24,Unit,355000.0,1,1.0,0.0,1082.0,328.0961182994455,1200000.0,-0.7041666666666667
2811,Richmond,2017-06-24,House,1300000.0,3,1.0,0.0,200.0,6500.0,1200000.0,0.0833333333333333
2812,Richmond,2017-06-24,Unit,717000.0,2,1.0,0.0,316.0,2268.987341772152,1200000.0,-0.4025
2813,Richmond,2017-06-24,House,1530000.0,3,1.0,2.0,187.0,8181.818181818182,1200000.0,0.275
2814,Balwyn North,2017-05-27,House,1300000.0,3,2.0,2.0,975.0,1333.3333333333333,1740000.0,-0.2528735632183908
2815,Balwyn North,2017-05-27,Townhouse,1330000.0,3,2.0,1.0,260.0,5115.384615384615,1740000.0,-0.2356321839080459
2816,Balwyn North,2017-05-27,House,2050000.0,4,3.0,2.0,526.0,3897.338403041825,1740000.0,0.1781609195402299
2817,Balwyn North,2017-05-27,House,1940000.0,5,2.0,1.0,629.0,3084.260731319555,1740000.0,0.1149425287356321
2818,Balwyn North,2017-05-27,House,1590000.0,3,1.0,1.0,697.0,2281.205164992826,1740000.0,-0.0862068965517241
2819,Balwyn North,2017-05-27,Unit,725000.0,2,1.0,1.0,134.0,5410.44776119403,1740000.0,-0.5833333333333334
2820,Balwyn North,2017-05-27,House,2367000.0,2,1.0,2.0,773.0,3062.095730918499,1740000.0,0.3603448275862069
2821,Bentleigh,2017-05-27,House,1479000.0,4,2.0,2.0,603.0,2452.7363184079604,1307000.0,0.1315990818668707
2822,Bentleigh,2017-05-27,House,1199000.0,3,1.0,2.0,383.0,3130.548302872063,1307000.0,-0.0826319816373374
2823,Bentleigh,2017-05-27,House,1350000.0,4,3.0,2.0,557.0,2423.6983842010773,1307000.0,0.0328997704667176
2824,Bentleigh East,2017-05-27,House,890000.0,3,2.0,1.0,260.0,3423.076923076923,1100000.0,-0.1909090909090909
2825,Bentleigh East,2017-05-27,House,1655000.0,4,2.0,5.0,612.0,2704.248366013072,1100000.0,0.5045454545454545
2826,Bentleigh East,2017-05-27,House,1430000.0,3,2.0,2.0,614.0,2328.9902280130295,1100000.0,0.3
2827,Bentleigh East,2017-05-27,Townhouse,955000.0,3,2.0,2.0,225.0,4244.444444444444,1100000.0,-0.1318181818181818
2828,Brighton,2017-05-27,House,1211000.0,3,2.0,1.0,343.0,3530.612244897959,1961000.0,-0.3824579296277409
2829,Brighton,2017-05-27,House,3225000.0,4,3.0,3.0,803.0,4016.189290161893,1961000.0,0.644569097399286
2830,Brighton,2017-05-27,House,2385000.0,4,3.0,2.0,373.0,6394.101876675603,1961000.0,0.2162162162162162
2831,Brighton East,2017-05-27,House,1750800.0,3,4.0,2.0,424.0,4129.245283018868,1600000.0,0.09425
2832,Brighton East,2017-05-27,House,2300000.0,4,3.0,2.0,592.0,3885.135135135135,1600000.0,0.4375
2833,Brighton East,2017-05-27,House,1605000.0,4,1.0,2.0,606.0,2648.5148514851485,1600000.0,0.003125
2834,Brighton East,2017-05-27,House,1035000.0,2,1.0,1.0,542.0,1909.5940959409595,1600000.0,-0.353125
2835,Brunswick,2017-05-27,House,860000.0,2,1.0,1.0,245.0,3510.204081632653,1037000.0,-0.1706846673095467
2836,Brunswick,2017-05-27,House,1505000.0,3,1.0,1.0,349.0,4312.320916905444,1037000.0,0.4513018322082932
2837,Brunswick,2017-05-27,House,1700000.0,3,2.0,0.0,200.0,8500.0,1037000.0,0.639344262295082
2838,Brunswick,2017-05-27,House,1280000.0,3,1.0,1.0,439.0,2915.717539863326,1037000.0,0.2343297974927676
2839,Brunswick,2017-05-27,House,2545000.0,5,3.0,4.0,957.0,2659.352142110763,1037000.0,1.454194792671167
2840,Brunswick,2017-05-27,House,1405000.0,3,2.0,2.0,401.0,3503.7406483790523,1037000.0,0.3548698167791707
2841,Brunswick,2017-05-27,Unit,460000.0,2,1.0,1.0,69.0,6666.666666666667,1037000.0,-0.5564127290260367
2842,Camberwell,2017-05-27,House,1622000.0,3,2.0,2.0,446.0,3636.7713004484303,1800000.0,-0.0988888888888888
2843,Camberwell,2017-05-27,House,1290000.0,3,2.0,2.0,321.0,4018.691588785047,1800000.0,-0.2833333333333333
2844,Coburg,2017-05-27,House,1615000.0,5,2.0,3.0,630.0,2563.4920634920636,944000.0,0.7108050847457628
2845,Coburg,2017-05-27,House,1090000.0,3,2.0,1.0,512.0,2128.90625,944000.0,0.1546610169491525
2846,Essendon,2017-05-27,House,1980000.0,2,1.0,6.0,856.0,2313.0841121495328,1165000.0,0.6995708154506438
2847,Essendon,2017-05-27,Townhouse,830000.0,3,2.0,1.0,176.0,4715.909090909091,1165000.0,-0.2875536480686695
2848,Essendon,2017-05-27,House,886000.0,3,2.0,1.0,173.0,5121.387283236994,1165000.0,-0.2394849785407725
2849,Essendon,2017-05-27,Unit,280000.0,1,1.0,1.0,28.0,10000.0,1165000.0,-0.759656652360515
2850,Essendon,2017-05-27,House,850000.0,3,2.0,2.0,204.0,4166.666666666667,1165000.0,-0.2703862660944206
2851,Glen Iris,2017-05-27,Unit,762000.0,2,1.0,1.0,730.0,1043.835616438356,1750500.0,-0.5646958011996572
2852,Glen Iris,2017-05-27,House,2920000.0,4,3.0,3.0,1064.0,2744.3609022556393,1750500.0,0.6680948300485575
2853,Glen Iris,2017-05-27,Townhouse,1501000.0,3,2.0,2.0,313.0,4795.52715654952,1750500.0,-0.1425307055127106
2854,Glen Iris,2017-05-27,House,1500000.0,3,2.0,2.0,409.0,3667.481662591687,1750500.0,-0.143101970865467
2855,Glen Iris,2017-05-27,Unit,1330000.0,3,2.0,2.0,296.0,4493.243243243243,1750500.0,-0.2402170808340474
2856,Glenroy,2017-05-27,House,651000.0,4,1.0,2.0,587.0,1109.0289608177172,677500.0,-0.0391143911439114
2857,Glenroy,2017-05-27,House,865000.0,3,1.0,1.0,746.0,1159.5174262734583,677500.0,0.2767527675276753
2858,Glenroy,2017-05-27,Unit,362500.0,1,1.0,1.0,124.0,2923.3870967741937,677500.0,-0.4649446494464944
2859,Glenroy,2017-05-27,House,922000.0,3,1.0,1.0,584.0,1578.7671232876712,677500.0,0.3608856088560885
2860,Glenroy,2017-05-27,House,650000.0,2,1.0,2.0,650.0,1000.0,677500.0,-0.040590405904059
2861,Glenroy,2017-05-27,House,963500.0,3,2.0,6.0,697.0,1382.3529411764705,677500.0,0.422140221402214
2862,Glenroy,2017-05-27,House,815000.0,3,1.0,1.0,641.0,1271.4508580343213,677500.0,0.2029520295202952
2863,Kew,2017-05-27,House,1300000.0,3,1.0,2.0,257.0,5058.365758754864,1950000.0,-0.3333333333333333
2864,Kew,2017-05-27,Unit,660000.0,3,1.0,1.0,1096.0,602.1897810218978,1950000.0,-0.6615384615384615
2865,Kew,2017-05-27,House,2425000.0,4,3.0,1.0,638.0,3800.940438871474,1950000.0,0.2435897435897435
2866,Kew,2017-05-27,Townhouse,825000.0,2,1.0,3.0,193.0,4274.611398963731,1950000.0,-0.5769230769230769
2867,Kew,2017-05-27,House,3200500.0,5,2.0,2.0,842.0,3801.0688836104514,1950000.0,0.6412820512820513
2868,Kew,2017-05-27,House,1110000.0,3,2.0,2.0,200.0,5550.0,1950000.0,-0.4307692307692308
2869,Northcote,2017-05-27,House,1512000.0,3,1.0,0.0,326.0,4638.036809815951,1302500.0,0.1608445297504798
2870,Northcote,2017-05-27,House,2042000.0,4,1.0,0.0,566.0,3607.773851590106,1302500.0,0.5677543186180423
2871,Northcote,2017-05-27,House,1260000.0,2,1.0,1.0,234.0,5384.615384615385,1302500.0,-0.0326295585412667
2872,Northcote,2017-05-27,House,1650000.0,4,3.0,4.0,423.0,3900.709219858156,1302500.0,0.2667946257197697
2873,Pascoe Vale,2017-05-27,Townhouse,530000.0,2,2.0,1.0,135.0,3925.925925925926,770000.0,-0.3116883116883117
2874,Pascoe Vale,2017-05-27,House,876000.0,3,1.0,2.0,525.0,1668.571428571429,770000.0,0.1376623376623376
2875,Pascoe Vale,2017-05-27,House,802000.0,3,2.0,1.0,450.0,1782.2222222222222,770000.0,0.0415584415584415
2876,Pascoe Vale,2017-05-27,Unit,736000.0,3,1.0,0.0,278.0,2647.482014388489,770000.0,-0.0441558441558441
2877,Pascoe Vale,2017-05-27,Townhouse,755000.0,3,1.0,2.0,234.0,3226.4957264957266,770000.0,-0.0194805194805194
2878,Pascoe Vale,2017-05-27,House,650000.0,2,1.0,2.0,605.0,1074.3801652892562,770000.0,-0.1558441558441558
2879,Preston,2017-05-27,House,920000.0,3,1.0,2.0,693.0,1327.5613275613275,910000.0,0.0109890109890109
2880,Preston,2017-05-27,House,1115000.0,3,1.0,2.0,680.0,1639.7058823529412,910000.0,0.2252747252747252
2881,Preston,2017-05-27,House,1171000.0,3,1.0,2.0,483.0,2424.430641821946,910000.0,0.2868131868131868
2882,Preston,2017-05-27,House,1060000.0,5,2.0,2.0,559.0,1896.2432915921288,910000.0,0.1648351648351648
2883,Preston,2017-05-27,House,996000.0,3,1.0,2.0,581.0,1714.2857142857142,910000.0,0.0945054945054945
2884,Preston,2017-05-27,House,617500.0,2,1.0,3.0,155.0,3983.870967741936,910000.0,-0.3214285714285714
2885,Reservoir,2017-05-27,House,817000.0,3,1.0,2.0,700.0,1167.142857142857,705000.0,0.1588652482269503
2886,Reservoir,2017-05-27,Townhouse,575000.0,2,2.0,1.0,151.0,3807.9470198675494,705000.0,-0.1843971631205673
2887,Reservoir,2017-05-27,House,635000.0,3,2.0,2.0,289.0,2197.2318339100348,705000.0,-0.0992907801418439
2888,Reservoir,2017-05-27,Unit,470000.0,2,1.0,1.0,142.0,3309.8591549295775,705000.0,-0.3333333333333333
2889,Reservoir,2017-05-27,House,700000.0,3,2.0,1.0,301.0,2325.5813953488373,705000.0,-0.0070921985815602
2890,Reservoir,2017-05-27,House,860000.0,3,1.0,2.0,627.0,1371.610845295056,705000.0,0.2198581560283688
2891,Richmond,2017-05-27,House,1000000.0,2,1.0,0.0,164.0,6097.5609756097565,1200000.0,-0.1666666666666666
2892,Richmond,2017-05-27,House,1250000.0,3,1.0,1.0,111.0,11261.26126126126,1200000.0,0.0416666666666666
2893,Richmond,2017-05-27,House,1280000.0,3,1.0,1.0,185.0,6918.918918918919,1200000.0,0.0666666666666666
2894,Richmond,2017-05-27,Unit,615000.0,2,2.0,1.0,14196.0,43.32206255283178,1200000.0,-0.4875
2895,Richmond,2017-05-27,House,1341000.0,2,1.0,0.0,135.0,9933.333333333334,1200000.0,0.1175
2896,Yarraville,2017-05-27,House,1190000.0,4,1.0,2.0,405.0,2938.2716049382716,982500.0,0.2111959287531806
2897,Yarraville,2017-05-27,Unit,709500.0,2,1.0,1.0,80.0,8868.75,982500.0,-0.2778625954198473
2898,Balwyn North,2017-07-08,Townhouse,1575000.0,4,2.0,2.0,392.0,4017.857142857142,1740000.0,-0.0948275862068965
2899,Bentleigh,2017-07-08,Unit,380000.0,2,1.0,1.0,1.0,380000.0,1307000.0,-0.7092578423871462
2900,Brighton East,2017-07-08,House,1580000.0,4,1.0,2.0,890.0,1775.2808988764043,1600000.0,-0.0125
2901,Brunswick,2017-07-08,House,1515000.0,4,2.0,2.0,236.0,6419.4915254237285,1037000.0,0.4609450337512054
2902,Brunswick,2017-07-08,House,1037000.0,3,1.0,1.0,210.0,4938.0952380952385,1037000.0,0.0
2903,Brunswick,2017-07-08,House,1100000.0,3,1.0,1.0,193.0,5699.481865284974,1037000.0,0.0607521697203471
2904,Camberwell,2017-07-08,Unit,755000.0,2,1.0,1.0,92.0,8206.521739130434,1800000.0,-0.5805555555555556
2905,Camberwell,2017-07-08,House,2200000.0,8,8.0,4.0,650.0,3384.6153846153848,1800000.0,0.2222222222222222
2906,Coburg,2017-07-08,House,760000.0,2,1.0,2.0,378.0,2010.5820105820103,944000.0,-0.1949152542372881
2907,Coburg,2017-07-08,Townhouse,876000.0,2,2.0,1.0,134.0,6537.313432835821,944000.0,-0.0720338983050847
2908,Essendon,2017-07-08,House,1000000.0,3,2.0,2.0,213.0,4694.835680751174,1165000.0,-0.1416309012875536
2909,Essendon,2017-07-08,House,1398000.0,3,2.0,1.0,445.0,3141.5730337078653,1165000.0,0.2
2910,Glen Iris,2017-07-08,Unit,501000.0,2,1.0,1.0,2015.0,248.63523573200993,1750500.0,-0.713796058269066
2911,Glenroy,2017-07-08,House,700000.0,4,2.0,1.0,655.0,1068.702290076336,677500.0,0.033210332103321
2912,Glenroy,2017-07-08,House,805000.0,3,1.0,2.0,676.0,1190.828402366864,677500.0,0.1881918819188192
2913,Glenroy,2017-07-08,House,721000.0,3,1.0,1.0,600.0,1201.6666666666667,677500.0,0.0642066420664206
2914,Glenroy,2017-07-08,Townhouse,400000.0,2,1.0,1.0,102.0,3921.56862745098,677500.0,-0.4095940959409594
2915,Glenroy,2017-07-08,House,675000.0,2,2.0,1.0,248.0,2721.7741935483873,677500.0,-0.003690036900369
2916,Glenroy,2017-07-08,Townhouse,656000.0,4,2.0,2.0,228.0,2877.1929824561403,677500.0,-0.0317343173431734
2917,Kew,2017-07-08,Townhouse,1205000.0,3,2.0,2.0,257.0,4688.715953307393,1950000.0,-0.382051282051282
2918,Kew,2017-07-08,House,1410000.0,3,1.0,1.0,404.0,3490.09900990099,1950000.0,-0.2769230769230769
2919,Moonee Ponds,2017-07-08,House,1425500.0,1,1.0,1.0,552.0,2582.427536231884,1240000.0,0.1495967741935484
2920,Moonee Ponds,2017-07-08,House,1320000.0,3,1.0,2.0,459.0,2875.8169934640523,1240000.0,0.064516129032258
2921,Moonee Ponds,2017-07-08,House,1270000.0,4,1.0,3.0,478.0,2656.9037656903765,1240000.0,0.0241935483870967
2922,Newport,2017-07-08,House,1000000.0,3,1.0,2.0,366.0,2732.24043715847,984000.0,0.016260162601626
2923,Pascoe Vale,2017-07-08,House,1210000.0,3,2.0,1.0,330.0,3666.6666666666665,770000.0,0.5714285714285714
2924,Preston,2017-07-08,House,820000.0,2,1.0,1.0,155.0,5290.322580645161,910000.0,-0.0989010989010989
2925,Preston,2017-07-08,House,1150000.0,3,0.0,0.0,502.0,2290.836653386454,910000.0,0.2637362637362637
2926,Reservoir,2017-07-08,House,925000.0,3,1.0,2.0,676.0,1368.3431952662722,705000.0,0.3120567375886525
2927,Reservoir,2017-07-08,House,526250.0,3,1.0,1.0,308.0,1708.6038961038962,705000.0,-0.2535460992907801
2928,Reservoir,2017-07-08,House,351000.0,1,1.0,1.0,168.0,2089.285714285714,705000.0,-0.502127659574468
2929,Reservoir,2017-07-08,House,760000.0,3,1.0,1.0,606.0,1254.125412541254,705000.0,0.0780141843971631
2930,Reservoir,2017-07-08,House,690000.0,3,1.0,2.0,514.0,1342.4124513618676,705000.0,-0.0212765957446808
2931,Richmond,2017-07-08,Unit,715000.0,2,1.0,2.0,2427.0,294.6023897816234,1200000.0,-0.4041666666666667
2932,Richmond,2017-07-08,House,1200000.0,2,2.0,1.0,189.0,6349.206349206349,1200000.0,0.0
2933,Yarraville,2017-07-08,House,1285000.0,3,1.0,1.0,284.0,4524.647887323944,982500.0,0.3078880407124681
2934,Yarraville,2017-07-08,Unit,440000.0,2,1.0,1.0,100.0,4400.0,982500.0,-0.5521628498727735
2935,Balwyn North,2017-08-12,House,1460000.0,4,2.0,2.0,433.0,3371.824480369515,1740000.0,-0.160919540229885
2936,Balwyn North,2017-08-12,House,1360000.0,3,2.0,2.0,424.0,3207.5471698113206,1740000.0,-0.2183908045977011
2937,Balwyn North,2017-08-12,House,1739000.0,3,1.0,2.0,638.0,2725.705329153605,1740000.0,-0.0005747126436781
2938,Bentleigh,2017-08-12,House,1700000.0,4,2.0,2.0,673.0,2526.002971768202,1307000.0,0.3006885998469778
2939,Bentleigh,2017-08-12,Townhouse,1280000.0,4,3.0,2.0,306.0,4183.006535947712,1307000.0,-0.0206579954093343
2940,Bentleigh,2017-08-12,Townhouse,1750000.0,4,3.0,2.0,429.0,4079.254079254079,1307000.0,0.3389441469013007
2941,Bentleigh East,2017-08-12,House,1175000.0,3,1.0,2.0,700.0,1678.571428571429,1100000.0,0.0681818181818181
2942,Bentleigh East,2017-08-12,House,1290000.0,3,1.0,2.0,537.0,2402.2346368715084,1100000.0,0.1727272727272727
2943,Brighton,2017-08-12,House,3000000.0,5,3.0,2.0,818.0,3667.481662591687,1961000.0,0.5298317185109638
2944,Brighton,2017-08-12,House,1900000.0,3,2.0,1.0,35.0,54285.71428571428,1961000.0,-0.0311065782763895
2945,Brighton,2017-08-12,House,4050000.0,4,4.0,4.0,508.0,7972.44094488189,1961000.0,1.0652728199898012
2946,Brighton,2017-08-12,House,2210000.0,4,2.0,1.0,396.0,5580.80808080808,1961000.0,0.12697603263641
2947,Brighton East,2017-08-12,House,1655000.0,4,2.0,4.0,651.0,2542.242703533026,1600000.0,0.034375
2948,Brighton East,2017-08-12,House,2000000.0,4,2.0,2.0,619.0,3231.0177705977385,1600000.0,0.25
2949,Brighton East,2017-08-12,House,2150000.0,3,1.0,2.0,696.0,3089.080459770115,1600000.0,0.34375
2950,Brighton East,2017-08-12,House,1680000.0,3,1.0,2.0,605.0,2776.8595041322315,1600000.0,0.05
2951,Brighton East,2017-08-12,Unit,890000.0,2,1.0,2.0,275.0,3236.3636363636365,1600000.0,-0.44375
2952,Brunswick,2017-08-12,House,1310000.0,3,1.0,1.0,302.0,4337.748344370861,1037000.0,0.2632594021215043
2953,Camberwell,2017-08-12,House,1650000.0,3,2.0,2.0,456.0,3618.4210526315783,1800000.0,-0.0833333333333333
2954,Camberwell,2017-08-12,Unit,881000.0,2,2.0,1.0,245.0,3595.918367346939,1800000.0,-0.5105555555555555
2955,Camberwell,2017-08-12,House,3190000.0,5,4.0,2.0,788.0,4048.223350253807,1800000.0,0.7722222222222223
2956,Essendon,2017-08-12,House,2165000.0,4,2.0,3.0,951.0,2276.5509989484754,1165000.0,0.8583690987124464
2957,Essendon,2017-08-12,House,1280000.0,2,1.0,1.0,512.0,2500.0,1165000.0,0.0987124463519313
2958,Essendon,2017-08-12,House,1165000.0,3,1.0,1.0,590.0,1974.5762711864409,1165000.0,0.0
2959,Essendon,2017-08-12,House,2050000.0,5,3.0,3.0,663.0,3092.006033182504,1165000.0,0.759656652360515
2960,Essendon,2017-08-12,House,1500000.0,4,2.0,2.0,465.0,3225.8064516129034,1165000.0,0.2875536480686695
2961,Glen Iris,2017-08-12,House,3400000.0,5,3.0,2.0,720.0,4722.222222222223,1750500.0,0.942302199371608
2962,Glen Iris,2017-08-12,Unit,839000.0,2,1.0,1.0,97.0,8649.484536082475,1750500.0,-0.5207083690374179
2963,Glen Iris,2017-08-12,House,1690000.0,3,1.0,2.0,625.0,2704.0,1750500.0,-0.0345615538417595
2964,Glen Iris,2017-08-12,House,2165000.0,4,3.0,2.0,409.0,5293.398533007335,1750500.0,0.2367894887175093
2965,Glen Iris,2017-08-12,House,2215000.0,5,2.0,2.0,847.0,2615.112160566706,1750500.0,0.265352756355327
2966,Glen Iris,2017-08-12,Unit,851000.0,2,1.0,1.0,100.0,8510.0,1750500.0,-0.5138531848043416
2967,Glen Iris,2017-08-12,House,1910000.0,3,2.0,1.0,348.0,5488.505747126437,1750500.0,0.0911168237646386
2968,Glenroy,2017-08-12,Unit,565000.0,2,1.0,2.0,193.0,2927.461139896373,677500.0,-0.1660516605166051
2969,Glenroy,2017-08-12,House,770000.0,3,1.0,2.0,604.0,1274.8344370860927,677500.0,0.1365313653136531
2970,Glenroy,2017-08-12,House,1220000.0,2,1.0,2.0,829.0,1471.652593486128,677500.0,0.8007380073800738
2971,Kew,2017-08-12,House,2660000.0,5,2.0,2.0,696.0,3821.8390804597702,1950000.0,0.3641025641025641
2972,Kew,2017-08-12,House,1510000.0,3,1.0,2.0,446.0,3385.6502242152465,1950000.0,-0.2256410256410256
2973,Kew,2017-08-12,House,4050000.0,7,4.0,2.0,725.0,5586.206896551724,1950000.0,1.0769230769230769
2974,Kew,2017-08-12,House,2550000.0,4,2.0,3.0,776.0,3286.082474226804,1950000.0,0.3076923076923077
2975,Moonee Ponds,2017-08-12,House,1060000.0,2,1.0,1.0,283.0,3745.583038869258,1240000.0,-0.1451612903225806
2976,Moonee Ponds,2017-08-12,House,1225000.0,3,2.0,2.0,674.0,1817.5074183976265,1240000.0,-0.0120967741935483
2977,Newport,2017-08-12,House,1050000.0,2,1.0,0.0,571.0,1838.879159369527,984000.0,0.0670731707317073
2978,Newport,2017-08-12,Townhouse,730000.0,3,2.0,2.0,200.0,3650.0,984000.0,-0.258130081300813
2979,Newport,2017-08-12,House,1195000.0,3,2.0,2.0,358.0,3337.9888268156424,984000.0,0.214430894308943
2980,Newport,2017-08-12,House,923000.0,4,2.0,2.0,224.0,4120.535714285715,984000.0,-0.0619918699186991
2981,Newport,2017-08-12,Unit,600000.0,2,1.0,1.0,163.0,3680.9815950920247,984000.0,-0.3902439024390244
2982,Northcote,2017-08-12,House,1225000.0,3,1.0,2.0,260.0,4711.538461538462,1302500.0,-0.0595009596928982
2983,Northcote,2017-08-12,House,1955000.0,4,2.0,1.0,5.0,391000.0,1302500.0,0.5009596928982726
2984,Northcote,2017-08-12,House,2775000.0,3,1.0,2.0,901.0,3079.911209766926,1302500.0,1.1305182341650672
2985,Pascoe Vale,2017-08-12,House,940000.0,3,1.0,2.0,587.0,1601.3628620102215,770000.0,0.2207792207792207
2986,Pascoe Vale,2017-08-12,Unit,257500.0,1,1.0,1.0,995.0,258.79396984924625,770000.0,-0.6655844155844156
2987,Pascoe Vale,2017-08-12,House,1114000.0,3,2.0,2.0,256.0,4351.5625,770000.0,0.4467532467532467
2988,Preston,2017-08-12,House,1270000.0,3,2.0,2.0,585.0,2170.940170940171,910000.0,0.3956043956043956
2989,Preston,2017-08-12,House,980000.0,3,1.0,5.0,581.0,1686.7469879518071,910000.0,0.0769230769230769
2990,Preston,2017-08-12,House,1148000.0,4,1.0,2.0,552.0,2079.710144927536,910000.0,0.2615384615384615
2991,Reservoir,2017-08-12,House,1210000.0,4,3.0,4.0,725.0,1668.9655172413793,705000.0,0.7163120567375887
2992,Reservoir,2017-08-12,House,935000.0,3,1.0,2.0,529.0,1767.485822306238,705000.0,0.3262411347517731
2993,Reservoir,2017-08-12,House,510000.0,3,2.0,2.0,292.0,1746.5753424657537,705000.0,-0.2765957446808511
2994,Reservoir,2017-08-12,House,861000.0,5,3.0,2.0,650.0,1324.6153846153843,705000.0,0.2212765957446808
2995,Reservoir,2017-08-12,House,732000.0,3,1.0,2.0,952.0,768.90756302521,705000.0,0.0382978723404255
2996,Reservoir,2017-08-12,House,755000.0,4,2.0,2.0,479.0,1576.2004175365344,705000.0,0.0709219858156028
2997,Reservoir,2017-08-12,Unit,325000.0,1,1.0,1.0,60.0,5416.666666666667,705000.0,-0.5390070921985816
2998,Reservoir,2017-08-12,House,1200000.0,4,2.0,2.0,499.0,2404.809619238477,705000.0,0.7021276595744681
2999,Yarraville,2017-08-12,House,1142000.0,4,3.0,2.0,234.0,4880.34188034188,982500.0,0.1623409669211196
3000,Yarraville,2017-08-12,House,1100000.0,3,1.0,6.0,732.0,1502.7322404371585,982500.0,0.1195928753180661
3001,Yarraville,2017-08-12,House,780000.0,2,1.0,1.0,178.0,4382.0224719101125,982500.0,-0.2061068702290076
3002,Yarraville,2017-08-12,House,920000.0,3,2.0,2.0,182.0,5054.945054945055,982500.0,-0.0636132315521628
3003,Balwyn North,2017-07-15,Townhouse,1721000.0,3,2.0,2.0,301.0,5717.6079734219265,1740000.0,-0.010919540229885
3004,Bentleigh East,2017-07-15,House,1384000.0,4,3.0,2.0,631.0,2193.3438985736925,1100000.0,0.2581818181818182
3005,Brighton,2017-07-15,House,2800000.0,4,3.0,2.0,498.0,5622.489959839358,1961000.0,0.4278429372768995
3006,Brunswick,2017-07-15,House,1350000.0,4,2.0,1.0,372.0,3629.032258064516,1037000.0,0.3018322082931533
3007,Brunswick,2017-07-15,House,1300000.0,5,2.0,0.0,479.0,2713.9874739039665,1037000.0,0.2536162005785921
3008,Coburg,2017-07-15,House,900000.0,3,1.0,0.0,227.0,3964.7577092511015,944000.0,-0.0466101694915254
3009,Essendon,2017-07-15,House,1550000.0,3,1.0,1.0,730.0,2123.2876712328766,1165000.0,0.3304721030042918
3010,Kew,2017-07-15,House,1080000.0,3,2.0,2.0,151.0,7152.317880794702,1950000.0,-0.4461538461538462
3011,Moonee Ponds,2017-07-15,House,951000.0,2,1.0,1.0,172.0,5529.069767441861,1240000.0,-0.2330645161290322
3012,Moonee Ponds,2017-07-15,House,1425000.0,4,2.0,2.0,388.0,3672.680412371134,1240000.0,0.1491935483870967
3013,Newport,2017-07-15,House,740000.0,3,1.0,2.0,204.0,3627.450980392157,984000.0,-0.2479674796747967
3014,Newport,2017-07-15,House,990000.0,3,2.0,0.0,337.0,2937.685459940653,984000.0,0.0060975609756097
3015,Northcote,2017-07-15,House,1307500.0,3,2.0,0.0,258.0,5067.829457364341,1302500.0,0.0038387715930902
3016,Northcote,2017-07-15,House,1100000.0,3,1.0,2.0,449.0,2449.88864142539,1302500.0,-0.1554702495201535
3017,Northcote,2017-07-15,House,1050000.0,3,1.0,2.0,530.0,1981.132075471698,1302500.0,-0.1938579654510556
3018,Northcote,2017-07-15,House,1800000.0,3,1.0,2.0,771.0,2334.6303501945526,1302500.0,0.381957773512476
3019,Northcote,2017-07-15,House,1550000.0,3,2.0,2.0,422.0,3672.9857819905214,1302500.0,0.1900191938579654
3020,Pascoe Vale,2017-07-15,House,962000.0,2,1.0,2.0,624.0,1541.6666666666667,770000.0,0.2493506493506493
3021,Pascoe Vale,2017-07-15,Townhouse,629000.0,3,2.0,2.0,495.0,1270.707070707071,770000.0,-0.1831168831168831
3022,Pascoe Vale,2017-07-15,House,881000.0,3,1.0,1.0,480.0,1835.4166666666667,770000.0,0.1441558441558441
3023,Preston,2017-07-15,House,1060500.0,4,2.0,4.0,490.0,2164.285714285714,910000.0,0.1653846153846153
3024,Preston,2017-07-15,House,990000.0,4,2.0,2.0,500.0,1980.0,910000.0,0.0879120879120879
3025,Reservoir,2017-07-15,Unit,652000.0,2,1.0,1.0,260.0,2507.6923076923076,705000.0,-0.075177304964539
3026,Reservoir,2017-07-15,House,953000.0,3,1.0,2.0,743.0,1282.6379542395694,705000.0,0.3517730496453901
3027,Reservoir,2017-07-15,Townhouse,710000.0,2,2.0,1.0,126.0,5634.920634920635,705000.0,0.0070921985815602
3028,Reservoir,2017-07-15,House,550000.0,3,1.0,2.0,1723.0,319.2106790481718,705000.0,-0.2198581560283688
3029,Reservoir,2017-07-15,House,725000.0,3,1.0,2.0,579.0,1252.1588946459412,705000.0,0.0283687943262411
3030,Reservoir,2017-07-15,House,880000.0,3,2.0,3.0,743.0,1184.3876177658142,705000.0,0.2482269503546099
3031,Reservoir,2017-07-15,Unit,502000.0,2,1.0,2.0,230.0,2182.608695652174,705000.0,-0.2879432624113475
3032,Reservoir,2017-07-15,House,1175000.0,3,1.0,4.0,545.0,2155.9633027522937,705000.0,0.6666666666666666
3033,Richmond,2017-07-15,Unit,432000.0,1,1.0,1.0,7455.0,57.94768611670021,1200000.0,-0.64
3034,Yarraville,2017-07-15,House,982500.0,3,2.0,2.0,444.0,2212.837837837838,982500.0,0.0
3035,Yarraville,2017-07-15,House,1400000.0,3,3.0,6.0,668.0,2095.808383233533,982500.0,0.4249363867684478
3036,Yarraville,2017-07-15,House,1042000.0,3,1.0,1.0,358.0,2910.6145251396647,982500.0,0.060559796437659
3037,Yarraville,2017-07-15,House,1230000.0,3,1.0,2.0,433.0,2840.6466512702077,982500.0,0.2519083969465648
3038,Yarraville,2017-07-15,House,1005000.0,3,1.0,2.0,451.0,2228.3813747228382,982500.0,0.0229007633587786
3039,Balwyn North,2017-07-22,House,2400000.0,5,4.0,2.0,742.0,3234.501347708895,1740000.0,0.3793103448275862
3040,Balwyn North,2017-07-22,House,2668000.0,3,1.0,2.0,939.0,2841.3205537806175,1740000.0,0.5333333333333333
3041,Balwyn North,2017-07-22,House,1750000.0,4,1.0,2.0,683.0,2562.225475841874,1740000.0,0.0057471264367816
3042,Balwyn North,2017-07-22,House,1850000.0,4,4.0,3.0,929.0,1991.3885898815931,1740000.0,0.0632183908045977
3043,Bentleigh,2017-07-22,House,1640000.0,3,1.0,3.0,585.0,2803.4188034188032,1307000.0,0.2547819433817903
3044,Bentleigh,2017-07-22,House,1610000.0,3,2.0,2.0,672.0,2395.8333333333335,1307000.0,0.2318286151491966
3045,Bentleigh,2017-07-22,Unit,410000.0,2,1.0,1.0,834.0,491.60671462829737,1307000.0,-0.6863045141545524
3046,Bentleigh,2017-07-22,House,1500000.0,5,2.0,2.0,591.0,2538.0710659898477,1307000.0,0.1476664116296863
3047,Bentleigh East,2017-07-22,Unit,860000.0,2,1.0,1.0,230.0,3739.130434782609,1100000.0,-0.2181818181818181
3048,Brighton East,2017-07-22,Unit,620000.0,2,1.0,1.0,972.0,637.8600823045267,1600000.0,-0.6125
3049,Brighton East,2017-07-22,House,1500000.0,3,2.0,1.0,279.0,5376.344086021505,1600000.0,-0.0625
3050,Brunswick,2017-07-22,House,1120000.0,3,1.0,1.0,322.0,3478.2608695652175,1037000.0,0.0800385728061716
3051,Brunswick,2017-07-22,House,1110000.0,2,1.0,0.0,196.0,5663.265306122449,1037000.0,0.0703953712632594
3052,Brunswick,2017-07-22,House,1260000.0,3,2.0,1.0,470.0,2680.851063829787,1037000.0,0.2150433944069431
3053,Brunswick,2017-07-22,House,1790000.0,4,3.0,6.0,733.0,2442.0190995907233,1037000.0,0.7261330761812922
3054,Camberwell,2017-07-22,House,1830000.0,3,2.0,4.0,605.0,3024.793388429752,1800000.0,0.0166666666666666
3055,Coburg,2017-07-22,House,1285000.0,3,1.0,2.0,579.0,2219.343696027634,944000.0,0.361228813559322
3056,Coburg,2017-07-22,House,890000.0,3,2.0,2.0,190.0,4684.210526315789,944000.0,-0.0572033898305084
3057,Essendon,2017-07-22,House,1620000.0,3,1.0,1.0,393.0,4122.137404580153,1165000.0,0.3905579399141631
3058,Glen Iris,2017-07-22,Unit,580000.0,2,1.0,1.0,200.0,2900.0,1750500.0,-0.6686660954013139
3059,Glen Iris,2017-07-22,Unit,519500.0,2,1.0,1.0,1101.0,471.84377838328794,1750500.0,-0.7032276492430735
3060,Glenroy,2017-07-22,Unit,493000.0,2,1.0,2.0,201.0,2452.7363184079604,677500.0,-0.2723247232472324
3061,Glenroy,2017-07-22,House,940000.0,3,2.0,5.0,627.0,1499.2025518341309,677500.0,0.3874538745387454
3062,Glenroy,2017-07-22,Unit,435000.0,2,1.0,1.0,144.0,3020.8333333333335,677500.0,-0.3579335793357933
3063,Newport,2017-07-22,House,1100000.0,3,2.0,3.0,449.0,2449.88864142539,984000.0,0.1178861788617886
3064,Northcote,2017-07-22,House,1290000.0,3,2.0,1.0,196.0,6581.632653061224,1302500.0,-0.0095969289827255
3065,Northcote,2017-07-22,House,1335000.0,3,1.0,1.0,390.0,3423.076923076923,1302500.0,0.0249520153550863
3066,Northcote,2017-07-22,Unit,352500.0,1,1.0,1.0,1279.0,275.60594214229866,1302500.0,-0.7293666026871402
3067,Northcote,2017-07-22,House,1875000.0,3,1.0,2.0,771.0,2431.906614785992,1302500.0,0.4395393474088291
3068,Pascoe Vale,2017-07-22,Unit,541000.0,2,1.0,1.0,133.0,4067.66917293233,770000.0,-0.2974025974025974
3069,Pascoe Vale,2017-07-22,Townhouse,510000.0,2,1.0,1.0,129.0,3953.4883720930234,770000.0,-0.3376623376623376
3070,Pascoe Vale,2017-07-22,Unit,550000.0,2,1.0,1.0,164.0,3353.6585365853657,770000.0,-0.2857142857142857
3071,Pascoe Vale,2017-07-22,Unit,580000.0,2,1.0,1.0,103.0,5631.0679611650485,770000.0,-0.2467532467532467
3072,Pascoe Vale,2017-07-22,Unit,706000.0,2,1.0,1.0,205.0,3443.9024390243903,770000.0,-0.0831168831168831
3073,Preston,2017-07-22,Unit,250000.0,1,1.0,1.0,631.0,396.19651347068145,910000.0,-0.7252747252747253
3074,Preston,2017-07-22,Unit,392000.0,1,1.0,1.0,629.0,623.2114467408585,910000.0,-0.5692307692307692
3075,Preston,2017-07-22,Unit,505000.0,1,1.0,1.0,102.0,4950.980392156863,910000.0,-0.445054945054945
3076,Preston,2017-07-22,House,980000.0,3,1.0,3.0,397.0,2468.5138539042823,910000.0,0.0769230769230769
3077,Reservoir,2017-07-22,Unit,495000.0,2,1.0,1.0,134.0,3694.029850746269,705000.0,-0.2978723404255319
3078,Reservoir,2017-07-22,House,320000.0,2,1.0,1.0,89.0,3595.505617977528,705000.0,-0.5460992907801419
3079,Reservoir,2017-07-22,House,1282500.0,5,2.0,2.0,499.0,2570.1402805611224,705000.0,0.8191489361702128
3080,Reservoir,2017-07-22,House,760500.0,4,1.0,2.0,846.0,898.936170212766,705000.0,0.0787234042553191
3081,Richmond,2017-07-22,Unit,419000.0,2,1.0,1.0,3512.0,119.30523917995444,1200000.0,-0.6508333333333334
3082,Richmond,2017-07-22,House,1590000.0,3,2.0,1.0,83.0,19156.626506024095,1200000.0,0.325
3083,Richmond,2017-07-22,Unit,592000.0,2,2.0,2.0,2044.0,289.62818003913895,1200000.0,-0.5066666666666667
3084,Richmond,2017-07-22,Unit,1667500.0,2,2.0,2.0,92.0,18125.0,1200000.0,0.3895833333333333
3085,Yarraville,2017-07-22,House,900000.0,2,1.0,3.0,463.0,1943.8444924406049,982500.0,-0.0839694656488549
3086,Yarraville,2017-07-22,House,1407000.0,4,2.0,2.0,446.0,3154.708520179372,982500.0,0.43206106870229
3087,Yarraville,2017-07-22,House,1044000.0,2,1.0,0.0,197.0,5299.492385786802,982500.0,0.0625954198473282
3088,Balwyn North,2017-07-29,Unit,1600000.0,3,2.0,2.0,314.0,5095.541401273886,1740000.0,-0.0804597701149425
3089,Balwyn North,2017-07-29,Unit,950000.0,2,1.0,1.0,327.0,2905.1987767584096,1740000.0,-0.4540229885057471
3090,Balwyn North,2017-07-29,House,1755000.0,4,2.0,2.0,605.0,2900.8264462809916,1740000.0,0.0086206896551724
3091,Bentleigh,2017-07-29,Townhouse,1435000.0,3,3.0,2.0,307.0,4674.267100977198,1307000.0,0.0979342004590665
3092,Bentleigh East,2017-07-29,Unit,592000.0,2,1.0,1.0,121.0,4892.561983471074,1100000.0,-0.4618181818181818
3093,Bentleigh East,2017-07-29,House,900000.0,3,2.0,2.0,264.0,3409.090909090909,1100000.0,-0.1818181818181818
3094,Bentleigh East,2017-07-29,House,1780000.0,4,2.0,2.0,577.0,3084.9220103986136,1100000.0,0.6181818181818182
3095,Bentleigh East,2017-07-29,Townhouse,1260000.0,3,2.0,2.0,669.0,1883.408071748879,1100000.0,0.1454545454545454
3096,Brighton,2017-07-29,Unit,845000.0,2,1.0,1.0,100.0,8450.0,1961000.0,-0.5690973992860785
3097,Brighton,2017-07-29,Unit,760000.0,2,1.0,1.0,138.0,5507.246376811594,1961000.0,-0.6124426313105559
3098,Brighton,2017-07-29,House,1240000.0,3,2.0,2.0,206.0,6019.417475728155,1961000.0,-0.3676695563488016
3099,Brunswick,2017-07-29,House,650000.0,2,1.0,1.0,108.0,6018.518518518518,1037000.0,-0.3731918997107039
3100,Brunswick,2017-07-29,House,1080000.0,4,2.0,0.0,256.0,4218.75,1037000.0,0.0414657666345226
3101,Camberwell,2017-07-29,Townhouse,1280000.0,3,2.0,2.0,186.0,6881.720430107527,1800000.0,-0.2888888888888888
3102,Camberwell,2017-07-29,House,2400000.0,5,2.0,0.0,633.0,3791.469194312797,1800000.0,0.3333333333333333
3103,Camberwell,2017-07-29,Unit,682000.0,2,1.0,1.0,1106.0,616.6365280289331,1800000.0,-0.6211111111111111
3104,Camberwell,2017-07-29,House,2500000.0,4,2.0,3.0,947.0,2639.9155227032734,1800000.0,0.3888888888888889
3105,Camberwell,2017-07-29,Unit,682000.0,3,1.0,2.0,2863.0,238.2116660845267,1800000.0,-0.6211111111111111
3106,Camberwell,2017-07-29,Unit,600800.0,2,1.0,1.0,1625.0,369.7230769230769,1800000.0,-0.6662222222222223
3107,Coburg,2017-07-29,House,650000.0,2,1.0,1.0,149.0,4362.416107382551,944000.0,-0.3114406779661017
3108,Coburg,2017-07-29,House,1400000.0,4,2.0,2.0,426.0,3286.3849765258215,944000.0,0.4830508474576271
3109,Coburg,2017-07-29,House,996000.0,2,1.0,1.0,476.0,2092.436974789916,944000.0,0.0550847457627118
3110,Coburg,2017-07-29,Unit,430000.0,1,1.0,1.0,103.0,4174.757281553398,944000.0,-0.5444915254237288
3111,Essendon,2017-07-29,Townhouse,1002000.0,3,2.0,2.0,292.0,3431.5068493150684,1165000.0,-0.1399141630901287
3112,Essendon,2017-07-29,House,1315000.0,3,3.0,1.0,226.0,5818.58407079646,1165000.0,0.1287553648068669
3113,Essendon,2017-07-29,Unit,550000.0,2,1.0,1.0,1032.0,532.9457364341085,1165000.0,-0.5278969957081545
3114,Essendon,2017-07-29,House,1875000.0,3,1.0,2.0,828.0,2264.4927536231885,1165000.0,0.6094420600858369
3115,Glen Iris,2017-07-29,House,1908000.0,4,1.0,1.0,702.0,2717.948717948718,1750500.0,0.0899742930591259
3116,Glen Iris,2017-07-29,Townhouse,955000.0,2,1.0,1.0,197.0,4847.715736040609,1750500.0,-0.4544415881176806
3117,Glenroy,2017-07-29,House,820000.0,3,1.0,4.0,650.0,1261.5384615384614,677500.0,0.2103321033210332
3118,Glenroy,2017-07-29,House,760000.0,3,1.0,4.0,625.0,1216.0,677500.0,0.1217712177121771
3119,Glenroy,2017-07-29,House,680000.0,3,1.0,1.0,422.0,1611.3744075829384,677500.0,0.003690036900369
3120,Glenroy,2017-07-29,House,629500.0,3,1.0,1.0,610.0,1031.967213114754,677500.0,-0.0708487084870848
3121,Kew,2017-07-29,Townhouse,1405000.0,3,2.0,2.0,325.0,4323.076923076923,1950000.0,-0.2794871794871795
3122,Kew,2017-07-29,House,3015000.0,4,2.0,2.0,813.0,3708.487084870849,1950000.0,0.5461538461538461
3123,Moonee Ponds,2017-07-29,House,1400000.0,4,2.0,1.0,375.0,3733.3333333333335,1240000.0,0.1290322580645161
3124,Moonee Ponds,2017-07-29,House,1245000.0,3,1.0,0.0,234.0,5320.51282051282,1240000.0,0.0040322580645161
3125,Newport,2017-07-29,Townhouse,950000.0,3,2.0,2.0,211.0,4502.369668246445,984000.0,-0.0345528455284552
3126,Newport,2017-07-29,Unit,582000.0,2,1.0,1.0,963.0,604.3613707165109,984000.0,-0.4085365853658536
3127,Northcote,2017-07-29,House,950000.0,2,1.0,0.0,114.0,8333.333333333334,1302500.0,-0.2706333973128599
3128,Northcote,2017-07-29,House,1610000.0,3,1.0,4.0,693.0,2323.2323232323233,1302500.0,0.236084452975048
3129,Northcote,2017-07-29,House,1515000.0,4,1.0,2.0,318.0,4764.1509433962265,1302500.0,0.1631477927063339
3130,Pascoe Vale,2017-07-29,Unit,541000.0,2,1.0,1.0,133.0,4067.66917293233,770000.0,-0.2974025974025974
3131,Pascoe Vale,2017-07-29,Unit,565000.0,2,1.0,2.0,189.0,2989.4179894179892,770000.0,-0.2662337662337662
3132,Pascoe Vale,2017-07-29,House,840000.0,3,1.0,1.0,438.0,1917.8082191780825,770000.0,0.0909090909090909
3133,Pascoe Vale,2017-07-29,House,940000.0,3,1.0,1.0,559.0,1681.574239713775,770000.0,0.2207792207792207
3134,Preston,2017-07-29,House,1485000.0,4,1.0,2.0,509.0,2917.4852652259333,910000.0,0.6318681318681318
3135,Preston,2017-07-29,House,1350000.0,7,3.0,4.0,530.0,2547.169811320755,910000.0,0.4835164835164835
3136,Preston,2017-07-29,House,905000.0,3,1.0,1.0,473.0,1913.3192389006344,910000.0,-0.0054945054945054
3137,Preston,2017-07-29,House,1045000.0,3,1.0,2.0,520.0,2009.6153846153843,910000.0,0.1483516483516483
3138,Reservoir,2017-07-29,House,905000.0,4,1.0,2.0,870.0,1040.2298850574712,705000.0,0.2836879432624113
3139,Reservoir,2017-07-29,House,875000.0,2,1.0,2.0,519.0,1685.9344894026974,705000.0,0.2411347517730496
3140,Reservoir,2017-07-29,House,670000.0,3,2.0,1.0,536.0,1250.0,705000.0,-0.0496453900709219
3141,Reservoir,2017-07-29,House,605000.0,3,1.0,1.0,540.0,1120.3703703703704,705000.0,-0.1418439716312056
3142,Reservoir,2017-07-29,Townhouse,672000.0,2,1.0,1.0,243.0,2765.432098765432,705000.0,-0.0468085106382978
3143,Richmond,2017-07-29,Unit,660000.0,2,1.0,1.0,4422.0,149.2537313432836,1200000.0,-0.45
3144,Richmond,2017-07-29,House,1310000.0,3,1.0,1.0,209.0,6267.942583732058,1200000.0,0.0916666666666666
3145,Yarraville,2017-07-29,House,750000.0,2,1.0,2.0,269.0,2788.104089219331,982500.0,-0.2366412213740458
3146,Yarraville,2017-07-29,House,2450000.0,6,3.0,2.0,1087.0,2253.909843606256,982500.0,1.4936386768447838
3147,Balwyn North,2017-09-03,House,1785000.0,3,2.0,3.0,683.0,2613.4699853587117,1740000.0,0.0258620689655172
3148,Balwyn North,2017-09-03,House,2650000.0,4,2.0,2.0,996.0,2660.6425702811243,1740000.0,0.5229885057471264
3149,Balwyn North,2017-09-03,House,1951000.0,5,3.0,3.0,711.0,2744.0225035161743,1740000.0,0.1212643678160919
3150,Balwyn North,2017-09-03,House,1950000.0,5,3.0,2.0,743.0,2624.4952893674295,1740000.0,0.1206896551724138
3151,Bentleigh East,2017-09-03,House,1216000.0,4,1.0,2.0,583.0,2085.7632933104633,1100000.0,0.1054545454545454
3152,Bentleigh East,2017-09-03,House,1575000.0,2,1.0,5.0,587.0,2683.1345826235092,1100000.0,0.4318181818181818
3153,Bentleigh East,2017-09-03,House,1470000.0,3,2.0,2.0,616.0,2386.3636363636365,1100000.0,0.3363636363636363
3154,Brighton,2017-09-03,House,5500000.0,5,5.0,2.0,830.0,6626.506024096386,1961000.0,1.804691483936767
3155,Brighton East,2017-09-03,House,2515000.0,4,2.0,2.0,583.0,4313.893653516295,1600000.0,0.571875
3156,Brighton East,2017-09-03,Unit,817500.0,2,1.0,1.0,111.0,7364.864864864865,1600000.0,-0.4890625
3157,Brighton East,2017-09-03,House,1590000.0,3,2.0,3.0,594.0,2676.7676767676767,1600000.0,-0.00625
3158,Brighton East,2017-09-03,House,1775000.0,3,1.0,1.0,602.0,2948.504983388704,1600000.0,0.109375
3159,Brunswick,2017-09-03,House,1200000.0,3,2.0,1.0,249.0,4819.277108433735,1037000.0,0.1571841851494696
3160,Brunswick,2017-09-03,House,800000.0,2,1.0,0.0,140.0,5714.285714285715,1037000.0,-0.2285438765670202
3161,Camberwell,2017-09-03,House,4060000.0,4,3.0,2.0,947.0,4287.222808870116,1800000.0,1.2555555555555555
3162,Camberwell,2017-09-03,Unit,692500.0,2,1.0,1.0,145.0,4775.862068965517,1800000.0,-0.6152777777777778
3163,Coburg,2017-09-03,House,1055000.0,4,1.0,1.0,560.0,1883.928571428571,944000.0,0.1175847457627118
3164,Coburg,2017-09-03,House,1080000.0,4,1.0,1.0,452.0,2389.380530973451,944000.0,0.1440677966101695
3165,Coburg,2017-09-03,House,1210000.0,3,1.0,4.0,460.0,2630.4347826086955,944000.0,0.2817796610169492
3166,Coburg,2017-09-03,Townhouse,631000.0,2,2.0,1.0,1965.0,321.11959287531806,944000.0,-0.3315677966101695
3167,Essendon,2017-09-03,Townhouse,1185000.0,4,3.0,1.0,205.0,5780.487804878048,1165000.0,0.0171673819742489
3168,Essendon,2017-09-03,House,2100000.0,4,2.0,3.0,920.0,2282.608695652174,1165000.0,0.8025751072961373
3169,Essendon,2017-09-03,House,900000.0,4,1.0,1.0,478.0,1882.8451882845188,1165000.0,-0.2274678111587982
3170,Essendon,2017-09-03,House,1500000.0,3,1.0,2.0,649.0,2311.248073959938,1165000.0,0.2875536480686695
3171,Glen Iris,2017-09-03,House,1300000.0,3,2.0,2.0,400.0,3250.0,1750500.0,-0.2573550414167381
3172,Glen Iris,2017-09-03,House,2825000.0,4,2.0,2.0,728.0,3880.4945054945056,1750500.0,0.6138246215367038
3173,Glen Iris,2017-09-03,House,1770000.0,4,3.0,2.0,276.0,6413.04347826087,1750500.0,0.0111396743787489
3174,Glen Iris,2017-09-03,House,1910000.0,2,1.0,1.0,848.0,2252.3584905660377,1750500.0,0.0911168237646386
3175,Glen Iris,2017-09-03,House,1850000.0,3,1.0,1.0,645.0,2868.217054263566,1750500.0,0.0568409025992573
3176,Glen Iris,2017-09-03,House,2152500.0,3,2.0,2.0,656.0,3281.25,1750500.0,0.2296486718080548
3177,Glen Iris,2017-09-03,Townhouse,1160000.0,3,2.0,2.0,203.0,5714.285714285715,1750500.0,-0.3373321908026278
3178,Glenroy,2017-09-03,House,815000.0,3,1.0,1.0,697.0,1169.296987087518,677500.0,0.2029520295202952
3179,Glenroy,2017-09-03,House,835000.0,4,1.0,3.0,649.0,1286.5947611710324,677500.0,0.2324723247232472
3180,Glenroy,2017-09-03,House,830000.0,3,1.0,2.0,655.0,1267.175572519084,677500.0,0.2250922509225092
3181,Glenroy,2017-09-03,House,815000.0,3,1.0,3.0,760.0,1072.3684210526317,677500.0,0.2029520295202952
3182,Glenroy,2017-09-03,House,780000.0,3,1.0,3.0,618.0,1262.1359223300972,677500.0,0.1512915129151291
3183,Kew,2017-09-03,House,3060000.0,4,2.0,2.0,838.0,3651.5513126491646,1950000.0,0.5692307692307692
3184,Kew,2017-09-03,House,1690000.0,4,2.0,4.0,350.0,4828.571428571428,1950000.0,-0.1333333333333333
3185,Moonee Ponds,2017-09-03,House,1210000.0,3,2.0,0.0,411.0,2944.0389294403894,1240000.0,-0.0241935483870967
3186,Moonee Ponds,2017-09-03,House,1450000.0,4,2.0,3.0,465.0,3118.2795698924733,1240000.0,0.1693548387096774
3187,Newport,2017-09-03,House,1180000.0,4,1.0,0.0,545.0,2165.137614678899,984000.0,0.1991869918699187
3188,Newport,2017-09-03,Townhouse,940000.0,4,2.0,2.0,510.0,1843.137254901961,984000.0,-0.0447154471544715
3189,Northcote,2017-09-03,House,1386000.0,2,1.0,0.0,270.0,5133.333333333333,1302500.0,0.0641074856046065
3190,Northcote,2017-09-03,House,1700000.0,4,3.0,4.0,422.0,4028.436018957346,1302500.0,0.3051823416506717
3191,Pascoe Vale,2017-09-03,Townhouse,676000.0,3,2.0,2.0,122.0,5540.983606557377,770000.0,-0.122077922077922
3192,Pascoe Vale,2017-09-03,Townhouse,500000.0,2,2.0,1.0,74.0,6756.756756756757,770000.0,-0.3506493506493506
3193,Pascoe Vale,2017-09-03,House,1010000.0,3,1.0,2.0,673.0,1500.74294205052,770000.0,0.3116883116883117
3194,Pascoe Vale,2017-09-03,House,1375000.0,4,2.0,2.0,1031.0,1333.6566440349177,770000.0,0.7857142857142857
3195,Reservoir,2017-09-03,House,750000.0,4,1.0,6.0,953.0,786.9884575026233,705000.0,0.0638297872340425
3196,Reservoir,2017-09-03,House,861000.0,3,2.0,3.0,488.0,1764.344262295082,705000.0,0.2212765957446808
3197,Reservoir,2017-09-03,House,612500.0,3,1.0,1.0,170.0,3602.941176470588,705000.0,-0.1312056737588652
3198,Reservoir,2017-09-03,House,906000.0,3,1.0,2.0,741.0,1222.672064777328,705000.0,0.2851063829787234
3199,Reservoir,2017-09-03,House,758000.0,3,1.0,2.0,558.0,1358.4229390681005,705000.0,0.075177304964539
3200,Reservoir,2017-09-03,House,900000.0,4,1.0,4.0,646.0,1393.188854489164,705000.0,0.2765957446808511
3201,Reservoir,2017-09-03,House,762000.0,2,1.0,1.0,556.0,1370.5035971223022,705000.0,0.0808510638297872
3202,Richmond,2017-09-03,House,2368000.0,4,1.0,3.0,390.0,6071.794871794872,1200000.0,0.9733333333333334
3203,Yarraville,2017-09-03,House,890000.0,3,1.0,0.0,338.0,2633.1360946745563,982500.0,-0.094147582697201
3204,Balwyn North,2017-09-09,House,1950000.0,4,3.0,1.0,747.0,2610.4417670682733,1740000.0,0.1206896551724138
3205,Balwyn North,2017-09-09,House,2000000.0,4,2.0,5.0,700.0,2857.1428571428573,1740000.0,0.1494252873563218
3206,Bentleigh,2017-09-09,House,1532000.0,3,1.0,2.0,628.0,2439.4904458598726,1307000.0,0.1721499617444529
3207,Bentleigh,2017-09-09,House,2151000.0,4,3.0,2.0,811.0,2652.281134401973,1307000.0,0.6457536342769702
3208,Coburg,2017-09-09,House,1326000.0,3,1.0,2.0,524.0,2530.5343511450383,944000.0,0.4046610169491525
3209,Essendon,2017-09-09,House,993000.0,3,2.0,2.0,595.0,1668.90756302521,1165000.0,-0.1476394849785407
3210,Glen Iris,2017-09-09,House,2200000.0,3,2.0,2.0,705.0,3120.567375886525,1750500.0,0.2567837760639817
3211,Glen Iris,2017-09-09,House,3000000.0,5,3.0,2.0,775.0,3870.967741935484,1750500.0,0.713796058269066
3212,Glen Iris,2017-09-09,House,3200000.0,4,3.0,2.0,858.0,3729.60372960373,1750500.0,0.8280491288203371
3213,Glen Iris,2017-09-09,Townhouse,965000.0,2,2.0,1.0,704.0,1370.7386363636365,1750500.0,-0.4487289345901171
3214,Glenroy,2017-09-09,House,932000.0,3,1.0,1.0,639.0,1458.528951486698,677500.0,0.3756457564575646
3215,Glenroy,2017-09-09,House,605000.0,2,1.0,2.0,378.0,1600.5291005291006,677500.0,-0.1070110701107011
3216,Kew,2017-09-09,House,1950000.0,3,1.0,3.0,706.0,2762.0396600566573,1950000.0,0.0
3217,Moonee Ponds,2017-09-09,House,1205000.0,3,1.0,1.0,375.0,3213.3333333333335,1240000.0,-0.0282258064516129
3218,Moonee Ponds,2017-09-09,House,1240000.0,3,2.0,2.0,784.0,1581.6326530612246,1240000.0,0.0
3219,Newport,2017-09-09,House,1567000.0,4,2.0,2.0,409.0,3831.2958435207825,984000.0,0.592479674796748
3220,Newport,2017-09-09,House,980000.0,4,3.0,2.0,622.0,1575.5627009646305,984000.0,-0.0040650406504065
3221,Northcote,2017-09-09,House,1341500.0,3,1.0,1.0,272.0,4931.985294117647,1302500.0,0.0299424184261036
3222,Northcote,2017-09-09,House,1685000.0,4,1.0,1.0,442.0,3812.217194570136,1302500.0,0.2936660268714011
3223,Pascoe Vale,2017-09-09,House,850000.0,3,1.0,3.0,446.0,1905.829596412556,770000.0,0.1038961038961039
3224,Preston,2017-09-09,House,1072500.0,3,1.0,2.0,588.0,1823.9795918367347,910000.0,0.1785714285714285
3225,Preston,2017-09-09,House,920000.0,3,1.0,2.0,465.0,1978.494623655914,910000.0,0.0109890109890109
3226,Reservoir,2017-09-09,House,750000.0,3,1.0,3.0,611.0,1227.495908346972,705000.0,0.0638297872340425
3227,Reservoir,2017-09-09,House,755000.0,3,1.0,1.0,482.0,1566.390041493776,705000.0,0.0709219858156028
3228,Reservoir,2017-09-09,House,680000.0,2,1.0,2.0,576.0,1180.5555555555557,705000.0,-0.0354609929078014
3229,Reservoir,2017-09-09,House,870000.0,3,1.0,2.0,741.0,1174.089068825911,705000.0,0.2340425531914893
3230,Richmond,2017-09-09,House,1525000.0,3,2.0,0.0,195.0,7820.51282051282,1200000.0,0.2708333333333333
3231,Richmond,2017-09-09,House,1200000.0,3,1.0,1.0,151.0,7947.019867549669,1200000.0,0.0
3232,Richmond,2017-09-09,Unit,592000.0,2,2.0,1.0,14294.0,41.41597873233525,1200000.0,-0.5066666666666667
3233,Yarraville,2017-09-09,House,826000.0,3,2.0,2.0,492.0,1678.861788617886,982500.0,-0.1592875318066157
3234,Yarraville,2017-09-09,House,800000.0,4,2.0,2.0,277.0,2888.086642599278,982500.0,-0.1857506361323155
3235,Yarraville,2017-09-09,House,1100000.0,3,1.0,0.0,221.0,4977.37556561086,982500.0,0.1195928753180661
3236,Balwyn North,2017-09-16,House,2350000.0,3,2.0,2.0,625.0,3760.0,1740000.0,0.3505747126436782
3237,Balwyn North,2017-09-16,Unit,905000.0,2,1.0,1.0,132.0,6856.060606060606,1740000.0,-0.4798850574712643
3238,Bentleigh,2017-09-16,House,2210000.0,4,3.0,2.0,557.0,3967.6840215439856,1307000.0,0.6908951798010712
3239,Bentleigh,2017-09-16,House,1450000.0,4,2.0,2.0,689.0,2104.499274310595,1307000.0,0.1094108645753634
3240,Bentleigh East,2017-09-16,House,1520000.0,4,2.0,2.0,648.0,2345.679012345679,1100000.0,0.3818181818181818
3241,Bentleigh East,2017-09-16,House,1070000.0,3,1.0,3.0,585.0,1829.059829059829,1100000.0,-0.0272727272727272
3242,Brighton,2017-09-16,House,1342000.0,3,1.0,3.0,287.0,4675.95818815331,1961000.0,-0.3156552779194289
3243,Brighton,2017-09-16,Townhouse,1960000.0,3,2.0,2.0,709.0,2764.456981664316,1961000.0,-0.0005099439061703
3244,Brighton,2017-09-16,House,2410000.0,4,3.0,4.0,569.0,4235.500878734622,1961000.0,0.2289648138704742
3245,Brunswick,2017-09-16,House,911000.0,2,1.0,1.0,132.0,6901.515151515152,1037000.0,-0.1215043394406943
3246,Brunswick,2017-09-16,Townhouse,640000.0,2,1.0,1.0,82.0,7804.878048780488,1037000.0,-0.3828351012536162
3247,Brunswick,2017-09-16,House,1820000.0,4,2.0,2.0,317.0,5741.324921135647,1037000.0,0.7550626808100289
3248,Brunswick,2017-09-16,Unit,170000.0,1,1.0,0.0,1250.0,136.0,1037000.0,-0.8360655737704918
3249,Camberwell,2017-09-16,House,2835000.0,6,3.0,2.0,794.0,3570.528967254408,1800000.0,0.575
3250,Camberwell,2017-09-16,House,2770000.0,3,2.0,2.0,593.0,4671.163575042158,1800000.0,0.5388888888888889
3251,Camberwell,2017-09-16,House,2450000.0,5,3.0,2.0,570.0,4298.245614035088,1800000.0,0.3611111111111111
3252,Coburg,2017-09-16,House,975000.0,4,2.0,2.0,301.0,3239.202657807309,944000.0,0.0328389830508474
3253,Coburg,2017-09-16,Townhouse,880000.0,3,1.0,1.0,771.0,1141.3748378728924,944000.0,-0.0677966101694915
3254,Essendon,2017-09-16,Townhouse,770000.0,3,1.0,1.0,116.0,6637.931034482759,1165000.0,-0.3390557939914163
3255,Essendon,2017-09-16,House,1150000.0,3,1.0,2.0,658.0,1747.720364741641,1165000.0,-0.0128755364806866
3256,Glen Iris,2017-09-16,House,1738000.0,3,2.0,2.0,692.0,2511.5606936416184,1750500.0,-0.0071408169094544
3257,Glen Iris,2017-09-16,Townhouse,965000.0,2,2.0,1.0,704.0,1370.7386363636365,1750500.0,-0.4487289345901171
3258,Glen Iris,2017-09-16,Townhouse,1333000.0,3,2.0,1.0,344.0,3875.0,1750500.0,-0.2385032847757783
3259,Glen Iris,2017-09-16,House,1366000.0,2,2.0,1.0,241.0,5668.04979253112,1750500.0,-0.2196515281348186
3260,Glenroy,2017-09-16,House,605000.0,2,1.0,6.0,589.0,1027.1646859083191,677500.0,-0.1070110701107011
3261,Kew,2017-09-16,House,2375000.0,4,3.0,2.0,481.0,4937.629937629938,1950000.0,0.2179487179487179
3262,Kew,2017-09-16,House,1950000.0,3,2.0,2.0,460.0,4239.130434782609,1950000.0,0.0
3263,Kew,2017-09-16,House,5065000.0,5,4.0,2.0,892.0,5678.251121076233,1950000.0,1.5974358974358975
3264,Moonee Ponds,2017-09-16,House,1200000.0,4,1.0,1.0,455.0,2637.3626373626375,1240000.0,-0.032258064516129
3265,Moonee Ponds,2017-09-16,House,1007500.0,3,1.0,1.0,450.0,2238.8888888888887,1240000.0,-0.1875
3266,Newport,2017-09-16,House,1262000.0,3,2.0,2.0,343.0,3679.30029154519,984000.0,0.282520325203252
3267,Newport,2017-09-16,House,1210000.0,4,1.0,0.0,325.0,3723.076923076923,984000.0,0.2296747967479674
3268,Northcote,2017-09-16,House,1320000.0,3,1.0,1.0,227.0,5814.977973568282,1302500.0,0.0134357005758157
3269,Northcote,2017-09-16,House,1325000.0,2,1.0,0.0,315.0,4206.349206349207,1302500.0,0.0172744721689059
3270,Northcote,2017-09-16,House,780000.0,2,1.0,0.0,242.0,3223.1404958677685,1302500.0,-0.401151631477927
3271,Pascoe Vale,2017-09-16,House,850000.0,3,1.0,1.0,712.0,1193.8202247191011,770000.0,0.1038961038961039
3272,Pascoe Vale,2017-09-16,House,1160000.0,3,2.0,2.0,480.0,2416.6666666666665,770000.0,0.5064935064935064
3273,Preston,2017-09-16,House,1035000.0,3,1.0,2.0,696.0,1487.0689655172414,910000.0,0.1373626373626373
3274,Preston,2017-09-16,House,880000.0,3,1.0,0.0,480.0,1833.3333333333333,910000.0,-0.0329670329670329
3275,Reservoir,2017-09-16,House,930000.0,3,1.0,2.0,735.0,1265.3061224489795,705000.0,0.3191489361702128
3276,Reservoir,2017-09-16,House,912000.0,4,1.0,2.0,871.0,1047.0723306544205,705000.0,0.2936170212765957
3277,Reservoir,2017-09-16,House,900000.0,3,1.0,1.0,694.0,1296.8299711815562,705000.0,0.2765957446808511
3278,Reservoir,2017-09-16,House,935000.0,3,1.0,2.0,768.0,1217.4479166666667,705000.0,0.3262411347517731
3279,Reservoir,2017-09-16,Unit,465000.0,2,1.0,1.0,676.0,687.8698224852071,705000.0,-0.3404255319148936
3280,Reservoir,2017-09-16,House,920000.0,2,1.0,2.0,665.0,1383.4586466165413,705000.0,0.3049645390070922
3281,Richmond,2017-09-16,Townhouse,1500000.0,3,2.0,2.0,72.0,20833.333333333332,1200000.0,0.25
3282,Richmond,2017-09-16,House,1200000.0,2,1.0,0.0,135.0,8888.888888888889,1200000.0,0.0
3283,Yarraville,2017-09-16,House,921000.0,2,1.0,0.0,161.0,5720.496894409938,982500.0,-0.0625954198473282
3284,Yarraville,2017-09-16,House,1190000.0,3,1.0,2.0,515.0,2310.6796116504856,982500.0,0.2111959287531806
3285,Balwyn North,2017-08-19,House,1900000.0,3,1.0,1.0,912.0,2083.3333333333335,1740000.0,0.0919540229885057
3286,Balwyn North,2017-08-19,House,2000000.0,4,3.0,4.0,958.0,2087.6826722338205,1740000.0,0.1494252873563218
3287,Balwyn North,2017-08-19,House,2400000.0,4,2.0,2.0,746.0,3217.1581769437,1740000.0,0.3793103448275862
3288,Balwyn North,2017-08-19,House,2270000.0,4,2.0,2.0,654.0,3470.9480122324157,1740000.0,0.3045977011494253
3289,Balwyn North,2017-08-19,House,2600000.0,5,4.0,2.0,708.0,3672.316384180791,1740000.0,0.4942528735632184
3290,Balwyn North,2017-08-19,House,2321000.0,3,1.0,2.0,923.0,2514.626218851571,1740000.0,0.3339080459770115
3291,Balwyn North,2017-08-19,House,1890000.0,3,2.0,1.0,632.0,2990.506329113924,1740000.0,0.0862068965517241
3292,Bentleigh,2017-08-19,House,1895000.0,4,2.0,2.0,557.0,3402.1543985637345,1307000.0,0.449885233358837
3293,Bentleigh East,2017-08-19,House,1115000.0,4,1.0,2.0,579.0,1925.73402417962,1100000.0,0.0136363636363636
3294,Bentleigh East,2017-08-19,Townhouse,1280000.0,3,2.0,2.0,335.0,3820.89552238806,1100000.0,0.1636363636363636
3295,Bentleigh East,2017-08-19,Unit,690000.0,2,2.0,1.0,212.0,3254.7169811320755,1100000.0,-0.3727272727272727
3296,Bentleigh East,2017-08-19,House,1595000.0,4,1.0,2.0,581.0,2745.2667814113597,1100000.0,0.45
3297,Brighton,2017-08-19,House,3100000.0,4,4.0,4.0,753.0,4116.8658698539175,1961000.0,0.5808261091279959
3298,Brighton,2017-08-19,House,1850000.0,4,3.0,3.0,421.0,4394.299287410927,1961000.0,-0.0566037735849056
3299,Brighton,2017-08-19,House,2770000.0,4,3.0,2.0,560.0,4946.428571428572,1961000.0,0.4125446200917899
3300,Brighton East,2017-08-19,House,1300000.0,4,3.0,2.0,221.0,5882.35294117647,1600000.0,-0.1875
3301,Brunswick,2017-08-19,House,905000.0,3,1.0,1.0,277.0,3267.148014440433,1037000.0,-0.1272902603664416
3302,Coburg,2017-08-19,House,880000.0,3,1.0,1.0,379.0,2321.8997361477573,944000.0,-0.0677966101694915
3303,Coburg,2017-08-19,House,1070000.0,3,1.0,2.0,392.0,2729.591836734694,944000.0,0.1334745762711864
3304,Coburg,2017-08-19,House,1500000.0,5,3.0,4.0,900.0,1666.6666666666667,944000.0,0.5889830508474576
3305,Coburg,2017-08-19,House,1085000.0,4,2.0,1.0,430.0,2523.2558139534885,944000.0,0.149364406779661
3306,Essendon,2017-08-19,House,1600000.0,4,4.0,3.0,543.0,2946.5930018416207,1165000.0,0.3733905579399141
3307,Glen Iris,2017-08-19,House,708000.0,2,1.0,1.0,151.0,4688.741721854305,1750500.0,-0.5955441302485004
3308,Glen Iris,2017-08-19,House,1300000.0,3,1.0,2.0,403.0,3225.8064516129034,1750500.0,-0.2573550414167381
3309,Glen Iris,2017-08-19,House,1307500.0,3,1.0,1.0,316.0,4137.658227848101,1750500.0,-0.2530705512710654
3310,Glen Iris,2017-08-19,House,1390000.0,3,2.0,1.0,303.0,4587.458745874587,1750500.0,-0.2059411596686661
3311,Glenroy,2017-08-19,House,831000.0,4,3.0,3.0,708.0,1173.728813559322,677500.0,0.2265682656826568
3312,Glenroy,2017-08-19,House,570000.0,3,1.0,1.0,308.0,1850.6493506493507,677500.0,-0.1586715867158671
3313,Glenroy,2017-08-19,House,805000.0,2,1.0,4.0,712.0,1130.6179775280898,677500.0,0.1881918819188192
3314,Kew,2017-08-19,House,2180000.0,3,1.0,2.0,372.0,5860.215053763441,1950000.0,0.1179487179487179
3315,Kew,2017-08-19,House,4000000.0,4,2.0,3.0,792.0,5050.50505050505,1950000.0,1.051282051282051
3316,Kew,2017-08-19,House,1775000.0,3,2.0,4.0,733.0,2421.555252387449,1950000.0,-0.0897435897435897
3317,Pascoe Vale,2017-08-19,House,980000.0,3,1.0,1.0,546.0,1794.871794871795,770000.0,0.2727272727272727
3318,Pascoe Vale,2017-08-19,Townhouse,585500.0,2,1.0,1.0,100.0,5855.0,770000.0,-0.2396103896103896
3319,Preston,2017-08-19,House,961000.0,3,1.0,2.0,529.0,1816.6351606805292,910000.0,0.056043956043956
3320,Preston,2017-08-19,House,1001000.0,3,1.0,2.0,464.0,2157.3275862068967,910000.0,0.1
3321,Reservoir,2017-08-19,House,876000.0,3,1.0,2.0,653.0,1341.500765696784,705000.0,0.2425531914893617
3322,Reservoir,2017-08-19,House,866000.0,4,2.0,4.0,576.0,1503.4722222222222,705000.0,0.2283687943262411
3323,Reservoir,2017-08-19,House,775500.0,3,1.0,3.0,586.0,1323.3788395904437,705000.0,0.1
3324,Reservoir,2017-08-19,House,920000.0,4,2.0,2.0,743.0,1238.2234185733512,705000.0,0.3049645390070922
3325,Balwyn North,2017-09-23,House,1400000.0,4,2.0,1.0,629.0,2225.7551669316376,1740000.0,-0.1954022988505747
3326,Bentleigh,2017-09-23,House,1915000.0,5,2.0,2.0,590.0,3245.762711864407,1307000.0,0.4651874521805662
3327,Bentleigh,2017-09-23,House,1410000.0,4,3.0,4.0,623.0,2263.242375601926,1307000.0,0.0788064269319051
3328,Bentleigh East,2017-09-23,House,1020000.0,2,1.0,2.0,597.0,1708.5427135678392,1100000.0,-0.0727272727272727
3329,Bentleigh East,2017-09-23,House,1675000.0,4,2.0,2.0,400.0,4187.5,1100000.0,0.5227272727272727
3330,Brighton East,2017-09-23,House,2750000.0,5,3.0,3.0,626.0,4392.97124600639,1600000.0,0.71875
3331,Brunswick,2017-09-23,House,1150000.0,3,1.0,1.0,360.0,3194.4444444444443,1037000.0,0.1089681774349083
3332,Brunswick,2017-09-23,House,1280000.0,3,1.0,2.0,212.0,6037.735849056604,1037000.0,0.2343297974927676
3333,Brunswick,2017-09-23,House,1325000.0,3,1.0,1.0,331.0,4003.0211480362536,1037000.0,0.2777242044358727
3334,Brunswick,2017-09-23,House,1630000.0,4,2.0,1.0,278.0,5863.309352517986,1037000.0,0.5718418514946962
3335,Brunswick,2017-09-23,House,1275000.0,4,1.0,2.0,518.0,2461.389961389961,1037000.0,0.2295081967213114
3336,Brunswick,2017-09-23,House,1770000.0,4,2.0,3.0,461.0,3839.479392624729,1037000.0,0.7068466730954677
3337,Camberwell,2017-09-23,House,2850000.0,4,2.0,8.0,905.0,3149.171270718232,1800000.0,0.5833333333333334
3338,Camberwell,2017-09-23,House,2800000.0,5,2.0,2.0,768.0,3645.8333333333335,1800000.0,0.5555555555555556
3339,Coburg,2017-09-23,House,1000000.0,4,2.0,1.0,343.0,2915.451895043732,944000.0,0.059322033898305
3340,Coburg,2017-09-23,House,960000.0,3,1.0,3.0,491.0,1955.193482688391,944000.0,0.0169491525423728
3341,Essendon,2017-09-23,House,1710000.0,3,1.0,2.0,795.0,2150.943396226415,1165000.0,0.4678111587982833
3342,Glen Iris,2017-09-23,House,1285000.0,3,2.0,2.0,374.0,3435.8288770053477,1750500.0,-0.2659240217080834
3343,Glenroy,2017-09-23,House,850000.0,3,1.0,1.0,672.0,1264.8809523809523,677500.0,0.2546125461254612
3344,Glenroy,2017-09-23,House,1051000.0,3,2.0,2.0,913.0,1151.1500547645126,677500.0,0.5512915129151291
3345,Glenroy,2017-09-23,House,910000.0,2,1.0,1.0,718.0,1267.4094707520892,677500.0,0.3431734317343173
3346,Kew,2017-09-23,House,2450000.0,4,2.0,2.0,399.0,6140.350877192983,1950000.0,0.2564102564102564
3347,Kew,2017-09-23,House,2600000.0,3,1.0,2.0,780.0,3333.3333333333335,1950000.0,0.3333333333333333
3348,Kew,2017-09-23,Townhouse,955000.0,2,1.0,1.0,2835.0,336.86067019400355,1950000.0,-0.5102564102564102
3349,Kew,2017-09-23,House,1350000.0,3,2.0,1.0,275.0,4909.090909090909,1950000.0,-0.3076923076923077
3350,Kew,2017-09-23,House,1630000.0,2,1.0,0.0,284.0,5739.43661971831,1950000.0,-0.1641025641025641
3351,Moonee Ponds,2017-09-23,House,1162000.0,3,1.0,2.0,619.0,1877.221324717286,1240000.0,-0.0629032258064516
3352,Newport,2017-09-23,House,1130000.0,2,1.0,2.0,343.0,3294.460641399417,984000.0,0.1483739837398374
3353,Newport,2017-09-23,House,950000.0,3,1.0,1.0,344.0,2761.6279069767443,984000.0,-0.0345528455284552
3354,Northcote,2017-09-23,House,1360000.0,3,2.0,1.0,184.0,7391.304347826087,1302500.0,0.0441458733205374
3355,Northcote,2017-09-23,House,1300000.0,2,1.0,0.0,320.0,4062.5,1302500.0,-0.0019193857965451
3356,Northcote,2017-09-23,House,1550000.0,4,2.0,1.0,344.0,4505.813953488372,1302500.0,0.1900191938579654
3357,Northcote,2017-09-23,House,1015000.0,2,1.0,0.0,145.0,7000.0,1302500.0,-0.2207293666026871
3358,Northcote,2017-09-23,House,1350000.0,4,2.0,2.0,264.0,5113.636363636364,1302500.0,0.036468330134357
3359,Preston,2017-09-23,House,1150000.0,3,1.0,2.0,830.0,1385.5421686746988,910000.0,0.2637362637362637
3360,Preston,2017-09-23,House,820000.0,3,1.0,2.0,493.0,1663.286004056795,910000.0,-0.0989010989010989
3361,Preston,2017-09-23,House,950000.0,4,1.0,2.0,678.0,1401.1799410029498,910000.0,0.0439560439560439
3362,Reservoir,2017-09-23,House,901000.0,3,1.0,2.0,695.0,1296.4028776978416,705000.0,0.2780141843971631
3363,Reservoir,2017-09-23,House,680000.0,3,1.0,1.0,237.0,2869.1983122362867,705000.0,-0.0354609929078014
3364,Reservoir,2017-09-23,House,890000.0,3,1.0,2.0,725.0,1227.5862068965516,705000.0,0.2624113475177305
3365,Reservoir,2017-09-23,House,1190000.0,4,2.0,3.0,650.0,1830.7692307692307,705000.0,0.6879432624113475
3366,Reservoir,2017-09-23,House,855000.0,3,1.0,2.0,464.0,1842.6724137931035,705000.0,0.2127659574468085
3367,Reservoir,2017-09-23,House,785000.0,4,2.0,2.0,534.0,1470.0374531835207,705000.0,0.1134751773049645
3368,Reservoir,2017-09-23,House,1000000.0,5,2.0,6.0,892.0,1121.0762331838564,705000.0,0.4184397163120567
3369,Reservoir,2017-09-23,House,800000.0,3,1.0,1.0,633.0,1263.823064770932,705000.0,0.1347517730496454
3370,Reservoir,2017-09-23,House,1400000.0,3,1.0,6.0,667.0,2098.950524737631,705000.0,0.9858156028368794
3371,Richmond,2017-09-23,Unit,400000.0,1,1.0,1.0,4425.0,90.3954802259887,1200000.0,-0.6666666666666666
3372,Richmond,2017-09-23,House,1900000.0,3,1.0,1.0,300.0,6333.333333333333,1200000.0,0.5833333333333334
3373,Yarraville,2017-09-23,House,1300000.0,3,2.0,2.0,277.0,4693.140794223827,982500.0,0.3231552162849873
3374,Yarraville,2017-09-23,House,1360000.0,3,1.0,1.0,479.0,2839.248434237996,982500.0,0.3842239185750636
3375,Yarraville,2017-09-23,House,1455000.0,3,2.0,2.0,351.0,4145.2991452991455,982500.0,0.4809160305343511
3376,Balwyn North,2017-08-26,House,3000000.0,5,4.0,2.0,830.0,3614.4578313253014,1740000.0,0.7241379310344828
3377,Balwyn North,2017-08-26,House,1900000.0,3,1.0,1.0,663.0,2865.761689291101,1740000.0,0.0919540229885057
3378,Balwyn North,2017-08-26,House,2800000.0,5,2.0,2.0,1173.0,2387.0417732310316,1740000.0,0.6091954022988506
3379,Balwyn North,2017-08-26,House,1650000.0,4,2.0,3.0,868.0,1900.921658986175,1740000.0,-0.0517241379310344
3380,Bentleigh,2017-08-26,House,1300000.0,3,2.0,2.0,566.0,2296.819787985866,1307000.0,-0.0053557765876052
3381,Bentleigh East,2017-08-26,House,1800000.0,5,3.0,3.0,697.0,2582.496413199426,1100000.0,0.6363636363636364
3382,Bentleigh East,2017-08-26,Townhouse,1130000.0,4,2.0,2.0,270.0,4185.185185185185,1100000.0,0.0272727272727272
3383,Bentleigh East,2017-08-26,House,1370000.0,4,3.0,3.0,605.0,2264.4628099173556,1100000.0,0.2454545454545454
3384,Bentleigh East,2017-08-26,House,1311000.0,3,2.0,3.0,632.0,2074.3670886075947,1100000.0,0.1918181818181818
3385,Brighton,2017-08-26,House,3200000.0,4,3.0,2.0,635.0,5039.370078740158,1961000.0,0.6318204997450281
3386,Brighton,2017-08-26,House,2830000.0,4,2.0,2.0,700.0,4042.857142857142,1961000.0,0.4431412544620092
3387,Brighton,2017-08-26,House,2260000.0,4,2.0,2.0,881.0,2565.266742338252,1961000.0,0.152473227944926
3388,Brighton East,2017-08-26,House,2060000.0,3,1.0,3.0,685.0,3007.299270072993,1600000.0,0.2875
3389,Brighton East,2017-08-26,House,1650000.0,3,2.0,2.0,623.0,2648.475120385233,1600000.0,0.03125
3390,Brighton East,2017-08-26,House,1650000.0,5,2.0,5.0,773.0,2134.540750323415,1600000.0,0.03125
3391,Brunswick,2017-08-26,Unit,424000.0,1,1.0,0.0,334.0,1269.4610778443114,1037000.0,-0.5911282545805208
3392,Camberwell,2017-08-26,House,2385000.0,4,2.0,2.0,671.0,3554.3964232488825,1800000.0,0.325
3393,Coburg,2017-08-26,Townhouse,770000.0,2,1.0,1.0,600.0,1283.3333333333333,944000.0,-0.1843220338983051
3394,Essendon,2017-08-26,House,2335000.0,5,2.0,6.0,1012.0,2307.312252964427,1165000.0,1.0042918454935623
3395,Essendon,2017-08-26,House,1240000.0,3,1.0,2.0,476.0,2605.0420168067226,1165000.0,0.0643776824034334
3396,Essendon,2017-08-26,House,1580000.0,3,2.0,1.0,665.0,2375.93984962406,1165000.0,0.3562231759656652
3397,Glen Iris,2017-08-26,House,1700000.0,5,3.0,2.0,630.0,2698.4126984126983,1750500.0,-0.0288489003141959
3398,Glen Iris,2017-08-26,House,2690000.0,4,2.0,2.0,647.0,4157.650695517775,1750500.0,0.5367037989145959
3399,Glen Iris,2017-08-26,House,1688000.0,3,1.0,2.0,717.0,2354.2538354253834,1750500.0,-0.0357040845472722
3400,Glenroy,2017-08-26,House,725000.0,2,1.0,2.0,590.0,1228.8135593220338,677500.0,0.070110701107011
3401,Kew,2017-08-26,House,1800000.0,4,2.0,2.0,191.0,9424.083769633507,1950000.0,-0.0769230769230769
3402,Kew,2017-08-26,House,3300000.0,4,3.0,2.0,741.0,4453.441295546559,1950000.0,0.6923076923076923
3403,Kew,2017-08-26,House,1750000.0,3,2.0,2.0,431.0,4060.324825986079,1950000.0,-0.1025641025641025
3404,Kew,2017-08-26,House,3450000.0,5,2.0,2.0,668.0,5164.670658682635,1950000.0,0.7692307692307693
3405,Kew,2017-08-26,House,2045000.0,4,3.0,2.0,523.0,3910.133843212237,1950000.0,0.0487179487179487
3406,Kew,2017-08-26,House,2200000.0,3,2.0,4.0,650.0,3384.6153846153848,1950000.0,0.1282051282051282
3407,Moonee Ponds,2017-08-26,Unit,435000.0,2,1.0,1.0,1475.0,294.91525423728814,1240000.0,-0.6491935483870968
3408,Moonee Ponds,2017-08-26,House,1525000.0,4,3.0,0.0,233.0,6545.064377682404,1240000.0,0.2298387096774193
3409,Moonee Ponds,2017-08-26,House,1305000.0,4,1.0,1.0,449.0,2906.458797327394,1240000.0,0.0524193548387096
3410,Northcote,2017-08-26,House,1118000.0,2,2.0,1.0,173.0,6462.42774566474,1302500.0,-0.1416506717850288
3411,Pascoe Vale,2017-08-26,House,1260000.0,4,2.0,4.0,578.0,2179.9307958477507,770000.0,0.6363636363636364
3412,Preston,2017-08-26,House,910000.0,3,1.0,2.0,276.0,3297.1014492753625,910000.0,0.0
3413,Reservoir,2017-08-26,Townhouse,640000.0,3,1.0,1.0,224.0,2857.1428571428573,705000.0,-0.0921985815602836
3414,Reservoir,2017-08-26,House,1112000.0,4,2.0,10.0,1002.0,1109.7804391217564,705000.0,0.577304964539007
3415,Reservoir,2017-08-26,House,852000.0,4,3.0,2.0,527.0,1616.698292220114,705000.0,0.2085106382978723
3416,Reservoir,2017-08-26,House,800000.0,3,1.0,2.0,585.0,1367.5213675213674,705000.0,0.1347517730496454
3417,Reservoir,2017-08-26,Unit,625500.0,2,1.0,2.0,343.0,1823.6151603498545,705000.0,-0.1127659574468085
3418,Richmond,2017-08-26,House,1800000.0,4,1.0,4.0,418.0,4306.2200956937795,1200000.0,0.5
3419,Yarraville,2017-08-26,House,1285000.0,4,1.0,1.0,362.0,3549.723756906077,982500.0,0.3078880407124681
